<?xml version="1.0" encoding="UTF-8"?>
<gpx creator="coachAI (Strava route + BRouter splice)" version="1.1" xmlns="http://www.topografix.com/GPX/1/1">
 <metadata><name>Raid J3 Ognes - Saint-Martin-sur-le-Pre (v2)</name></metadata>
 <trk>
  <name>Raid J3 Ognes - Saint-Martin-sur-le-Pre (v2)</name>
  <type>cycling</type>
  <trkseg>
   <trkpt lat="49.609680" lon="3.186620">
    <ele>53.5</ele>
   </trkpt>
   <trkpt lat="49.609360" lon="3.186990">
    <ele>53.2</ele>
   </trkpt>
   <trkpt lat="49.608680" lon="3.187690">
    <ele>53.5</ele>
   </trkpt>
   <trkpt lat="49.609000" lon="3.188670">
    <ele>53.5</ele>
   </trkpt>
   <trkpt lat="49.609485" lon="3.189770">
    <ele>54.1</ele>
   </trkpt>
   <trkpt lat="49.609970" lon="3.190870">
    <ele>54.7</ele>
   </trkpt>
   <trkpt lat="49.610070" lon="3.191140">
    <ele>54.8</ele>
   </trkpt>
   <trkpt lat="49.610190" lon="3.191870">
    <ele>54.7</ele>
   </trkpt>
   <trkpt lat="49.610313" lon="3.192940">
    <ele>53.3</ele>
   </trkpt>
   <trkpt lat="49.610437" lon="3.194010">
    <ele>53.1</ele>
   </trkpt>
   <trkpt lat="49.610560" lon="3.195080">
    <ele>52.9</ele>
   </trkpt>
   <trkpt lat="49.610695" lon="3.196070">
    <ele>51.4</ele>
   </trkpt>
   <trkpt lat="49.610830" lon="3.197060">
    <ele>51.6</ele>
   </trkpt>
   <trkpt lat="49.610945" lon="3.197965">
    <ele>49.6</ele>
   </trkpt>
   <trkpt lat="49.611060" lon="3.198870">
    <ele>46.6</ele>
   </trkpt>
   <trkpt lat="49.611240" lon="3.199300">
    <ele>45.8</ele>
   </trkpt>
   <trkpt lat="49.611380" lon="3.199530">
    <ele>45.8</ele>
   </trkpt>
   <trkpt lat="49.611960" lon="3.200170">
    <ele>44.7</ele>
   </trkpt>
   <trkpt lat="49.612090" lon="3.200370">
    <ele>44.4</ele>
   </trkpt>
   <trkpt lat="49.612430" lon="3.201530">
    <ele>44.0</ele>
   </trkpt>
   <trkpt lat="49.612625" lon="3.202655">
    <ele>44.0</ele>
   </trkpt>
   <trkpt lat="49.612820" lon="3.203780">
    <ele>43.7</ele>
   </trkpt>
   <trkpt lat="49.613135" lon="3.204765">
    <ele>43.5</ele>
   </trkpt>
   <trkpt lat="49.613450" lon="3.205750">
    <ele>43.3</ele>
   </trkpt>
   <trkpt lat="49.613500" lon="3.206060">
    <ele>43.3</ele>
   </trkpt>
   <trkpt lat="49.613530" lon="3.207090">
    <ele>43.5</ele>
   </trkpt>
   <trkpt lat="49.613590" lon="3.207430">
    <ele>43.3</ele>
   </trkpt>
   <trkpt lat="49.613800" lon="3.208290">
    <ele>43.3</ele>
   </trkpt>
   <trkpt lat="49.614120" lon="3.209410">
    <ele>43.9</ele>
   </trkpt>
   <trkpt lat="49.614260" lon="3.210370">
    <ele>44.7</ele>
   </trkpt>
   <trkpt lat="49.614380" lon="3.210910">
    <ele>46.1</ele>
   </trkpt>
   <trkpt lat="49.614590" lon="3.211610">
    <ele>48.3</ele>
   </trkpt>
   <trkpt lat="49.614740" lon="3.212060">
    <ele>49.1</ele>
   </trkpt>
   <trkpt lat="49.614870" lon="3.213180">
    <ele>49.9</ele>
   </trkpt>
   <trkpt lat="49.614870" lon="3.213770">
    <ele>50.0</ele>
   </trkpt>
   <trkpt lat="49.614820" lon="3.213810">
    <ele>49.8</ele>
   </trkpt>
   <trkpt lat="49.614800" lon="3.213890">
    <ele>49.8</ele>
   </trkpt>
   <trkpt lat="49.614750" lon="3.213890">
    <ele>49.2</ele>
   </trkpt>
   <trkpt lat="49.614140" lon="3.213450">
    <ele>45.3</ele>
   </trkpt>
   <trkpt lat="49.613560" lon="3.213125">
    <ele>43.3</ele>
   </trkpt>
   <trkpt lat="49.612980" lon="3.212800">
    <ele>42.7</ele>
   </trkpt>
   <trkpt lat="49.612870" lon="3.212700">
    <ele>42.5</ele>
   </trkpt>
   <trkpt lat="49.612820" lon="3.212710">
    <ele>42.5</ele>
   </trkpt>
   <trkpt lat="49.612780" lon="3.212750">
    <ele>42.6</ele>
   </trkpt>
   <trkpt lat="49.612599" lon="3.213432">
    <ele>42.8</ele>
   </trkpt>
   <trkpt lat="49.612418" lon="3.214111">
    <ele>43.0</ele>
   </trkpt>
   <trkpt lat="49.612368" lon="3.214280">
    <ele>43.0</ele>
   </trkpt>
   <trkpt lat="49.612301" lon="3.214387">
    <ele>43.0</ele>
   </trkpt>
   <trkpt lat="49.611898" lon="3.214777">
    <ele>43.0</ele>
   </trkpt>
   <trkpt lat="49.611775" lon="3.214954">
    <ele>43.0</ele>
   </trkpt>
   <trkpt lat="49.611702" lon="3.215063">
    <ele>43.0</ele>
   </trkpt>
   <trkpt lat="49.611193" lon="3.215789">
    <ele>43.0</ele>
   </trkpt>
   <trkpt lat="49.611104" lon="3.216021">
    <ele>43.0</ele>
   </trkpt>
   <trkpt lat="49.611071" lon="3.216107">
    <ele>43.0</ele>
   </trkpt>
   <trkpt lat="49.611044" lon="3.216191">
    <ele>43.0</ele>
   </trkpt>
   <trkpt lat="49.611018" lon="3.216269">
    <ele>43.0</ele>
   </trkpt>
   <trkpt lat="49.610829" lon="3.216789">
    <ele>43.2</ele>
   </trkpt>
   <trkpt lat="49.610670" lon="3.217230">
    <ele>43.0</ele>
   </trkpt>
   <trkpt lat="49.610572" lon="3.217560">
    <ele>43.8</ele>
   </trkpt>
   <trkpt lat="49.610531" lon="3.217848">
    <ele>43.8</ele>
   </trkpt>
   <trkpt lat="49.610501" lon="3.218249">
    <ele>43.8</ele>
   </trkpt>
   <trkpt lat="49.610482" lon="3.218547">
    <ele>44.0</ele>
   </trkpt>
   <trkpt lat="49.610479" lon="3.218712">
    <ele>44.0</ele>
   </trkpt>
   <trkpt lat="49.610494" lon="3.218856">
    <ele>44.0</ele>
   </trkpt>
   <trkpt lat="49.610508" lon="3.219096">
    <ele>44.5</ele>
   </trkpt>
   <trkpt lat="49.610517" lon="3.219246">
    <ele>45.0</ele>
   </trkpt>
   <trkpt lat="49.610501" lon="3.219281">
    <ele>45.0</ele>
   </trkpt>
   <trkpt lat="49.610485" lon="3.219365">
    <ele>45.2</ele>
   </trkpt>
   <trkpt lat="49.610408" lon="3.219478">
    <ele>45.2</ele>
   </trkpt>
   <trkpt lat="49.610243" lon="3.219669">
    <ele>45.2</ele>
   </trkpt>
   <trkpt lat="49.609825" lon="3.220103">
    <ele>45.2</ele>
   </trkpt>
   <trkpt lat="49.609641" lon="3.220294">
    <ele>44.8</ele>
   </trkpt>
   <trkpt lat="49.609622" lon="3.220314">
    <ele>44.8</ele>
   </trkpt>
   <trkpt lat="49.609273" lon="3.220676">
    <ele>44.0</ele>
   </trkpt>
   <trkpt lat="49.608996" lon="3.220964">
    <ele>43.8</ele>
   </trkpt>
   <trkpt lat="49.608986" lon="3.220975">
    <ele>43.8</ele>
   </trkpt>
   <trkpt lat="49.608629" lon="3.221360">
    <ele>45.8</ele>
   </trkpt>
   <trkpt lat="49.608428" lon="3.221548">
    <ele>44.5</ele>
   </trkpt>
   <trkpt lat="49.608178" lon="3.221773">
    <ele>44.8</ele>
   </trkpt>
   <trkpt lat="49.608163" lon="3.221789">
    <ele>44.8</ele>
   </trkpt>
   <trkpt lat="49.608051" lon="3.221880">
    <ele>44.8</ele>
   </trkpt>
   <trkpt lat="49.607938" lon="3.221966">
    <ele>44.5</ele>
   </trkpt>
   <trkpt lat="49.607915" lon="3.221983">
    <ele>44.2</ele>
   </trkpt>
   <trkpt lat="49.607316" lon="3.222457">
    <ele>45.0</ele>
   </trkpt>
   <trkpt lat="49.607174" lon="3.222555">
    <ele>44.8</ele>
   </trkpt>
   <trkpt lat="49.607063" lon="3.222631">
    <ele>43.8</ele>
   </trkpt>
   <trkpt lat="49.606988" lon="3.222673">
    <ele>43.0</ele>
   </trkpt>
   <trkpt lat="49.606754" lon="3.222820">
    <ele>44.5</ele>
   </trkpt>
   <trkpt lat="49.606616" lon="3.222908">
    <ele>45.2</ele>
   </trkpt>
   <trkpt lat="49.606436" lon="3.223011">
    <ele>45.5</ele>
   </trkpt>
   <trkpt lat="49.606077" lon="3.223215">
    <ele>44.8</ele>
   </trkpt>
   <trkpt lat="49.605686" lon="3.223444">
    <ele>44.0</ele>
   </trkpt>
   <trkpt lat="49.604967" lon="3.223818">
    <ele>44.0</ele>
   </trkpt>
   <trkpt lat="49.604586" lon="3.224006">
    <ele>44.0</ele>
   </trkpt>
   <trkpt lat="49.604361" lon="3.224072">
    <ele>44.0</ele>
   </trkpt>
   <trkpt lat="49.604265" lon="3.224082">
    <ele>44.2</ele>
   </trkpt>
   <trkpt lat="49.604249" lon="3.224061">
    <ele>44.2</ele>
   </trkpt>
   <trkpt lat="49.604187" lon="3.224023">
    <ele>44.2</ele>
   </trkpt>
   <trkpt lat="49.604120" lon="3.224015">
    <ele>44.2</ele>
   </trkpt>
   <trkpt lat="49.604055" lon="3.224039">
    <ele>44.2</ele>
   </trkpt>
   <trkpt lat="49.603998" lon="3.224093">
    <ele>44.2</ele>
   </trkpt>
   <trkpt lat="49.603953" lon="3.224170">
    <ele>44.0</ele>
   </trkpt>
   <trkpt lat="49.603894" lon="3.224253">
    <ele>44.0</ele>
   </trkpt>
   <trkpt lat="49.603820" lon="3.224326">
    <ele>44.0</ele>
   </trkpt>
   <trkpt lat="49.603706" lon="3.224409">
    <ele>44.0</ele>
   </trkpt>
   <trkpt lat="49.600612" lon="3.225943">
    <ele>44.0</ele>
   </trkpt>
   <trkpt lat="49.600272" lon="3.226120">
    <ele>44.0</ele>
   </trkpt>
   <trkpt lat="49.600100" lon="3.226251">
    <ele>44.5</ele>
   </trkpt>
   <trkpt lat="49.599933" lon="3.226403">
    <ele>44.0</ele>
   </trkpt>
   <trkpt lat="49.599895" lon="3.226441">
    <ele>43.5</ele>
   </trkpt>
   <trkpt lat="49.599566" lon="3.226791">
    <ele>43.2</ele>
   </trkpt>
   <trkpt lat="49.599242" lon="3.227232">
    <ele>44.0</ele>
   </trkpt>
   <trkpt lat="49.598882" lon="3.227720">
    <ele>44.0</ele>
   </trkpt>
   <trkpt lat="49.598312" lon="3.228493">
    <ele>44.0</ele>
   </trkpt>
   <trkpt lat="49.598216" lon="3.228603">
    <ele>44.0</ele>
   </trkpt>
   <trkpt lat="49.598086" lon="3.228712">
    <ele>44.0</ele>
   </trkpt>
   <trkpt lat="49.597931" lon="3.228804">
    <ele>43.8</ele>
   </trkpt>
   <trkpt lat="49.597720" lon="3.228876">
    <ele>43.8</ele>
   </trkpt>
   <trkpt lat="49.597495" lon="3.228934">
    <ele>44.0</ele>
   </trkpt>
   <trkpt lat="49.597120" lon="3.229053">
    <ele>44.0</ele>
   </trkpt>
   <trkpt lat="49.596822" lon="3.229199">
    <ele>44.0</ele>
   </trkpt>
   <trkpt lat="49.596593" lon="3.229336">
    <ele>44.0</ele>
   </trkpt>
   <trkpt lat="49.596362" lon="3.229510">
    <ele>44.0</ele>
   </trkpt>
   <trkpt lat="49.596075" lon="3.229773">
    <ele>44.0</ele>
   </trkpt>
   <trkpt lat="49.595773" lon="3.230144">
    <ele>44.0</ele>
   </trkpt>
   <trkpt lat="49.595550" lon="3.230494">
    <ele>44.0</ele>
   </trkpt>
   <trkpt lat="49.595415" lon="3.230719">
    <ele>44.5</ele>
   </trkpt>
   <trkpt lat="49.595292" lon="3.230932">
    <ele>44.8</ele>
   </trkpt>
   <trkpt lat="49.595063" lon="3.231292">
    <ele>45.0</ele>
   </trkpt>
   <trkpt lat="49.594918" lon="3.231495">
    <ele>45.0</ele>
   </trkpt>
   <trkpt lat="49.594359" lon="3.232208">
    <ele>46.2</ele>
   </trkpt>
   <trkpt lat="49.593446" lon="3.233183">
    <ele>48.5</ele>
   </trkpt>
   <trkpt lat="49.592996" lon="3.233606">
    <ele>49.0</ele>
   </trkpt>
   <trkpt lat="49.592831" lon="3.233710">
    <ele>49.8</ele>
   </trkpt>
   <trkpt lat="49.591635" lon="3.234335">
    <ele>52.5</ele>
   </trkpt>
   <trkpt lat="49.591519" lon="3.234393">
    <ele>52.5</ele>
   </trkpt>
   <trkpt lat="49.591398" lon="3.234487">
    <ele>52.8</ele>
   </trkpt>
   <trkpt lat="49.591287" lon="3.234585">
    <ele>53.5</ele>
   </trkpt>
   <trkpt lat="49.591191" lon="3.234697">
    <ele>53.8</ele>
   </trkpt>
   <trkpt lat="49.591029" lon="3.234937">
    <ele>54.2</ele>
   </trkpt>
   <trkpt lat="49.589942" lon="3.236725">
    <ele>58.2</ele>
   </trkpt>
   <trkpt lat="49.589907" lon="3.236777">
    <ele>58.5</ele>
   </trkpt>
   <trkpt lat="49.589696" lon="3.237132">
    <ele>59.8</ele>
   </trkpt>
   <trkpt lat="49.589306" lon="3.237706">
    <ele>61.8</ele>
   </trkpt>
   <trkpt lat="49.588941" lon="3.238103">
    <ele>63.0</ele>
   </trkpt>
   <trkpt lat="49.588552" lon="3.238480">
    <ele>64.5</ele>
   </trkpt>
   <trkpt lat="49.588269" lon="3.238704">
    <ele>65.2</ele>
   </trkpt>
   <trkpt lat="49.587397" lon="3.238998">
    <ele>67.2</ele>
   </trkpt>
   <trkpt lat="49.586006" lon="3.239472">
    <ele>69.2</ele>
   </trkpt>
   <trkpt lat="49.585870" lon="3.239512">
    <ele>69.8</ele>
   </trkpt>
   <trkpt lat="49.585741" lon="3.239554">
    <ele>70.0</ele>
   </trkpt>
   <trkpt lat="49.585331" lon="3.239720">
    <ele>69.0</ele>
   </trkpt>
   <trkpt lat="49.585045" lon="3.239787">
    <ele>69.0</ele>
   </trkpt>
   <trkpt lat="49.584216" lon="3.239990">
    <ele>67.0</ele>
   </trkpt>
   <trkpt lat="49.584046" lon="3.240033">
    <ele>67.0</ele>
   </trkpt>
   <trkpt lat="49.582919" lon="3.240328">
    <ele>65.8</ele>
   </trkpt>
   <trkpt lat="49.582546" lon="3.240474">
    <ele>65.0</ele>
   </trkpt>
   <trkpt lat="49.582310" lon="3.240633">
    <ele>64.0</ele>
   </trkpt>
   <trkpt lat="49.581514" lon="3.241290">
    <ele>61.2</ele>
   </trkpt>
   <trkpt lat="49.581208" lon="3.241605">
    <ele>60.8</ele>
   </trkpt>
   <trkpt lat="49.580529" lon="3.242515">
    <ele>59.8</ele>
   </trkpt>
   <trkpt lat="49.579562" lon="3.243842">
    <ele>60.8</ele>
   </trkpt>
   <trkpt lat="49.579348" lon="3.244090">
    <ele>61.0</ele>
   </trkpt>
   <trkpt lat="49.579094" lon="3.244331">
    <ele>61.2</ele>
   </trkpt>
   <trkpt lat="49.577935" lon="3.245129">
    <ele>62.2</ele>
   </trkpt>
   <trkpt lat="49.577863" lon="3.245178">
    <ele>62.0</ele>
   </trkpt>
   <trkpt lat="49.577836" lon="3.245198">
    <ele>62.0</ele>
   </trkpt>
   <trkpt lat="49.577756" lon="3.245250">
    <ele>61.8</ele>
   </trkpt>
   <trkpt lat="49.577609" lon="3.245308">
    <ele>62.0</ele>
   </trkpt>
   <trkpt lat="49.577294" lon="3.245545">
    <ele>62.0</ele>
   </trkpt>
   <trkpt lat="49.577194" lon="3.245649">
    <ele>61.8</ele>
   </trkpt>
   <trkpt lat="49.576655" lon="3.246033">
    <ele>60.5</ele>
   </trkpt>
   <trkpt lat="49.576342" lon="3.246277">
    <ele>60.2</ele>
   </trkpt>
   <trkpt lat="49.574720" lon="3.247764">
    <ele>57.0</ele>
   </trkpt>
   <trkpt lat="49.574455" lon="3.248018">
    <ele>57.8</ele>
   </trkpt>
   <trkpt lat="49.574403" lon="3.248066">
    <ele>58.2</ele>
   </trkpt>
   <trkpt lat="49.574325" lon="3.248138">
    <ele>59.0</ele>
   </trkpt>
   <trkpt lat="49.574045" lon="3.248383">
    <ele>60.2</ele>
   </trkpt>
   <trkpt lat="49.573739" lon="3.248585">
    <ele>61.5</ele>
   </trkpt>
   <trkpt lat="49.572590" lon="3.249095">
    <ele>64.8</ele>
   </trkpt>
   <trkpt lat="49.572485" lon="3.249151">
    <ele>65.0</ele>
   </trkpt>
   <trkpt lat="49.572371" lon="3.249229">
    <ele>65.0</ele>
   </trkpt>
   <trkpt lat="49.572266" lon="3.249300">
    <ele>65.0</ele>
   </trkpt>
   <trkpt lat="49.571421" lon="3.249866">
    <ele>65.5</ele>
   </trkpt>
   <trkpt lat="49.571398" lon="3.249882">
    <ele>65.2</ele>
   </trkpt>
   <trkpt lat="49.571221" lon="3.250007">
    <ele>64.2</ele>
   </trkpt>
   <trkpt lat="49.570941" lon="3.250142">
    <ele>64.2</ele>
   </trkpt>
   <trkpt lat="49.570423" lon="3.250329">
    <ele>63.0</ele>
   </trkpt>
   <trkpt lat="49.569018" lon="3.250832">
    <ele>60.2</ele>
   </trkpt>
   <trkpt lat="49.568940" lon="3.250860">
    <ele>60.2</ele>
   </trkpt>
   <trkpt lat="49.567905" lon="3.251234">
    <ele>57.8</ele>
   </trkpt>
   <trkpt lat="49.566736" lon="3.251656">
    <ele>55.5</ele>
   </trkpt>
   <trkpt lat="49.566586" lon="3.251751">
    <ele>55.8</ele>
   </trkpt>
   <trkpt lat="49.566474" lon="3.251862">
    <ele>55.8</ele>
   </trkpt>
   <trkpt lat="49.566352" lon="3.252037">
    <ele>55.5</ele>
   </trkpt>
   <trkpt lat="49.565237" lon="3.253966">
    <ele>59.0</ele>
   </trkpt>
   <trkpt lat="49.565058" lon="3.253921">
    <ele>59.0</ele>
   </trkpt>
   <trkpt lat="49.564989" lon="3.253919">
    <ele>58.8</ele>
   </trkpt>
   <trkpt lat="49.564856" lon="3.253955">
    <ele>58.5</ele>
   </trkpt>
   <trkpt lat="49.562410" lon="3.254749">
    <ele>60.0</ele>
   </trkpt>
   <trkpt lat="49.562203" lon="3.254779">
    <ele>60.0</ele>
   </trkpt>
   <trkpt lat="49.562018" lon="3.254772">
    <ele>60.0</ele>
   </trkpt>
   <trkpt lat="49.561807" lon="3.254721">
    <ele>60.2</ele>
   </trkpt>
   <trkpt lat="49.560619" lon="3.254192">
    <ele>61.0</ele>
   </trkpt>
   <trkpt lat="49.560416" lon="3.254148">
    <ele>61.0</ele>
   </trkpt>
   <trkpt lat="49.560161" lon="3.254144">
    <ele>60.8</ele>
   </trkpt>
   <trkpt lat="49.558638" lon="3.254306">
    <ele>59.0</ele>
   </trkpt>
   <trkpt lat="49.558077" lon="3.254341">
    <ele>58.0</ele>
   </trkpt>
   <trkpt lat="49.556924" lon="3.254170">
    <ele>55.8</ele>
   </trkpt>
   <trkpt lat="49.556552" lon="3.254100">
    <ele>55.0</ele>
   </trkpt>
   <trkpt lat="49.555957" lon="3.253975">
    <ele>53.8</ele>
   </trkpt>
   <trkpt lat="49.555236" lon="3.253937">
    <ele>53.0</ele>
   </trkpt>
   <trkpt lat="49.554609" lon="3.253819">
    <ele>52.8</ele>
   </trkpt>
   <trkpt lat="49.554450" lon="3.253758">
    <ele>52.8</ele>
   </trkpt>
   <trkpt lat="49.554359" lon="3.253571">
    <ele>53.0</ele>
   </trkpt>
   <trkpt lat="49.554284" lon="3.253182">
    <ele>52.5</ele>
   </trkpt>
   <trkpt lat="49.554234" lon="3.253027">
    <ele>52.0</ele>
   </trkpt>
   <trkpt lat="49.554124" lon="3.252847">
    <ele>52.0</ele>
   </trkpt>
   <trkpt lat="49.554031" lon="3.252766">
    <ele>52.2</ele>
   </trkpt>
   <trkpt lat="49.552635" lon="3.251986">
    <ele>53.0</ele>
   </trkpt>
   <trkpt lat="49.552402" lon="3.251810">
    <ele>53.0</ele>
   </trkpt>
   <trkpt lat="49.552218" lon="3.251632">
    <ele>53.0</ele>
   </trkpt>
   <trkpt lat="49.551996" lon="3.251374">
    <ele>53.8</ele>
   </trkpt>
   <trkpt lat="49.551657" lon="3.250883">
    <ele>54.0</ele>
   </trkpt>
   <trkpt lat="49.551330" lon="3.250553">
    <ele>54.0</ele>
   </trkpt>
   <trkpt lat="49.551038" lon="3.250360">
    <ele>55.2</ele>
   </trkpt>
   <trkpt lat="49.550276" lon="3.249877">
    <ele>56.0</ele>
   </trkpt>
   <trkpt lat="49.549952" lon="3.249701">
    <ele>56.0</ele>
   </trkpt>
   <trkpt lat="49.549179" lon="3.249624">
    <ele>56.2</ele>
   </trkpt>
   <trkpt lat="49.548098" lon="3.249473">
    <ele>55.0</ele>
   </trkpt>
   <trkpt lat="49.546686" lon="3.249379">
    <ele>53.2</ele>
   </trkpt>
   <trkpt lat="49.546515" lon="3.249336">
    <ele>53.0</ele>
   </trkpt>
   <trkpt lat="49.545796" lon="3.249055">
    <ele>50.2</ele>
   </trkpt>
   <trkpt lat="49.545559" lon="3.249022">
    <ele>49.5</ele>
   </trkpt>
   <trkpt lat="49.545220" lon="3.249094">
    <ele>47.8</ele>
   </trkpt>
   <trkpt lat="49.545032" lon="3.249121">
    <ele>47.0</ele>
   </trkpt>
   <trkpt lat="49.545060" lon="3.249362">
    <ele>47.0</ele>
   </trkpt>
   <trkpt lat="49.545051" lon="3.249513">
    <ele>47.0</ele>
   </trkpt>
   <trkpt lat="49.544769" lon="3.250023">
    <ele>49.0</ele>
   </trkpt>
   <trkpt lat="49.544445" lon="3.250406">
    <ele>50.2</ele>
   </trkpt>
   <trkpt lat="49.544186" lon="3.250681">
    <ele>51.0</ele>
   </trkpt>
   <trkpt lat="49.543569" lon="3.251281">
    <ele>48.8</ele>
   </trkpt>
   <trkpt lat="49.542555" lon="3.252045">
    <ele>51.2</ele>
   </trkpt>
   <trkpt lat="49.541841" lon="3.252645">
    <ele>53.5</ele>
   </trkpt>
   <trkpt lat="49.541407" lon="3.252968">
    <ele>54.0</ele>
   </trkpt>
   <trkpt lat="49.540752" lon="3.253275">
    <ele>54.0</ele>
   </trkpt>
   <trkpt lat="49.540559" lon="3.253466">
    <ele>54.0</ele>
   </trkpt>
   <trkpt lat="49.540540" lon="3.254497">
    <ele>55.0</ele>
   </trkpt>
   <trkpt lat="49.540520" lon="3.254854">
    <ele>56.0</ele>
   </trkpt>
   <trkpt lat="49.540500" lon="3.255093">
    <ele>56.0</ele>
   </trkpt>
   <trkpt lat="49.540486" lon="3.255310">
    <ele>56.0</ele>
   </trkpt>
   <trkpt lat="49.540290" lon="3.256192">
    <ele>56.2</ele>
   </trkpt>
   <trkpt lat="49.540131" lon="3.256912">
    <ele>56.2</ele>
   </trkpt>
   <trkpt lat="49.540108" lon="3.257168">
    <ele>56.2</ele>
   </trkpt>
   <trkpt lat="49.540070" lon="3.257367">
    <ele>56.2</ele>
   </trkpt>
   <trkpt lat="49.539949" lon="3.257806">
    <ele>56.8</ele>
   </trkpt>
   <trkpt lat="49.539776" lon="3.258237">
    <ele>56.5</ele>
   </trkpt>
   <trkpt lat="49.539674" lon="3.258427">
    <ele>56.8</ele>
   </trkpt>
   <trkpt lat="49.539416" lon="3.258788">
    <ele>56.8</ele>
   </trkpt>
   <trkpt lat="49.537915" lon="3.260525">
    <ele>55.2</ele>
   </trkpt>
   <trkpt lat="49.537571" lon="3.260951">
    <ele>54.5</ele>
   </trkpt>
   <trkpt lat="49.537409" lon="3.261187">
    <ele>54.5</ele>
   </trkpt>
   <trkpt lat="49.537235" lon="3.261500">
    <ele>54.0</ele>
   </trkpt>
   <trkpt lat="49.536891" lon="3.262285">
    <ele>53.8</ele>
   </trkpt>
   <trkpt lat="49.536776" lon="3.262476">
    <ele>53.2</ele>
   </trkpt>
   <trkpt lat="49.536684" lon="3.262585">
    <ele>53.0</ele>
   </trkpt>
   <trkpt lat="49.536546" lon="3.262705">
    <ele>52.0</ele>
   </trkpt>
   <trkpt lat="49.536415" lon="3.262786">
    <ele>51.0</ele>
   </trkpt>
   <trkpt lat="49.536311" lon="3.262822">
    <ele>50.5</ele>
   </trkpt>
   <trkpt lat="49.535818" lon="3.262994">
    <ele>48.0</ele>
   </trkpt>
   <trkpt lat="49.535451" lon="3.263175">
    <ele>46.5</ele>
   </trkpt>
   <trkpt lat="49.535210" lon="3.263394">
    <ele>46.0</ele>
   </trkpt>
   <trkpt lat="49.534944" lon="3.263804">
    <ele>46.0</ele>
   </trkpt>
   <trkpt lat="49.534578" lon="3.264441">
    <ele>47.8</ele>
   </trkpt>
   <trkpt lat="49.534336" lon="3.264817">
    <ele>48.2</ele>
   </trkpt>
   <trkpt lat="49.533300" lon="3.266145">
    <ele>48.0</ele>
   </trkpt>
   <trkpt lat="49.532670" lon="3.267102">
    <ele>48.8</ele>
   </trkpt>
   <trkpt lat="49.531740" lon="3.268326">
    <ele>49.0</ele>
   </trkpt>
   <trkpt lat="49.530022" lon="3.270933">
    <ele>49.2</ele>
   </trkpt>
   <trkpt lat="49.529283" lon="3.272185">
    <ele>49.8</ele>
   </trkpt>
   <trkpt lat="49.528361" lon="3.273829">
    <ele>52.8</ele>
   </trkpt>
   <trkpt lat="49.527941" lon="3.274611">
    <ele>51.8</ele>
   </trkpt>
   <trkpt lat="49.527730" lon="3.275065">
    <ele>51.5</ele>
   </trkpt>
   <trkpt lat="49.527624" lon="3.275385">
    <ele>51.0</ele>
   </trkpt>
   <trkpt lat="49.527546" lon="3.275772">
    <ele>50.2</ele>
   </trkpt>
   <trkpt lat="49.527511" lon="3.276257">
    <ele>49.5</ele>
   </trkpt>
   <trkpt lat="49.527504" lon="3.276972">
    <ele>48.8</ele>
   </trkpt>
   <trkpt lat="49.527488" lon="3.277236">
    <ele>48.0</ele>
   </trkpt>
   <trkpt lat="49.527431" lon="3.277466">
    <ele>48.0</ele>
   </trkpt>
   <trkpt lat="49.527356" lon="3.277637">
    <ele>48.0</ele>
   </trkpt>
   <trkpt lat="49.527152" lon="3.277964">
    <ele>47.8</ele>
   </trkpt>
   <trkpt lat="49.527018" lon="3.278223">
    <ele>48.0</ele>
   </trkpt>
   <trkpt lat="49.526815" lon="3.278725">
    <ele>48.5</ele>
   </trkpt>
   <trkpt lat="49.526662" lon="3.279048">
    <ele>49.5</ele>
   </trkpt>
   <trkpt lat="49.526109" lon="3.279872">
    <ele>52.0</ele>
   </trkpt>
   <trkpt lat="49.525425" lon="3.281285">
    <ele>55.0</ele>
   </trkpt>
   <trkpt lat="49.525222" lon="3.281651">
    <ele>55.8</ele>
   </trkpt>
   <trkpt lat="49.524850" lon="3.282249">
    <ele>56.0</ele>
   </trkpt>
   <trkpt lat="49.524579" lon="3.282566">
    <ele>57.0</ele>
   </trkpt>
   <trkpt lat="49.524399" lon="3.282716">
    <ele>56.8</ele>
   </trkpt>
   <trkpt lat="49.524259" lon="3.282799">
    <ele>57.0</ele>
   </trkpt>
   <trkpt lat="49.522369" lon="3.283893">
    <ele>56.5</ele>
   </trkpt>
   <trkpt lat="49.522109" lon="3.284006">
    <ele>56.0</ele>
   </trkpt>
   <trkpt lat="49.521842" lon="3.284048">
    <ele>55.5</ele>
   </trkpt>
   <trkpt lat="49.521516" lon="3.284061">
    <ele>55.0</ele>
   </trkpt>
   <trkpt lat="49.521351" lon="3.284103">
    <ele>55.0</ele>
   </trkpt>
   <trkpt lat="49.521155" lon="3.284196">
    <ele>55.0</ele>
   </trkpt>
   <trkpt lat="49.520969" lon="3.284324">
    <ele>55.8</ele>
   </trkpt>
   <trkpt lat="49.520761" lon="3.284566">
    <ele>56.5</ele>
   </trkpt>
   <trkpt lat="49.520709" lon="3.284610">
    <ele>56.8</ele>
   </trkpt>
   <trkpt lat="49.520671" lon="3.284616">
    <ele>56.8</ele>
   </trkpt>
   <trkpt lat="49.520681" lon="3.284872">
    <ele>57.0</ele>
   </trkpt>
   <trkpt lat="49.520707" lon="3.286165">
    <ele>58.0</ele>
   </trkpt>
   <trkpt lat="49.520708" lon="3.286212">
    <ele>58.0</ele>
   </trkpt>
   <trkpt lat="49.520719" lon="3.286887">
    <ele>58.0</ele>
   </trkpt>
   <trkpt lat="49.520702" lon="3.287161">
    <ele>57.5</ele>
   </trkpt>
   <trkpt lat="49.520617" lon="3.287738">
    <ele>57.8</ele>
   </trkpt>
   <trkpt lat="49.520606" lon="3.287860">
    <ele>58.0</ele>
   </trkpt>
   <trkpt lat="49.520585" lon="3.288057">
    <ele>57.8</ele>
   </trkpt>
   <trkpt lat="49.520611" lon="3.288347">
    <ele>58.0</ele>
   </trkpt>
   <trkpt lat="49.520607" lon="3.288460">
    <ele>58.0</ele>
   </trkpt>
   <trkpt lat="49.520586" lon="3.288524">
    <ele>58.0</ele>
   </trkpt>
   <trkpt lat="49.520576" lon="3.288655">
    <ele>58.0</ele>
   </trkpt>
   <trkpt lat="49.520584" lon="3.288705">
    <ele>58.0</ele>
   </trkpt>
   <trkpt lat="49.520593" lon="3.288753">
    <ele>58.0</ele>
   </trkpt>
   <trkpt lat="49.520655" lon="3.288870">
    <ele>58.0</ele>
   </trkpt>
   <trkpt lat="49.520718" lon="3.288917">
    <ele>57.8</ele>
   </trkpt>
   <trkpt lat="49.520753" lon="3.288927">
    <ele>57.8</ele>
   </trkpt>
   <trkpt lat="49.520812" lon="3.288966">
    <ele>57.5</ele>
   </trkpt>
   <trkpt lat="49.520843" lon="3.289025">
    <ele>57.5</ele>
   </trkpt>
   <trkpt lat="49.520883" lon="3.289119">
    <ele>57.2</ele>
   </trkpt>
   <trkpt lat="49.520913" lon="3.289235">
    <ele>57.2</ele>
   </trkpt>
   <trkpt lat="49.520935" lon="3.289353">
    <ele>57.8</ele>
   </trkpt>
   <trkpt lat="49.520937" lon="3.289476">
    <ele>57.8</ele>
   </trkpt>
   <trkpt lat="49.520918" lon="3.289615">
    <ele>57.5</ele>
   </trkpt>
   <trkpt lat="49.520867" lon="3.289886">
    <ele>57.0</ele>
   </trkpt>
   <trkpt lat="49.520829" lon="3.290152">
    <ele>56.8</ele>
   </trkpt>
   <trkpt lat="49.520815" lon="3.290299">
    <ele>56.8</ele>
   </trkpt>
   <trkpt lat="49.520813" lon="3.290509">
    <ele>56.8</ele>
   </trkpt>
   <trkpt lat="49.520848" lon="3.291769">
    <ele>57.0</ele>
   </trkpt>
   <trkpt lat="49.520855" lon="3.292354">
    <ele>56.0</ele>
   </trkpt>
   <trkpt lat="49.520873" lon="3.293137">
    <ele>56.0</ele>
   </trkpt>
   <trkpt lat="49.520885" lon="3.293473">
    <ele>56.0</ele>
   </trkpt>
   <trkpt lat="49.520911" lon="3.294484">
    <ele>56.8</ele>
   </trkpt>
   <trkpt lat="49.520947" lon="3.297000">
    <ele>57.2</ele>
   </trkpt>
   <trkpt lat="49.520961" lon="3.297214">
    <ele>57.2</ele>
   </trkpt>
   <trkpt lat="49.521008" lon="3.297630">
    <ele>57.5</ele>
   </trkpt>
   <trkpt lat="49.521040" lon="3.297834">
    <ele>57.5</ele>
   </trkpt>
   <trkpt lat="49.521094" lon="3.298104">
    <ele>57.8</ele>
   </trkpt>
   <trkpt lat="49.521163" lon="3.298365">
    <ele>57.8</ele>
   </trkpt>
   <trkpt lat="49.521219" lon="3.298526">
    <ele>57.5</ele>
   </trkpt>
   <trkpt lat="49.521296" lon="3.298716">
    <ele>57.2</ele>
   </trkpt>
   <trkpt lat="49.521774" lon="3.299706">
    <ele>57.0</ele>
   </trkpt>
   <trkpt lat="49.522156" lon="3.300486">
    <ele>56.8</ele>
   </trkpt>
   <trkpt lat="49.522462" lon="3.301085">
    <ele>56.8</ele>
   </trkpt>
   <trkpt lat="49.522842" lon="3.301790">
    <ele>56.5</ele>
   </trkpt>
   <trkpt lat="49.522908" lon="3.301919">
    <ele>56.0</ele>
   </trkpt>
   <trkpt lat="49.523059" lon="3.302289">
    <ele>57.0</ele>
   </trkpt>
   <trkpt lat="49.523345" lon="3.303126">
    <ele>59.0</ele>
   </trkpt>
   <trkpt lat="49.523467" lon="3.303474">
    <ele>59.2</ele>
   </trkpt>
   <trkpt lat="49.523839" lon="3.304408">
    <ele>61.5</ele>
   </trkpt>
   <trkpt lat="49.524016" lon="3.304874">
    <ele>62.0</ele>
   </trkpt>
   <trkpt lat="49.524588" lon="3.306382">
    <ele>63.5</ele>
   </trkpt>
   <trkpt lat="49.524666" lon="3.306588">
    <ele>63.0</ele>
   </trkpt>
   <trkpt lat="49.525124" lon="3.307751">
    <ele>62.2</ele>
   </trkpt>
   <trkpt lat="49.525240" lon="3.308085">
    <ele>62.0</ele>
   </trkpt>
   <trkpt lat="49.525460" lon="3.308807">
    <ele>61.8</ele>
   </trkpt>
   <trkpt lat="49.525584" lon="3.309281">
    <ele>61.0</ele>
   </trkpt>
   <trkpt lat="49.525712" lon="3.309731">
    <ele>61.0</ele>
   </trkpt>
   <trkpt lat="49.525760" lon="3.309917">
    <ele>61.0</ele>
   </trkpt>
   <trkpt lat="49.525808" lon="3.310108">
    <ele>60.8</ele>
   </trkpt>
   <trkpt lat="49.525864" lon="3.310323">
    <ele>60.8</ele>
   </trkpt>
   <trkpt lat="49.526158" lon="3.311470">
    <ele>60.2</ele>
   </trkpt>
   <trkpt lat="49.526206" lon="3.311654">
    <ele>59.2</ele>
   </trkpt>
   <trkpt lat="49.526612" lon="3.313193">
    <ele>60.0</ele>
   </trkpt>
   <trkpt lat="49.526839" lon="3.314005">
    <ele>60.0</ele>
   </trkpt>
   <trkpt lat="49.527057" lon="3.314823">
    <ele>61.0</ele>
   </trkpt>
   <trkpt lat="49.527105" lon="3.315114">
    <ele>61.0</ele>
   </trkpt>
   <trkpt lat="49.527136" lon="3.315381">
    <ele>61.2</ele>
   </trkpt>
   <trkpt lat="49.527144" lon="3.315576">
    <ele>61.5</ele>
   </trkpt>
   <trkpt lat="49.527147" lon="3.315755">
    <ele>61.8</ele>
   </trkpt>
   <trkpt lat="49.527158" lon="3.315837">
    <ele>62.0</ele>
   </trkpt>
   <trkpt lat="49.526654" lon="3.316133">
    <ele>61.8</ele>
   </trkpt>
   <trkpt lat="49.525810" lon="3.316602">
    <ele>61.5</ele>
   </trkpt>
   <trkpt lat="49.525174" lon="3.316961">
    <ele>62.0</ele>
   </trkpt>
   <trkpt lat="49.525075" lon="3.317001">
    <ele>62.0</ele>
   </trkpt>
   <trkpt lat="49.524995" lon="3.317003">
    <ele>62.0</ele>
   </trkpt>
   <trkpt lat="49.524919" lon="3.316981">
    <ele>62.0</ele>
   </trkpt>
   <trkpt lat="49.524842" lon="3.316936">
    <ele>61.8</ele>
   </trkpt>
   <trkpt lat="49.524767" lon="3.316849">
    <ele>61.8</ele>
   </trkpt>
   <trkpt lat="49.524615" lon="3.316663">
    <ele>62.2</ele>
   </trkpt>
   <trkpt lat="49.524559" lon="3.316595">
    <ele>62.2</ele>
   </trkpt>
   <trkpt lat="49.524194" lon="3.316100">
    <ele>61.8</ele>
   </trkpt>
   <trkpt lat="49.523927" lon="3.315639">
    <ele>63.2</ele>
   </trkpt>
   <trkpt lat="49.523759" lon="3.315389">
    <ele>63.8</ele>
   </trkpt>
   <trkpt lat="49.523662" lon="3.315269">
    <ele>63.8</ele>
   </trkpt>
   <trkpt lat="49.523554" lon="3.315169">
    <ele>63.8</ele>
   </trkpt>
   <trkpt lat="49.523409" lon="3.315078">
    <ele>64.0</ele>
   </trkpt>
   <trkpt lat="49.523361" lon="3.315059">
    <ele>64.2</ele>
   </trkpt>
   <trkpt lat="49.523285" lon="3.315027">
    <ele>64.0</ele>
   </trkpt>
   <trkpt lat="49.523113" lon="3.314968">
    <ele>63.8</ele>
   </trkpt>
   <trkpt lat="49.522949" lon="3.314936">
    <ele>64.0</ele>
   </trkpt>
   <trkpt lat="49.522088" lon="3.314802">
    <ele>62.5</ele>
   </trkpt>
   <trkpt lat="49.521927" lon="3.314764">
    <ele>62.2</ele>
   </trkpt>
   <trkpt lat="49.521639" lon="3.314671">
    <ele>61.5</ele>
   </trkpt>
   <trkpt lat="49.521276" lon="3.314518">
    <ele>61.0</ele>
   </trkpt>
   <trkpt lat="49.521017" lon="3.314451">
    <ele>61.0</ele>
   </trkpt>
   <trkpt lat="49.520912" lon="3.314437">
    <ele>60.8</ele>
   </trkpt>
   <trkpt lat="49.520737" lon="3.314461">
    <ele>61.0</ele>
   </trkpt>
   <trkpt lat="49.520602" lon="3.314522">
    <ele>61.2</ele>
   </trkpt>
   <trkpt lat="49.520210" lon="3.314859">
    <ele>61.5</ele>
   </trkpt>
   <trkpt lat="49.520079" lon="3.314960">
    <ele>61.8</ele>
   </trkpt>
   <trkpt lat="49.519956" lon="3.315037">
    <ele>62.5</ele>
   </trkpt>
   <trkpt lat="49.519844" lon="3.315070">
    <ele>63.2</ele>
   </trkpt>
   <trkpt lat="49.519624" lon="3.315102">
    <ele>63.5</ele>
   </trkpt>
   <trkpt lat="49.519329" lon="3.315125">
    <ele>63.2</ele>
   </trkpt>
   <trkpt lat="49.519194" lon="3.315149">
    <ele>63.5</ele>
   </trkpt>
   <trkpt lat="49.519113" lon="3.315173">
    <ele>63.2</ele>
   </trkpt>
   <trkpt lat="49.519026" lon="3.315214">
    <ele>63.2</ele>
   </trkpt>
   <trkpt lat="49.518948" lon="3.315264">
    <ele>63.2</ele>
   </trkpt>
   <trkpt lat="49.518848" lon="3.315353">
    <ele>63.0</ele>
   </trkpt>
   <trkpt lat="49.518750" lon="3.315464">
    <ele>63.0</ele>
   </trkpt>
   <trkpt lat="49.518594" lon="3.315662">
    <ele>63.0</ele>
   </trkpt>
   <trkpt lat="49.518468" lon="3.315877">
    <ele>62.8</ele>
   </trkpt>
   <trkpt lat="49.518361" lon="3.316149">
    <ele>64.0</ele>
   </trkpt>
   <trkpt lat="49.518269" lon="3.316452">
    <ele>63.5</ele>
   </trkpt>
   <trkpt lat="49.518213" lon="3.316668">
    <ele>63.5</ele>
   </trkpt>
   <trkpt lat="49.518118" lon="3.316990">
    <ele>64.0</ele>
   </trkpt>
   <trkpt lat="49.518067" lon="3.317309">
    <ele>64.2</ele>
   </trkpt>
   <trkpt lat="49.518006" lon="3.317881">
    <ele>64.0</ele>
   </trkpt>
   <trkpt lat="49.517979" lon="3.318248">
    <ele>65.0</ele>
   </trkpt>
   <trkpt lat="49.517945" lon="3.318841">
    <ele>65.5</ele>
   </trkpt>
   <trkpt lat="49.517912" lon="3.319131">
    <ele>65.2</ele>
   </trkpt>
   <trkpt lat="49.517824" lon="3.319527">
    <ele>65.2</ele>
   </trkpt>
   <trkpt lat="49.517743" lon="3.319793">
    <ele>65.5</ele>
   </trkpt>
   <trkpt lat="49.517656" lon="3.320016">
    <ele>65.0</ele>
   </trkpt>
   <trkpt lat="49.517550" lon="3.320246">
    <ele>64.5</ele>
   </trkpt>
   <trkpt lat="49.517481" lon="3.320370">
    <ele>64.5</ele>
   </trkpt>
   <trkpt lat="49.517308" lon="3.320636">
    <ele>64.0</ele>
   </trkpt>
   <trkpt lat="49.516892" lon="3.321152">
    <ele>63.0</ele>
   </trkpt>
   <trkpt lat="49.516662" lon="3.321375">
    <ele>61.8</ele>
   </trkpt>
   <trkpt lat="49.516486" lon="3.321459">
    <ele>61.2</ele>
   </trkpt>
   <trkpt lat="49.516490" lon="3.321515">
    <ele>61.2</ele>
   </trkpt>
   <trkpt lat="49.516486" lon="3.321587">
    <ele>61.2</ele>
   </trkpt>
   <trkpt lat="49.516459" lon="3.321749">
    <ele>61.2</ele>
   </trkpt>
   <trkpt lat="49.516410" lon="3.322006">
    <ele>61.0</ele>
   </trkpt>
   <trkpt lat="49.516334" lon="3.322480">
    <ele>61.5</ele>
   </trkpt>
   <trkpt lat="49.516274" lon="3.322786">
    <ele>61.0</ele>
   </trkpt>
   <trkpt lat="49.516224" lon="3.323091">
    <ele>60.8</ele>
   </trkpt>
   <trkpt lat="49.516130" lon="3.323690">
    <ele>61.9</ele>
   </trkpt>
   <trkpt lat="49.516080" lon="3.324410">
    <ele>62.0</ele>
   </trkpt>
   <trkpt lat="49.516080" lon="3.325130">
    <ele>63.0</ele>
   </trkpt>
   <trkpt lat="49.516090" lon="3.325500">
    <ele>63.3</ele>
   </trkpt>
   <trkpt lat="49.516140" lon="3.325890">
    <ele>63.4</ele>
   </trkpt>
   <trkpt lat="49.516410" lon="3.326640">
    <ele>64.2</ele>
   </trkpt>
   <trkpt lat="49.516570" lon="3.327020">
    <ele>64.0</ele>
   </trkpt>
   <trkpt lat="49.516610" lon="3.327270">
    <ele>64.0</ele>
   </trkpt>
   <trkpt lat="49.516580" lon="3.327370">
    <ele>63.3</ele>
   </trkpt>
   <trkpt lat="49.516530" lon="3.327450">
    <ele>63.3</ele>
   </trkpt>
   <trkpt lat="49.516380" lon="3.327580">
    <ele>63.0</ele>
   </trkpt>
   <trkpt lat="49.516270" lon="3.327650">
    <ele>62.8</ele>
   </trkpt>
   <trkpt lat="49.516130" lon="3.327810">
    <ele>62.5</ele>
   </trkpt>
   <trkpt lat="49.515970" lon="3.327940">
    <ele>62.2</ele>
   </trkpt>
   <trkpt lat="49.515270" lon="3.328410">
    <ele>61.2</ele>
   </trkpt>
   <trkpt lat="49.515170" lon="3.328470">
    <ele>61.2</ele>
   </trkpt>
   <trkpt lat="49.515130" lon="3.328510">
    <ele>61.2</ele>
   </trkpt>
   <trkpt lat="49.515070" lon="3.328630">
    <ele>61.1</ele>
   </trkpt>
   <trkpt lat="49.515050" lon="3.328760">
    <ele>61.1</ele>
   </trkpt>
   <trkpt lat="49.515070" lon="3.329030">
    <ele>61.2</ele>
   </trkpt>
   <trkpt lat="49.515280" lon="3.329993">
    <ele>62.8</ele>
   </trkpt>
   <trkpt lat="49.515490" lon="3.330957">
    <ele>64.8</ele>
   </trkpt>
   <trkpt lat="49.515700" lon="3.331920">
    <ele>69.3</ele>
   </trkpt>
   <trkpt lat="49.515700" lon="3.332190">
    <ele>69.9</ele>
   </trkpt>
   <trkpt lat="49.515660" lon="3.332470">
    <ele>70.6</ele>
   </trkpt>
   <trkpt lat="49.515485" lon="3.333225">
    <ele>70.3</ele>
   </trkpt>
   <trkpt lat="49.515310" lon="3.333980">
    <ele>70.2</ele>
   </trkpt>
   <trkpt lat="49.515050" lon="3.334820">
    <ele>70.0</ele>
   </trkpt>
   <trkpt lat="49.514690" lon="3.335840">
    <ele>70.1</ele>
   </trkpt>
   <trkpt lat="49.514350" lon="3.336670">
    <ele>70.5</ele>
   </trkpt>
   <trkpt lat="49.514190" lon="3.336940">
    <ele>70.8</ele>
   </trkpt>
   <trkpt lat="49.513870" lon="3.337380">
    <ele>71.5</ele>
   </trkpt>
   <trkpt lat="49.513260" lon="3.338180">
    <ele>72.3</ele>
   </trkpt>
   <trkpt lat="49.512650" lon="3.338980">
    <ele>72.2</ele>
   </trkpt>
   <trkpt lat="49.512240" lon="3.339620">
    <ele>71.5</ele>
   </trkpt>
   <trkpt lat="49.512180" lon="3.339760">
    <ele>71.5</ele>
   </trkpt>
   <trkpt lat="49.512130" lon="3.340070">
    <ele>71.5</ele>
   </trkpt>
   <trkpt lat="49.512140" lon="3.340390">
    <ele>71.9</ele>
   </trkpt>
   <trkpt lat="49.512350" lon="3.341565">
    <ele>72.9</ele>
   </trkpt>
   <trkpt lat="49.512560" lon="3.342740">
    <ele>71.9</ele>
   </trkpt>
   <trkpt lat="49.512570" lon="3.343090">
    <ele>71.7</ele>
   </trkpt>
   <trkpt lat="49.512330" lon="3.343840">
    <ele>71.8</ele>
   </trkpt>
   <trkpt lat="49.512240" lon="3.344450">
    <ele>72.4</ele>
   </trkpt>
   <trkpt lat="49.512150" lon="3.344690">
    <ele>72.7</ele>
   </trkpt>
   <trkpt lat="49.511960" lon="3.344950">
    <ele>72.7</ele>
   </trkpt>
   <trkpt lat="49.511830" lon="3.345050">
    <ele>72.8</ele>
   </trkpt>
   <trkpt lat="49.511670" lon="3.345140">
    <ele>72.9</ele>
   </trkpt>
   <trkpt lat="49.511470" lon="3.345210">
    <ele>72.6</ele>
   </trkpt>
   <trkpt lat="49.510820" lon="3.345220">
    <ele>71.2</ele>
   </trkpt>
   <trkpt lat="49.510670" lon="3.345250">
    <ele>71.0</ele>
   </trkpt>
   <trkpt lat="49.510490" lon="3.345350">
    <ele>70.7</ele>
   </trkpt>
   <trkpt lat="49.510420" lon="3.345460">
    <ele>70.7</ele>
   </trkpt>
   <trkpt lat="49.510360" lon="3.345630">
    <ele>70.3</ele>
   </trkpt>
   <trkpt lat="49.510240" lon="3.346680">
    <ele>70.5</ele>
   </trkpt>
   <trkpt lat="49.510140" lon="3.347190">
    <ele>70.5</ele>
   </trkpt>
   <trkpt lat="49.509830" lon="3.348460">
    <ele>70.3</ele>
   </trkpt>
   <trkpt lat="49.509660" lon="3.349110">
    <ele>69.6</ele>
   </trkpt>
   <trkpt lat="49.509620" lon="3.349560">
    <ele>69.7</ele>
   </trkpt>
   <trkpt lat="49.509690" lon="3.350090">
    <ele>70.3</ele>
   </trkpt>
   <trkpt lat="49.509790" lon="3.350570">
    <ele>71.3</ele>
   </trkpt>
   <trkpt lat="49.510100" lon="3.351580">
    <ele>72.4</ele>
   </trkpt>
   <trkpt lat="49.510160" lon="3.351820">
    <ele>72.4</ele>
   </trkpt>
   <trkpt lat="49.510180" lon="3.351960">
    <ele>72.8</ele>
   </trkpt>
   <trkpt lat="49.510150" lon="3.352310">
    <ele>72.8</ele>
   </trkpt>
   <trkpt lat="49.509890" lon="3.353000">
    <ele>73.6</ele>
   </trkpt>
   <trkpt lat="49.509740" lon="3.353170">
    <ele>73.9</ele>
   </trkpt>
   <trkpt lat="49.509640" lon="3.353230">
    <ele>73.9</ele>
   </trkpt>
   <trkpt lat="49.509460" lon="3.353260">
    <ele>74.3</ele>
   </trkpt>
   <trkpt lat="49.509320" lon="3.353340">
    <ele>74.4</ele>
   </trkpt>
   <trkpt lat="49.509240" lon="3.353420">
    <ele>74.5</ele>
   </trkpt>
   <trkpt lat="49.509090" lon="3.353810">
    <ele>74.9</ele>
   </trkpt>
   <trkpt lat="49.508950" lon="3.354340">
    <ele>74.4</ele>
   </trkpt>
   <trkpt lat="49.508860" lon="3.354480">
    <ele>73.8</ele>
   </trkpt>
   <trkpt lat="49.508790" lon="3.354520">
    <ele>73.8</ele>
   </trkpt>
   <trkpt lat="49.508690" lon="3.354540">
    <ele>73.5</ele>
   </trkpt>
   <trkpt lat="49.508040" lon="3.354390">
    <ele>73.4</ele>
   </trkpt>
   <trkpt lat="49.507830" lon="3.354440">
    <ele>73.4</ele>
   </trkpt>
   <trkpt lat="49.507850" lon="3.354570">
    <ele>72.9</ele>
   </trkpt>
   <trkpt lat="49.507785" lon="3.355945">
    <ele>72.9</ele>
   </trkpt>
   <trkpt lat="49.507720" lon="3.357320">
    <ele>72.8</ele>
   </trkpt>
   <trkpt lat="49.507675" lon="3.358010">
    <ele>73.2</ele>
   </trkpt>
   <trkpt lat="49.507630" lon="3.358700">
    <ele>73.7</ele>
   </trkpt>
   <trkpt lat="49.507530" lon="3.359600">
    <ele>74.4</ele>
   </trkpt>
   <trkpt lat="49.507490" lon="3.359810">
    <ele>74.3</ele>
   </trkpt>
   <trkpt lat="49.507380" lon="3.360200">
    <ele>73.1</ele>
   </trkpt>
   <trkpt lat="49.507080" lon="3.361100">
    <ele>71.9</ele>
   </trkpt>
   <trkpt lat="49.506970" lon="3.361570">
    <ele>71.7</ele>
   </trkpt>
   <trkpt lat="49.506860" lon="3.362510">
    <ele>71.2</ele>
   </trkpt>
   <trkpt lat="49.506700" lon="3.363340">
    <ele>70.4</ele>
   </trkpt>
   <trkpt lat="49.506660" lon="3.363680">
    <ele>70.4</ele>
   </trkpt>
   <trkpt lat="49.506680" lon="3.364090">
    <ele>70.5</ele>
   </trkpt>
   <trkpt lat="49.506760" lon="3.364460">
    <ele>70.5</ele>
   </trkpt>
   <trkpt lat="49.506860" lon="3.364750">
    <ele>70.5</ele>
   </trkpt>
   <trkpt lat="49.507165" lon="3.365555">
    <ele>71.2</ele>
   </trkpt>
   <trkpt lat="49.507470" lon="3.366360">
    <ele>72.2</ele>
   </trkpt>
   <trkpt lat="49.507540" lon="3.366450">
    <ele>72.2</ele>
   </trkpt>
   <trkpt lat="49.507640" lon="3.366480">
    <ele>72.9</ele>
   </trkpt>
   <trkpt lat="49.507950" lon="3.366370">
    <ele>73.0</ele>
   </trkpt>
   <trkpt lat="49.508050" lon="3.366370">
    <ele>73.1</ele>
   </trkpt>
   <trkpt lat="49.508490" lon="3.366730">
    <ele>73.0</ele>
   </trkpt>
   <trkpt lat="49.508690" lon="3.366930">
    <ele>72.8</ele>
   </trkpt>
   <trkpt lat="49.508770" lon="3.367100">
    <ele>72.6</ele>
   </trkpt>
   <trkpt lat="49.508860" lon="3.367670">
    <ele>72.4</ele>
   </trkpt>
   <trkpt lat="49.508990" lon="3.367960">
    <ele>72.4</ele>
   </trkpt>
   <trkpt lat="49.509460" lon="3.368620">
    <ele>72.5</ele>
   </trkpt>
   <trkpt lat="49.510070" lon="3.369330">
    <ele>73.8</ele>
   </trkpt>
   <trkpt lat="49.510260" lon="3.369580">
    <ele>73.8</ele>
   </trkpt>
   <trkpt lat="49.510360" lon="3.369750">
    <ele>74.0</ele>
   </trkpt>
   <trkpt lat="49.510430" lon="3.369930">
    <ele>74.1</ele>
   </trkpt>
   <trkpt lat="49.510480" lon="3.370140">
    <ele>74.1</ele>
   </trkpt>
   <trkpt lat="49.510630" lon="3.370990">
    <ele>74.0</ele>
   </trkpt>
   <trkpt lat="49.510830" lon="3.372000">
    <ele>73.0</ele>
   </trkpt>
   <trkpt lat="49.510910" lon="3.372260">
    <ele>72.8</ele>
   </trkpt>
   <trkpt lat="49.511110" lon="3.372730">
    <ele>72.5</ele>
   </trkpt>
   <trkpt lat="49.511680" lon="3.373530">
    <ele>71.7</ele>
   </trkpt>
   <trkpt lat="49.511770" lon="3.373630">
    <ele>71.4</ele>
   </trkpt>
   <trkpt lat="49.511900" lon="3.373710">
    <ele>71.3</ele>
   </trkpt>
   <trkpt lat="49.512040" lon="3.373720">
    <ele>71.3</ele>
   </trkpt>
   <trkpt lat="49.512590" lon="3.373520">
    <ele>71.4</ele>
   </trkpt>
   <trkpt lat="49.512740" lon="3.373510">
    <ele>71.6</ele>
   </trkpt>
   <trkpt lat="49.513630" lon="3.373570">
    <ele>75.4</ele>
   </trkpt>
   <trkpt lat="49.514380" lon="3.373800">
    <ele>78.5</ele>
   </trkpt>
   <trkpt lat="49.514470" lon="3.373920">
    <ele>78.6</ele>
   </trkpt>
   <trkpt lat="49.514550" lon="3.374070">
    <ele>78.6</ele>
   </trkpt>
   <trkpt lat="49.514730" lon="3.374800">
    <ele>78.1</ele>
   </trkpt>
   <trkpt lat="49.514950" lon="3.375440">
    <ele>78.2</ele>
   </trkpt>
   <trkpt lat="49.515110" lon="3.375790">
    <ele>78.7</ele>
   </trkpt>
   <trkpt lat="49.515360" lon="3.376170">
    <ele>79.3</ele>
   </trkpt>
   <trkpt lat="49.515530" lon="3.376470">
    <ele>80.3</ele>
   </trkpt>
   <trkpt lat="49.515590" lon="3.376700">
    <ele>81.2</ele>
   </trkpt>
   <trkpt lat="49.515660" lon="3.377110">
    <ele>82.6</ele>
   </trkpt>
   <trkpt lat="49.515810" lon="3.377690">
    <ele>83.6</ele>
   </trkpt>
   <trkpt lat="49.515780" lon="3.378350">
    <ele>83.6</ele>
   </trkpt>
   <trkpt lat="49.515700" lon="3.378760">
    <ele>83.1</ele>
   </trkpt>
   <trkpt lat="49.515590" lon="3.379140">
    <ele>83.1</ele>
   </trkpt>
   <trkpt lat="49.515550" lon="3.379490">
    <ele>83.2</ele>
   </trkpt>
   <trkpt lat="49.515590" lon="3.379880">
    <ele>83.4</ele>
   </trkpt>
   <trkpt lat="49.515745" lon="3.380640">
    <ele>83.0</ele>
   </trkpt>
   <trkpt lat="49.515900" lon="3.381400">
    <ele>81.3</ele>
   </trkpt>
   <trkpt lat="49.516100" lon="3.382160">
    <ele>80.8</ele>
   </trkpt>
   <trkpt lat="49.516300" lon="3.382920">
    <ele>81.4</ele>
   </trkpt>
   <trkpt lat="49.516577" lon="3.384070">
    <ele>83.4</ele>
   </trkpt>
   <trkpt lat="49.516853" lon="3.385220">
    <ele>85.7</ele>
   </trkpt>
   <trkpt lat="49.517130" lon="3.386370">
    <ele>89.5</ele>
   </trkpt>
   <trkpt lat="49.517170" lon="3.386620">
    <ele>89.3</ele>
   </trkpt>
   <trkpt lat="49.517170" lon="3.386800">
    <ele>89.3</ele>
   </trkpt>
   <trkpt lat="49.516330" lon="3.387020">
    <ele>86.0</ele>
   </trkpt>
   <trkpt lat="49.516060" lon="3.387140">
    <ele>84.5</ele>
   </trkpt>
   <trkpt lat="49.515960" lon="3.387210">
    <ele>84.1</ele>
   </trkpt>
   <trkpt lat="49.515770" lon="3.387390">
    <ele>83.7</ele>
   </trkpt>
   <trkpt lat="49.515570" lon="3.387700">
    <ele>83.3</ele>
   </trkpt>
   <trkpt lat="49.515275" lon="3.388355">
    <ele>82.9</ele>
   </trkpt>
   <trkpt lat="49.514980" lon="3.389010">
    <ele>82.8</ele>
   </trkpt>
   <trkpt lat="49.514567" lon="3.389977">
    <ele>82.2</ele>
   </trkpt>
   <trkpt lat="49.514153" lon="3.390943">
    <ele>79.7</ele>
   </trkpt>
   <trkpt lat="49.513740" lon="3.391910">
    <ele>77.5</ele>
   </trkpt>
   <trkpt lat="49.513430" lon="3.392610">
    <ele>75.7</ele>
   </trkpt>
   <trkpt lat="49.513120" lon="3.393310">
    <ele>74.6</ele>
   </trkpt>
   <trkpt lat="49.512800" lon="3.393835">
    <ele>73.2</ele>
   </trkpt>
   <trkpt lat="49.512480" lon="3.394360">
    <ele>72.2</ele>
   </trkpt>
   <trkpt lat="49.512020" lon="3.395090">
    <ele>70.5</ele>
   </trkpt>
   <trkpt lat="49.511870" lon="3.395390">
    <ele>70.2</ele>
   </trkpt>
   <trkpt lat="49.511810" lon="3.395560">
    <ele>70.2</ele>
   </trkpt>
   <trkpt lat="49.511690" lon="3.396020">
    <ele>70.6</ele>
   </trkpt>
   <trkpt lat="49.511605" lon="3.396720">
    <ele>73.0</ele>
   </trkpt>
   <trkpt lat="49.511520" lon="3.397420">
    <ele>75.4</ele>
   </trkpt>
   <trkpt lat="49.511470" lon="3.398150">
    <ele>78.4</ele>
   </trkpt>
   <trkpt lat="49.511450" lon="3.398900">
    <ele>82.1</ele>
   </trkpt>
   <trkpt lat="49.511470" lon="3.399710">
    <ele>84.0</ele>
   </trkpt>
   <trkpt lat="49.511490" lon="3.400520">
    <ele>84.1</ele>
   </trkpt>
   <trkpt lat="49.511530" lon="3.401210">
    <ele>83.9</ele>
   </trkpt>
   <trkpt lat="49.511630" lon="3.402350">
    <ele>83.7</ele>
   </trkpt>
   <trkpt lat="49.511730" lon="3.403490">
    <ele>83.2</ele>
   </trkpt>
   <trkpt lat="49.511780" lon="3.404560">
    <ele>82.0</ele>
   </trkpt>
   <trkpt lat="49.511770" lon="3.405435">
    <ele>81.3</ele>
   </trkpt>
   <trkpt lat="49.511760" lon="3.406310">
    <ele>81.3</ele>
   </trkpt>
   <trkpt lat="49.511767" lon="3.407277">
    <ele>81.8</ele>
   </trkpt>
   <trkpt lat="49.511773" lon="3.408243">
    <ele>82.2</ele>
   </trkpt>
   <trkpt lat="49.511780" lon="3.409210">
    <ele>82.6</ele>
   </trkpt>
   <trkpt lat="49.511820" lon="3.409920">
    <ele>82.7</ele>
   </trkpt>
   <trkpt lat="49.511915" lon="3.410815">
    <ele>83.1</ele>
   </trkpt>
   <trkpt lat="49.512010" lon="3.411710">
    <ele>83.8</ele>
   </trkpt>
   <trkpt lat="49.512140" lon="3.412690">
    <ele>84.6</ele>
   </trkpt>
   <trkpt lat="49.512190" lon="3.413200">
    <ele>85.5</ele>
   </trkpt>
   <trkpt lat="49.512173" lon="3.414187">
    <ele>88.9</ele>
   </trkpt>
   <trkpt lat="49.512157" lon="3.415173">
    <ele>91.5</ele>
   </trkpt>
   <trkpt lat="49.512140" lon="3.416160">
    <ele>92.8</ele>
   </trkpt>
   <trkpt lat="49.512100" lon="3.416850">
    <ele>92.6</ele>
   </trkpt>
   <trkpt lat="49.512050" lon="3.417130">
    <ele>91.9</ele>
   </trkpt>
   <trkpt lat="49.511990" lon="3.417290">
    <ele>91.5</ele>
   </trkpt>
   <trkpt lat="49.511635" lon="3.418030">
    <ele>90.5</ele>
   </trkpt>
   <trkpt lat="49.511280" lon="3.418770">
    <ele>89.4</ele>
   </trkpt>
   <trkpt lat="49.510970" lon="3.419270">
    <ele>88.9</ele>
   </trkpt>
   <trkpt lat="49.510680" lon="3.419660">
    <ele>87.9</ele>
   </trkpt>
   <trkpt lat="49.510330" lon="3.420250">
    <ele>85.5</ele>
   </trkpt>
   <trkpt lat="49.509925" lon="3.421095">
    <ele>84.1</ele>
   </trkpt>
   <trkpt lat="49.509520" lon="3.421940">
    <ele>83.5</ele>
   </trkpt>
   <trkpt lat="49.509330" lon="3.422260">
    <ele>83.3</ele>
   </trkpt>
   <trkpt lat="49.508950" lon="3.422730">
    <ele>82.8</ele>
   </trkpt>
   <trkpt lat="49.508590" lon="3.423100">
    <ele>82.7</ele>
   </trkpt>
   <trkpt lat="49.508250" lon="3.423490">
    <ele>82.4</ele>
   </trkpt>
   <trkpt lat="49.507905" lon="3.423950">
    <ele>81.9</ele>
   </trkpt>
   <trkpt lat="49.507560" lon="3.424410">
    <ele>80.6</ele>
   </trkpt>
   <trkpt lat="49.507095" lon="3.424955">
    <ele>79.4</ele>
   </trkpt>
   <trkpt lat="49.506630" lon="3.425500">
    <ele>78.7</ele>
   </trkpt>
   <trkpt lat="49.506015" lon="3.426290">
    <ele>78.0</ele>
   </trkpt>
   <trkpt lat="49.505400" lon="3.427080">
    <ele>75.9</ele>
   </trkpt>
   <trkpt lat="49.504873" lon="3.427663">
    <ele>74.4</ele>
   </trkpt>
   <trkpt lat="49.504347" lon="3.428247">
    <ele>73.0</ele>
   </trkpt>
   <trkpt lat="49.503820" lon="3.428830">
    <ele>70.7</ele>
   </trkpt>
   <trkpt lat="49.503175" lon="3.429560">
    <ele>67.6</ele>
   </trkpt>
   <trkpt lat="49.502530" lon="3.430290">
    <ele>66.0</ele>
   </trkpt>
   <trkpt lat="49.502250" lon="3.430540">
    <ele>65.9</ele>
   </trkpt>
   <trkpt lat="49.502100" lon="3.430540">
    <ele>65.4</ele>
   </trkpt>
   <trkpt lat="49.502020" lon="3.430610">
    <ele>65.4</ele>
   </trkpt>
   <trkpt lat="49.501970" lon="3.430740">
    <ele>64.8</ele>
   </trkpt>
   <trkpt lat="49.501930" lon="3.430960">
    <ele>64.2</ele>
   </trkpt>
   <trkpt lat="49.501710" lon="3.431260">
    <ele>63.4</ele>
   </trkpt>
   <trkpt lat="49.501215" lon="3.431830">
    <ele>62.8</ele>
   </trkpt>
   <trkpt lat="49.500720" lon="3.432400">
    <ele>61.8</ele>
   </trkpt>
   <trkpt lat="49.500066" lon="3.433181">
    <ele>61.0</ele>
   </trkpt>
   <trkpt lat="49.499413" lon="3.433963">
    <ele>60.1</ele>
   </trkpt>
   <trkpt lat="49.498759" lon="3.434744">
    <ele>59.2</ele>
   </trkpt>
   <trkpt lat="49.498105" lon="3.435525">
    <ele>59.1</ele>
   </trkpt>
   <trkpt lat="49.497451" lon="3.436306">
    <ele>58.8</ele>
   </trkpt>
   <trkpt lat="49.496798" lon="3.437088">
    <ele>57.9</ele>
   </trkpt>
   <trkpt lat="49.496144" lon="3.437869">
    <ele>57.6</ele>
   </trkpt>
   <trkpt lat="49.495490" lon="3.438650">
    <ele>58.2</ele>
   </trkpt>
   <trkpt lat="49.494830" lon="3.439434">
    <ele>56.1</ele>
   </trkpt>
   <trkpt lat="49.494170" lon="3.440218">
    <ele>56.8</ele>
   </trkpt>
   <trkpt lat="49.493510" lon="3.441002">
    <ele>61.6</ele>
   </trkpt>
   <trkpt lat="49.492850" lon="3.441786">
    <ele>67.5</ele>
   </trkpt>
   <trkpt lat="49.492190" lon="3.442570">
    <ele>69.4</ele>
   </trkpt>
   <trkpt lat="49.491530" lon="3.443354">
    <ele>72.0</ele>
   </trkpt>
   <trkpt lat="49.490870" lon="3.444138">
    <ele>73.5</ele>
   </trkpt>
   <trkpt lat="49.490210" lon="3.444922">
    <ele>74.8</ele>
   </trkpt>
   <trkpt lat="49.489550" lon="3.445706">
    <ele>75.6</ele>
   </trkpt>
   <trkpt lat="49.488890" lon="3.446490">
    <ele>76.1</ele>
   </trkpt>
   <trkpt lat="49.488680" lon="3.446610">
    <ele>76.3</ele>
   </trkpt>
   <trkpt lat="49.488620" lon="3.446600">
    <ele>76.3</ele>
   </trkpt>
   <trkpt lat="49.488570" lon="3.446630">
    <ele>76.3</ele>
   </trkpt>
   <trkpt lat="49.488520" lon="3.446710">
    <ele>76.5</ele>
   </trkpt>
   <trkpt lat="49.488510" lon="3.446790">
    <ele>76.5</ele>
   </trkpt>
   <trkpt lat="49.488450" lon="3.446860">
    <ele>76.5</ele>
   </trkpt>
   <trkpt lat="49.488280" lon="3.447250">
    <ele>76.5</ele>
   </trkpt>
   <trkpt lat="49.487570" lon="3.447920">
    <ele>76.4</ele>
   </trkpt>
   <trkpt lat="49.487380" lon="3.448190">
    <ele>76.5</ele>
   </trkpt>
   <trkpt lat="49.487070" lon="3.448860">
    <ele>76.9</ele>
   </trkpt>
   <trkpt lat="49.486760" lon="3.449530">
    <ele>77.7</ele>
   </trkpt>
   <trkpt lat="49.486610" lon="3.449790">
    <ele>78.3</ele>
   </trkpt>
   <trkpt lat="49.486240" lon="3.450280">
    <ele>79.6</ele>
   </trkpt>
   <trkpt lat="49.485630" lon="3.451040">
    <ele>81.9</ele>
   </trkpt>
   <trkpt lat="49.485350" lon="3.451250">
    <ele>82.3</ele>
   </trkpt>
   <trkpt lat="49.484910" lon="3.451420">
    <ele>82.5</ele>
   </trkpt>
   <trkpt lat="49.484490" lon="3.451600">
    <ele>82.7</ele>
   </trkpt>
   <trkpt lat="49.484370" lon="3.451670">
    <ele>82.9</ele>
   </trkpt>
   <trkpt lat="49.484010" lon="3.451960">
    <ele>83.2</ele>
   </trkpt>
   <trkpt lat="49.483770" lon="3.452310">
    <ele>84.0</ele>
   </trkpt>
   <trkpt lat="49.483670" lon="3.452570">
    <ele>84.4</ele>
   </trkpt>
   <trkpt lat="49.483610" lon="3.452810">
    <ele>85.0</ele>
   </trkpt>
   <trkpt lat="49.483600" lon="3.452950">
    <ele>85.0</ele>
   </trkpt>
   <trkpt lat="49.483750" lon="3.454250">
    <ele>86.2</ele>
   </trkpt>
   <trkpt lat="49.483880" lon="3.454650">
    <ele>86.5</ele>
   </trkpt>
   <trkpt lat="49.483980" lon="3.455140">
    <ele>86.3</ele>
   </trkpt>
   <trkpt lat="49.484010" lon="3.455620">
    <ele>85.7</ele>
   </trkpt>
   <trkpt lat="49.483995" lon="3.456365">
    <ele>84.5</ele>
   </trkpt>
   <trkpt lat="49.483980" lon="3.457110">
    <ele>81.3</ele>
   </trkpt>
   <trkpt lat="49.483930" lon="3.457420">
    <ele>81.3</ele>
   </trkpt>
   <trkpt lat="49.483880" lon="3.457600">
    <ele>80.5</ele>
   </trkpt>
   <trkpt lat="49.483690" lon="3.457980">
    <ele>79.2</ele>
   </trkpt>
   <trkpt lat="49.483320" lon="3.458605">
    <ele>76.4</ele>
   </trkpt>
   <trkpt lat="49.482950" lon="3.459230">
    <ele>75.2</ele>
   </trkpt>
   <trkpt lat="49.482690" lon="3.459730">
    <ele>76.0</ele>
   </trkpt>
   <trkpt lat="49.482240" lon="3.460497">
    <ele>78.9</ele>
   </trkpt>
   <trkpt lat="49.481790" lon="3.461263">
    <ele>81.0</ele>
   </trkpt>
   <trkpt lat="49.481340" lon="3.462030">
    <ele>84.4</ele>
   </trkpt>
   <trkpt lat="49.480980" lon="3.462670">
    <ele>84.9</ele>
   </trkpt>
   <trkpt lat="49.480454" lon="3.463608">
    <ele>86.6</ele>
   </trkpt>
   <trkpt lat="49.479928" lon="3.464546">
    <ele>90.0</ele>
   </trkpt>
   <trkpt lat="49.479402" lon="3.465484">
    <ele>94.8</ele>
   </trkpt>
   <trkpt lat="49.478876" lon="3.466422">
    <ele>99.2</ele>
   </trkpt>
   <trkpt lat="49.478350" lon="3.467360">
    <ele>104.2</ele>
   </trkpt>
   <trkpt lat="49.477990" lon="3.467970">
    <ele>106.2</ele>
   </trkpt>
   <trkpt lat="49.477670" lon="3.468460">
    <ele>109.3</ele>
   </trkpt>
   <trkpt lat="49.477125" lon="3.469040">
    <ele>112.8</ele>
   </trkpt>
   <trkpt lat="49.476580" lon="3.469620">
    <ele>116.2</ele>
   </trkpt>
   <trkpt lat="49.476450" lon="3.469790">
    <ele>117.4</ele>
   </trkpt>
   <trkpt lat="49.476240" lon="3.470160">
    <ele>119.0</ele>
   </trkpt>
   <trkpt lat="49.476060" lon="3.470620">
    <ele>121.7</ele>
   </trkpt>
   <trkpt lat="49.476010" lon="3.470870">
    <ele>122.2</ele>
   </trkpt>
   <trkpt lat="49.475990" lon="3.471130">
    <ele>123.7</ele>
   </trkpt>
   <trkpt lat="49.476000" lon="3.471380">
    <ele>125.5</ele>
   </trkpt>
   <trkpt lat="49.476150" lon="3.472660">
    <ele>129.2</ele>
   </trkpt>
   <trkpt lat="49.476160" lon="3.472910">
    <ele>130.0</ele>
   </trkpt>
   <trkpt lat="49.476150" lon="3.473290">
    <ele>132.5</ele>
   </trkpt>
   <trkpt lat="49.476060" lon="3.474120">
    <ele>134.3</ele>
   </trkpt>
   <trkpt lat="49.475920" lon="3.475120">
    <ele>138.6</ele>
   </trkpt>
   <trkpt lat="49.475820" lon="3.475430">
    <ele>140.6</ele>
   </trkpt>
   <trkpt lat="49.475580" lon="3.476000">
    <ele>142.9</ele>
   </trkpt>
   <trkpt lat="49.475250" lon="3.476570">
    <ele>144.6</ele>
   </trkpt>
   <trkpt lat="49.475010" lon="3.476890">
    <ele>146.0</ele>
   </trkpt>
   <trkpt lat="49.474720" lon="3.477230">
    <ele>146.7</ele>
   </trkpt>
   <trkpt lat="49.474600" lon="3.477340">
    <ele>146.9</ele>
   </trkpt>
   <trkpt lat="49.473913" lon="3.477863">
    <ele>147.5</ele>
   </trkpt>
   <trkpt lat="49.473227" lon="3.478387">
    <ele>148.0</ele>
   </trkpt>
   <trkpt lat="49.472540" lon="3.478910">
    <ele>148.6</ele>
   </trkpt>
   <trkpt lat="49.472110" lon="3.479170">
    <ele>149.6</ele>
   </trkpt>
   <trkpt lat="49.471595" lon="3.479405">
    <ele>151.1</ele>
   </trkpt>
   <trkpt lat="49.471080" lon="3.479640">
    <ele>152.2</ele>
   </trkpt>
   <trkpt lat="49.470264" lon="3.479998">
    <ele>155.4</ele>
   </trkpt>
   <trkpt lat="49.469448" lon="3.480356">
    <ele>156.2</ele>
   </trkpt>
   <trkpt lat="49.468632" lon="3.480714">
    <ele>157.3</ele>
   </trkpt>
   <trkpt lat="49.467816" lon="3.481072">
    <ele>159.9</ele>
   </trkpt>
   <trkpt lat="49.467000" lon="3.481430">
    <ele>163.2</ele>
   </trkpt>
   <trkpt lat="49.466610" lon="3.481540">
    <ele>166.0</ele>
   </trkpt>
   <trkpt lat="49.466010" lon="3.481643">
    <ele>167.8</ele>
   </trkpt>
   <trkpt lat="49.465410" lon="3.481747">
    <ele>170.4</ele>
   </trkpt>
   <trkpt lat="49.464810" lon="3.481850">
    <ele>173.2</ele>
   </trkpt>
   <trkpt lat="49.464000" lon="3.482010">
    <ele>174.9</ele>
   </trkpt>
   <trkpt lat="49.463680" lon="3.482130">
    <ele>176.8</ele>
   </trkpt>
   <trkpt lat="49.462900" lon="3.482500">
    <ele>178.6</ele>
   </trkpt>
   <trkpt lat="49.462120" lon="3.482870">
    <ele>179.7</ele>
   </trkpt>
   <trkpt lat="49.461870" lon="3.482970">
    <ele>179.7</ele>
   </trkpt>
   <trkpt lat="49.461340" lon="3.483145">
    <ele>178.7</ele>
   </trkpt>
   <trkpt lat="49.460810" lon="3.483320">
    <ele>176.9</ele>
   </trkpt>
   <trkpt lat="49.460150" lon="3.483510">
    <ele>175.5</ele>
   </trkpt>
   <trkpt lat="49.460020" lon="3.483530">
    <ele>174.2</ele>
   </trkpt>
   <trkpt lat="49.459730" lon="3.483540">
    <ele>174.2</ele>
   </trkpt>
   <trkpt lat="49.458975" lon="3.483545">
    <ele>171.4</ele>
   </trkpt>
   <trkpt lat="49.458220" lon="3.483550">
    <ele>169.7</ele>
   </trkpt>
   <trkpt lat="49.457465" lon="3.483555">
    <ele>169.1</ele>
   </trkpt>
   <trkpt lat="49.456710" lon="3.483560">
    <ele>169.1</ele>
   </trkpt>
   <trkpt lat="49.456550" lon="3.483580">
    <ele>169.4</ele>
   </trkpt>
   <trkpt lat="49.456440" lon="3.483660">
    <ele>169.5</ele>
   </trkpt>
   <trkpt lat="49.456370" lon="3.483760">
    <ele>169.5</ele>
   </trkpt>
   <trkpt lat="49.455870" lon="3.484750">
    <ele>170.8</ele>
   </trkpt>
   <trkpt lat="49.455780" lon="3.485100">
    <ele>171.3</ele>
   </trkpt>
   <trkpt lat="49.455780" lon="3.485370">
    <ele>172.3</ele>
   </trkpt>
   <trkpt lat="49.455830" lon="3.485580">
    <ele>173.1</ele>
   </trkpt>
   <trkpt lat="49.455910" lon="3.485800">
    <ele>173.5</ele>
   </trkpt>
   <trkpt lat="49.456010" lon="3.485930">
    <ele>174.3</ele>
   </trkpt>
   <trkpt lat="49.456150" lon="3.486060">
    <ele>175.3</ele>
   </trkpt>
   <trkpt lat="49.456830" lon="3.486520">
    <ele>177.8</ele>
   </trkpt>
   <trkpt lat="49.456940" lon="3.486630">
    <ele>178.7</ele>
   </trkpt>
   <trkpt lat="49.457050" lon="3.486810">
    <ele>179.5</ele>
   </trkpt>
   <trkpt lat="49.457090" lon="3.486920">
    <ele>179.5</ele>
   </trkpt>
   <trkpt lat="49.457160" lon="3.487260">
    <ele>180.3</ele>
   </trkpt>
   <trkpt lat="49.457170" lon="3.487490">
    <ele>181.3</ele>
   </trkpt>
   <trkpt lat="49.457150" lon="3.488040">
    <ele>183.4</ele>
   </trkpt>
   <trkpt lat="49.457110" lon="3.488100">
    <ele>183.4</ele>
   </trkpt>
   <trkpt lat="49.457070" lon="3.488250">
    <ele>183.5</ele>
   </trkpt>
   <trkpt lat="49.457080" lon="3.488330">
    <ele>183.5</ele>
   </trkpt>
   <trkpt lat="49.456920" lon="3.488700">
    <ele>183.6</ele>
   </trkpt>
   <trkpt lat="49.456575" lon="3.489160">
    <ele>183.6</ele>
   </trkpt>
   <trkpt lat="49.456230" lon="3.489620">
    <ele>183.7</ele>
   </trkpt>
   <trkpt lat="49.455990" lon="3.489770">
    <ele>183.7</ele>
   </trkpt>
   <trkpt lat="49.455950" lon="3.489760">
    <ele>183.7</ele>
   </trkpt>
   <trkpt lat="49.455860" lon="3.489780">
    <ele>183.7</ele>
   </trkpt>
   <trkpt lat="49.455830" lon="3.489800">
    <ele>183.7</ele>
   </trkpt>
   <trkpt lat="49.455530" lon="3.489730">
    <ele>183.4</ele>
   </trkpt>
   <trkpt lat="49.455130" lon="3.489330">
    <ele>182.3</ele>
   </trkpt>
   <trkpt lat="49.454980" lon="3.489130">
    <ele>181.9</ele>
   </trkpt>
   <trkpt lat="49.454870" lon="3.488840">
    <ele>181.4</ele>
   </trkpt>
   <trkpt lat="49.454800" lon="3.488490">
    <ele>179.9</ele>
   </trkpt>
   <trkpt lat="49.454770" lon="3.487665">
    <ele>177.5</ele>
   </trkpt>
   <trkpt lat="49.454740" lon="3.486840">
    <ele>175.3</ele>
   </trkpt>
   <trkpt lat="49.454660" lon="3.486170">
    <ele>174.2</ele>
   </trkpt>
   <trkpt lat="49.454390" lon="3.485290">
    <ele>174.1</ele>
   </trkpt>
   <trkpt lat="49.454000" lon="3.485550">
    <ele>174.3</ele>
   </trkpt>
   <trkpt lat="49.453690" lon="3.485680">
    <ele>175.5</ele>
   </trkpt>
   <trkpt lat="49.452987" lon="3.485907">
    <ele>177.5</ele>
   </trkpt>
   <trkpt lat="49.452283" lon="3.486133">
    <ele>178.8</ele>
   </trkpt>
   <trkpt lat="49.451580" lon="3.486360">
    <ele>178.5</ele>
   </trkpt>
   <trkpt lat="49.451085" lon="3.486505">
    <ele>177.7</ele>
   </trkpt>
   <trkpt lat="49.450590" lon="3.486650">
    <ele>177.4</ele>
   </trkpt>
   <trkpt lat="49.449950" lon="3.486870">
    <ele>176.2</ele>
   </trkpt>
   <trkpt lat="49.449240" lon="3.487150">
    <ele>175.1</ele>
   </trkpt>
   <trkpt lat="49.448690" lon="3.487450">
    <ele>172.8</ele>
   </trkpt>
   <trkpt lat="49.448020" lon="3.487935">
    <ele>170.6</ele>
   </trkpt>
   <trkpt lat="49.447350" lon="3.488420">
    <ele>168.7</ele>
   </trkpt>
   <trkpt lat="49.446680" lon="3.488905">
    <ele>167.8</ele>
   </trkpt>
   <trkpt lat="49.446010" lon="3.489390">
    <ele>167.4</ele>
   </trkpt>
   <trkpt lat="49.445480" lon="3.489820">
    <ele>167.3</ele>
   </trkpt>
   <trkpt lat="49.445300" lon="3.490030">
    <ele>167.3</ele>
   </trkpt>
   <trkpt lat="49.445090" lon="3.490370">
    <ele>167.7</ele>
   </trkpt>
   <trkpt lat="49.444860" lon="3.490790">
    <ele>168.1</ele>
   </trkpt>
   <trkpt lat="49.444710" lon="3.491160">
    <ele>169.2</ele>
   </trkpt>
   <trkpt lat="49.444580" lon="3.491580">
    <ele>169.2</ele>
   </trkpt>
   <trkpt lat="49.444413" lon="3.492737">
    <ele>170.9</ele>
   </trkpt>
   <trkpt lat="49.444247" lon="3.493893">
    <ele>172.7</ele>
   </trkpt>
   <trkpt lat="49.444080" lon="3.495050">
    <ele>173.0</ele>
   </trkpt>
   <trkpt lat="49.443943" lon="3.496213">
    <ele>170.7</ele>
   </trkpt>
   <trkpt lat="49.443807" lon="3.497377">
    <ele>166.0</ele>
   </trkpt>
   <trkpt lat="49.443670" lon="3.498540">
    <ele>161.3</ele>
   </trkpt>
   <trkpt lat="49.443560" lon="3.499030">
    <ele>158.5</ele>
   </trkpt>
   <trkpt lat="49.443490" lon="3.499270">
    <ele>158.5</ele>
   </trkpt>
   <trkpt lat="49.443255" lon="3.499895">
    <ele>156.1</ele>
   </trkpt>
   <trkpt lat="49.443020" lon="3.500520">
    <ele>152.1</ele>
   </trkpt>
   <trkpt lat="49.442680" lon="3.501520">
    <ele>148.5</ele>
   </trkpt>
   <trkpt lat="49.442560" lon="3.501790">
    <ele>148.1</ele>
   </trkpt>
   <trkpt lat="49.442180" lon="3.502380">
    <ele>143.8</ele>
   </trkpt>
   <trkpt lat="49.441930" lon="3.502830">
    <ele>143.8</ele>
   </trkpt>
   <trkpt lat="49.441840" lon="3.503020">
    <ele>141.4</ele>
   </trkpt>
   <trkpt lat="49.441760" lon="3.503240">
    <ele>140.9</ele>
   </trkpt>
   <trkpt lat="49.441690" lon="3.503510">
    <ele>140.2</ele>
   </trkpt>
   <trkpt lat="49.441610" lon="3.503960">
    <ele>138.1</ele>
   </trkpt>
   <trkpt lat="49.441580" lon="3.504450">
    <ele>137.6</ele>
   </trkpt>
   <trkpt lat="49.441575" lon="3.505370">
    <ele>133.8</ele>
   </trkpt>
   <trkpt lat="49.441570" lon="3.506290">
    <ele>128.9</ele>
   </trkpt>
   <trkpt lat="49.441520" lon="3.506660">
    <ele>127.4</ele>
   </trkpt>
   <trkpt lat="49.441430" lon="3.507040">
    <ele>126.1</ele>
   </trkpt>
   <trkpt lat="49.441220" lon="3.507490">
    <ele>123.8</ele>
   </trkpt>
   <trkpt lat="49.440920" lon="3.508045">
    <ele>120.9</ele>
   </trkpt>
   <trkpt lat="49.440620" lon="3.508600">
    <ele>119.0</ele>
   </trkpt>
   <trkpt lat="49.440280" lon="3.509400">
    <ele>116.5</ele>
   </trkpt>
   <trkpt lat="49.440110" lon="3.509720">
    <ele>114.1</ele>
   </trkpt>
   <trkpt lat="49.439890" lon="3.510060">
    <ele>113.0</ele>
   </trkpt>
   <trkpt lat="49.439750" lon="3.510230">
    <ele>111.8</ele>
   </trkpt>
   <trkpt lat="49.439470" lon="3.510470">
    <ele>110.7</ele>
   </trkpt>
   <trkpt lat="49.439370" lon="3.510500">
    <ele>110.2</ele>
   </trkpt>
   <trkpt lat="49.439210" lon="3.510480">
    <ele>109.6</ele>
   </trkpt>
   <trkpt lat="49.439060" lon="3.510410">
    <ele>108.7</ele>
   </trkpt>
   <trkpt lat="49.438990" lon="3.510340">
    <ele>108.7</ele>
   </trkpt>
   <trkpt lat="49.438880" lon="3.510180">
    <ele>107.7</ele>
   </trkpt>
   <trkpt lat="49.438620" lon="3.509490">
    <ele>105.0</ele>
   </trkpt>
   <trkpt lat="49.438510" lon="3.509260">
    <ele>104.6</ele>
   </trkpt>
   <trkpt lat="49.438380" lon="3.509130">
    <ele>102.5</ele>
   </trkpt>
   <trkpt lat="49.438300" lon="3.509090">
    <ele>102.5</ele>
   </trkpt>
   <trkpt lat="49.438150" lon="3.509060">
    <ele>101.7</ele>
   </trkpt>
   <trkpt lat="49.438060" lon="3.509080">
    <ele>100.7</ele>
   </trkpt>
   <trkpt lat="49.437920" lon="3.509160">
    <ele>100.7</ele>
   </trkpt>
   <trkpt lat="49.437840" lon="3.509240">
    <ele>98.7</ele>
   </trkpt>
   <trkpt lat="49.437360" lon="3.510060">
    <ele>94.4</ele>
   </trkpt>
   <trkpt lat="49.437150" lon="3.510360">
    <ele>93.6</ele>
   </trkpt>
   <trkpt lat="49.436633" lon="3.511027">
    <ele>92.1</ele>
   </trkpt>
   <trkpt lat="49.436117" lon="3.511693">
    <ele>91.9</ele>
   </trkpt>
   <trkpt lat="49.435600" lon="3.512360">
    <ele>91.1</ele>
   </trkpt>
   <trkpt lat="49.435145" lon="3.512935">
    <ele>90.3</ele>
   </trkpt>
   <trkpt lat="49.434690" lon="3.513510">
    <ele>89.6</ele>
   </trkpt>
   <trkpt lat="49.434550" lon="3.513650">
    <ele>89.3</ele>
   </trkpt>
   <trkpt lat="49.434400" lon="3.513760">
    <ele>88.7</ele>
   </trkpt>
   <trkpt lat="49.434070" lon="3.513910">
    <ele>87.6</ele>
   </trkpt>
   <trkpt lat="49.433910" lon="3.513940">
    <ele>86.8</ele>
   </trkpt>
   <trkpt lat="49.433650" lon="3.513940">
    <ele>85.7</ele>
   </trkpt>
   <trkpt lat="49.433330" lon="3.513870">
    <ele>84.9</ele>
   </trkpt>
   <trkpt lat="49.432950" lon="3.513760">
    <ele>83.5</ele>
   </trkpt>
   <trkpt lat="49.432090" lon="3.513585">
    <ele>79.3</ele>
   </trkpt>
   <trkpt lat="49.431230" lon="3.513410">
    <ele>76.2</ele>
   </trkpt>
   <trkpt lat="49.430475" lon="3.513265">
    <ele>74.0</ele>
   </trkpt>
   <trkpt lat="49.429720" lon="3.513120">
    <ele>70.9</ele>
   </trkpt>
   <trkpt lat="49.429610" lon="3.513110">
    <ele>69.5</ele>
   </trkpt>
   <trkpt lat="49.429380" lon="3.513120">
    <ele>68.7</ele>
   </trkpt>
   <trkpt lat="49.429060" lon="3.513200">
    <ele>68.3</ele>
   </trkpt>
   <trkpt lat="49.428780" lon="3.513360">
    <ele>68.0</ele>
   </trkpt>
   <trkpt lat="49.428300" lon="3.513730">
    <ele>69.3</ele>
   </trkpt>
   <trkpt lat="49.427970" lon="3.513930">
    <ele>71.9</ele>
   </trkpt>
   <trkpt lat="49.427850" lon="3.513940">
    <ele>71.9</ele>
   </trkpt>
   <trkpt lat="49.427630" lon="3.513900">
    <ele>72.9</ele>
   </trkpt>
   <trkpt lat="49.427070" lon="3.513460">
    <ele>77.3</ele>
   </trkpt>
   <trkpt lat="49.426510" lon="3.513020">
    <ele>80.0</ele>
   </trkpt>
   <trkpt lat="49.425950" lon="3.512580">
    <ele>82.3</ele>
   </trkpt>
   <trkpt lat="49.425800" lon="3.512480">
    <ele>83.0</ele>
   </trkpt>
   <trkpt lat="49.425630" lon="3.512400">
    <ele>83.4</ele>
   </trkpt>
   <trkpt lat="49.425500" lon="3.512360">
    <ele>83.6</ele>
   </trkpt>
   <trkpt lat="49.425210" lon="3.512350">
    <ele>84.4</ele>
   </trkpt>
   <trkpt lat="49.424730" lon="3.512440">
    <ele>85.1</ele>
   </trkpt>
   <trkpt lat="49.424080" lon="3.512590">
    <ele>87.4</ele>
   </trkpt>
   <trkpt lat="49.423430" lon="3.512740">
    <ele>88.9</ele>
   </trkpt>
   <trkpt lat="49.423290" lon="3.512760">
    <ele>89.2</ele>
   </trkpt>
   <trkpt lat="49.422940" lon="3.512760">
    <ele>91.6</ele>
   </trkpt>
   <trkpt lat="49.422068" lon="3.512655">
    <ele>94.0</ele>
   </trkpt>
   <trkpt lat="49.421195" lon="3.512550">
    <ele>96.8</ele>
   </trkpt>
   <trkpt lat="49.420323" lon="3.512445">
    <ele>99.8</ele>
   </trkpt>
   <trkpt lat="49.419450" lon="3.512340">
    <ele>102.9</ele>
   </trkpt>
   <trkpt lat="49.419270" lon="3.512340">
    <ele>103.2</ele>
   </trkpt>
   <trkpt lat="49.419230" lon="3.512370">
    <ele>103.2</ele>
   </trkpt>
   <trkpt lat="49.419130" lon="3.512310">
    <ele>103.2</ele>
   </trkpt>
   <trkpt lat="49.418750" lon="3.512240">
    <ele>103.4</ele>
   </trkpt>
   <trkpt lat="49.418620" lon="3.512170">
    <ele>103.3</ele>
   </trkpt>
   <trkpt lat="49.418500" lon="3.512070">
    <ele>103.1</ele>
   </trkpt>
   <trkpt lat="49.418330" lon="3.511820">
    <ele>102.6</ele>
   </trkpt>
   <trkpt lat="49.417900" lon="3.510950">
    <ele>100.5</ele>
   </trkpt>
   <trkpt lat="49.417660" lon="3.510590">
    <ele>99.5</ele>
   </trkpt>
   <trkpt lat="49.417430" lon="3.510360">
    <ele>98.6</ele>
   </trkpt>
   <trkpt lat="49.416955" lon="3.510060">
    <ele>97.9</ele>
   </trkpt>
   <trkpt lat="49.416480" lon="3.509760">
    <ele>95.4</ele>
   </trkpt>
   <trkpt lat="49.415710" lon="3.509310">
    <ele>91.7</ele>
   </trkpt>
   <trkpt lat="49.415500" lon="3.509280">
    <ele>91.7</ele>
   </trkpt>
   <trkpt lat="49.415370" lon="3.509310">
    <ele>91.1</ele>
   </trkpt>
   <trkpt lat="49.415180" lon="3.509430">
    <ele>90.0</ele>
   </trkpt>
   <trkpt lat="49.415050" lon="3.509590">
    <ele>89.4</ele>
   </trkpt>
   <trkpt lat="49.414890" lon="3.509870">
    <ele>88.0</ele>
   </trkpt>
   <trkpt lat="49.414830" lon="3.510150">
    <ele>87.3</ele>
   </trkpt>
   <trkpt lat="49.414820" lon="3.510970">
    <ele>84.3</ele>
   </trkpt>
   <trkpt lat="49.414770" lon="3.511330">
    <ele>82.3</ele>
   </trkpt>
   <trkpt lat="49.414670" lon="3.511650">
    <ele>82.3</ele>
   </trkpt>
   <trkpt lat="49.414570" lon="3.511870">
    <ele>81.1</ele>
   </trkpt>
   <trkpt lat="49.414460" lon="3.512030">
    <ele>80.4</ele>
   </trkpt>
   <trkpt lat="49.414300" lon="3.512130">
    <ele>78.5</ele>
   </trkpt>
   <trkpt lat="49.414160" lon="3.512150">
    <ele>78.5</ele>
   </trkpt>
   <trkpt lat="49.413940" lon="3.512120">
    <ele>77.6</ele>
   </trkpt>
   <trkpt lat="49.413380" lon="3.511970">
    <ele>73.8</ele>
   </trkpt>
   <trkpt lat="49.413250" lon="3.511960">
    <ele>72.8</ele>
   </trkpt>
   <trkpt lat="49.413180" lon="3.511970">
    <ele>72.8</ele>
   </trkpt>
   <trkpt lat="49.413040" lon="3.512040">
    <ele>71.5</ele>
   </trkpt>
   <trkpt lat="49.412900" lon="3.512190">
    <ele>70.8</ele>
   </trkpt>
   <trkpt lat="49.412750" lon="3.512500">
    <ele>69.2</ele>
   </trkpt>
   <trkpt lat="49.412720" lon="3.512630">
    <ele>68.8</ele>
   </trkpt>
   <trkpt lat="49.412650" lon="3.513190">
    <ele>66.0</ele>
   </trkpt>
   <trkpt lat="49.412650" lon="3.513630">
    <ele>64.8</ele>
   </trkpt>
   <trkpt lat="49.412750" lon="3.514300">
    <ele>62.8</ele>
   </trkpt>
   <trkpt lat="49.412740" lon="3.514480">
    <ele>61.6</ele>
   </trkpt>
   <trkpt lat="49.412700" lon="3.514650">
    <ele>61.6</ele>
   </trkpt>
   <trkpt lat="49.412620" lon="3.514800">
    <ele>59.9</ele>
   </trkpt>
   <trkpt lat="49.412210" lon="3.515230">
    <ele>57.9</ele>
   </trkpt>
   <trkpt lat="49.412000" lon="3.515360">
    <ele>57.2</ele>
   </trkpt>
   <trkpt lat="49.411810" lon="3.515370">
    <ele>56.5</ele>
   </trkpt>
   <trkpt lat="49.411710" lon="3.515480">
    <ele>56.5</ele>
   </trkpt>
   <trkpt lat="49.411680" lon="3.515630">
    <ele>56.5</ele>
   </trkpt>
   <trkpt lat="49.411660" lon="3.516320">
    <ele>57.3</ele>
   </trkpt>
   <trkpt lat="49.411610" lon="3.517190">
    <ele>57.9</ele>
   </trkpt>
   <trkpt lat="49.411560" lon="3.518060">
    <ele>57.9</ele>
   </trkpt>
   <trkpt lat="49.411520" lon="3.518320">
    <ele>58.0</ele>
   </trkpt>
   <trkpt lat="49.411460" lon="3.518500">
    <ele>57.4</ele>
   </trkpt>
   <trkpt lat="49.411200" lon="3.518960">
    <ele>56.0</ele>
   </trkpt>
   <trkpt lat="49.410930" lon="3.519250">
    <ele>54.6</ele>
   </trkpt>
   <trkpt lat="49.410670" lon="3.519410">
    <ele>53.3</ele>
   </trkpt>
   <trkpt lat="49.410590" lon="3.519440">
    <ele>53.2</ele>
   </trkpt>
   <trkpt lat="49.410110" lon="3.519370">
    <ele>51.1</ele>
   </trkpt>
   <trkpt lat="49.409950" lon="3.519310">
    <ele>50.8</ele>
   </trkpt>
   <trkpt lat="49.409480" lon="3.520460">
    <ele>49.7</ele>
   </trkpt>
   <trkpt lat="49.409200" lon="3.521270">
    <ele>49.6</ele>
   </trkpt>
   <trkpt lat="49.408890" lon="3.522050">
    <ele>49.7</ele>
   </trkpt>
   <trkpt lat="49.408680" lon="3.522550">
    <ele>49.9</ele>
   </trkpt>
   <trkpt lat="49.408550" lon="3.522930">
    <ele>50.0</ele>
   </trkpt>
   <trkpt lat="49.408420" lon="3.523740">
    <ele>50.6</ele>
   </trkpt>
   <trkpt lat="49.408410" lon="3.523930">
    <ele>50.6</ele>
   </trkpt>
   <trkpt lat="49.408420" lon="3.524220">
    <ele>50.7</ele>
   </trkpt>
   <trkpt lat="49.408515" lon="3.524945">
    <ele>51.2</ele>
   </trkpt>
   <trkpt lat="49.408610" lon="3.525670">
    <ele>52.5</ele>
   </trkpt>
   <trkpt lat="49.408600" lon="3.525840">
    <ele>52.3</ele>
   </trkpt>
   <trkpt lat="49.408510" lon="3.526140">
    <ele>51.9</ele>
   </trkpt>
   <trkpt lat="49.408185" lon="3.526890">
    <ele>51.4</ele>
   </trkpt>
   <trkpt lat="49.407860" lon="3.527640">
    <ele>51.1</ele>
   </trkpt>
   <trkpt lat="49.407550" lon="3.528660">
    <ele>51.1</ele>
   </trkpt>
   <trkpt lat="49.407340" lon="3.529300">
    <ele>50.9</ele>
   </trkpt>
   <trkpt lat="49.407230" lon="3.529540">
    <ele>50.6</ele>
   </trkpt>
   <trkpt lat="49.406940" lon="3.530040">
    <ele>50.2</ele>
   </trkpt>
   <trkpt lat="49.406830" lon="3.530330">
    <ele>50.2</ele>
   </trkpt>
   <trkpt lat="49.406720" lon="3.530800">
    <ele>49.9</ele>
   </trkpt>
   <trkpt lat="49.406630" lon="3.531420">
    <ele>49.9</ele>
   </trkpt>
   <trkpt lat="49.406490" lon="3.532585">
    <ele>49.8</ele>
   </trkpt>
   <trkpt lat="49.406350" lon="3.533750">
    <ele>49.9</ele>
   </trkpt>
   <trkpt lat="49.406260" lon="3.534960">
    <ele>50.3</ele>
   </trkpt>
   <trkpt lat="49.406170" lon="3.536170">
    <ele>51.7</ele>
   </trkpt>
   <trkpt lat="49.406140" lon="3.536820">
    <ele>52.6</ele>
   </trkpt>
   <trkpt lat="49.406060" lon="3.537250">
    <ele>52.4</ele>
   </trkpt>
   <trkpt lat="49.405840" lon="3.537900">
    <ele>51.9</ele>
   </trkpt>
   <trkpt lat="49.405590" lon="3.538440">
    <ele>50.5</ele>
   </trkpt>
   <trkpt lat="49.405240" lon="3.538970">
    <ele>50.0</ele>
   </trkpt>
   <trkpt lat="49.405050" lon="3.539290">
    <ele>49.7</ele>
   </trkpt>
   <trkpt lat="49.404960" lon="3.539490">
    <ele>49.7</ele>
   </trkpt>
   <trkpt lat="49.404800" lon="3.540100">
    <ele>49.5</ele>
   </trkpt>
   <trkpt lat="49.404700" lon="3.540795">
    <ele>49.5</ele>
   </trkpt>
   <trkpt lat="49.404600" lon="3.541490">
    <ele>49.6</ele>
   </trkpt>
   <trkpt lat="49.404570" lon="3.541870">
    <ele>49.6</ele>
   </trkpt>
   <trkpt lat="49.404555" lon="3.542785">
    <ele>49.4</ele>
   </trkpt>
   <trkpt lat="49.404540" lon="3.543700">
    <ele>49.7</ele>
   </trkpt>
   <trkpt lat="49.404560" lon="3.544150">
    <ele>49.7</ele>
   </trkpt>
   <trkpt lat="49.404650" lon="3.544860">
    <ele>50.0</ele>
   </trkpt>
   <trkpt lat="49.404650" lon="3.544830">
    <ele>50.0</ele>
   </trkpt>
   <trkpt lat="49.404760" lon="3.545630">
    <ele>50.4</ele>
   </trkpt>
   <trkpt lat="49.404880" lon="3.546975">
    <ele>50.4</ele>
   </trkpt>
   <trkpt lat="49.405000" lon="3.548320">
    <ele>50.7</ele>
   </trkpt>
   <trkpt lat="49.405170" lon="3.549430">
    <ele>51.6</ele>
   </trkpt>
   <trkpt lat="49.405420" lon="3.550700">
    <ele>49.1</ele>
   </trkpt>
   <trkpt lat="49.405440" lon="3.550950">
    <ele>49.2</ele>
   </trkpt>
   <trkpt lat="49.405430" lon="3.551140">
    <ele>49.3</ele>
   </trkpt>
   <trkpt lat="49.405360" lon="3.551530">
    <ele>50.2</ele>
   </trkpt>
   <trkpt lat="49.405160" lon="3.552205">
    <ele>51.5</ele>
   </trkpt>
   <trkpt lat="49.404960" lon="3.552880">
    <ele>54.1</ele>
   </trkpt>
   <trkpt lat="49.404640" lon="3.554023">
    <ele>56.5</ele>
   </trkpt>
   <trkpt lat="49.404320" lon="3.555165">
    <ele>57.8</ele>
   </trkpt>
   <trkpt lat="49.404000" lon="3.556308">
    <ele>59.8</ele>
   </trkpt>
   <trkpt lat="49.403680" lon="3.557450">
    <ele>62.2</ele>
   </trkpt>
   <trkpt lat="49.403550" lon="3.557990">
    <ele>62.5</ele>
   </trkpt>
   <trkpt lat="49.403470" lon="3.558530">
    <ele>62.4</ele>
   </trkpt>
   <trkpt lat="49.403445" lon="3.559305">
    <ele>60.9</ele>
   </trkpt>
   <trkpt lat="49.403420" lon="3.560080">
    <ele>59.7</ele>
   </trkpt>
   <trkpt lat="49.403380" lon="3.560500">
    <ele>59.7</ele>
   </trkpt>
   <trkpt lat="49.403300" lon="3.560970">
    <ele>60.0</ele>
   </trkpt>
   <trkpt lat="49.403180" lon="3.561500">
    <ele>58.9</ele>
   </trkpt>
   <trkpt lat="49.402920" lon="3.562420">
    <ele>54.8</ele>
   </trkpt>
   <trkpt lat="49.402755" lon="3.563245">
    <ele>51.5</ele>
   </trkpt>
   <trkpt lat="49.402590" lon="3.564070">
    <ele>49.1</ele>
   </trkpt>
   <trkpt lat="49.402540" lon="3.564480">
    <ele>48.0</ele>
   </trkpt>
   <trkpt lat="49.402500" lon="3.565350">
    <ele>47.5</ele>
   </trkpt>
   <trkpt lat="49.402460" lon="3.566220">
    <ele>47.5</ele>
   </trkpt>
   <trkpt lat="49.402450" lon="3.567070">
    <ele>47.1</ele>
   </trkpt>
   <trkpt lat="49.402500" lon="3.567710">
    <ele>46.9</ele>
   </trkpt>
   <trkpt lat="49.402580" lon="3.568170">
    <ele>46.5</ele>
   </trkpt>
   <trkpt lat="49.402835" lon="3.569070">
    <ele>46.0</ele>
   </trkpt>
   <trkpt lat="49.403090" lon="3.569970">
    <ele>46.2</ele>
   </trkpt>
   <trkpt lat="49.403290" lon="3.571100">
    <ele>46.5</ele>
   </trkpt>
   <trkpt lat="49.403320" lon="3.571580">
    <ele>47.0</ele>
   </trkpt>
   <trkpt lat="49.402835" lon="3.571515">
    <ele>47.3</ele>
   </trkpt>
   <trkpt lat="49.402350" lon="3.571450">
    <ele>47.2</ele>
   </trkpt>
   <trkpt lat="49.401727" lon="3.571490">
    <ele>46.3</ele>
   </trkpt>
   <trkpt lat="49.401103" lon="3.571530">
    <ele>46.4</ele>
   </trkpt>
   <trkpt lat="49.400480" lon="3.571570">
    <ele>46.6</ele>
   </trkpt>
   <trkpt lat="49.399810" lon="3.571550">
    <ele>47.6</ele>
   </trkpt>
   <trkpt lat="49.399290" lon="3.571425">
    <ele>48.2</ele>
   </trkpt>
   <trkpt lat="49.398770" lon="3.571300">
    <ele>48.4</ele>
   </trkpt>
   <trkpt lat="49.398160" lon="3.571185">
    <ele>48.6</ele>
   </trkpt>
   <trkpt lat="49.397550" lon="3.571070">
    <ele>48.0</ele>
   </trkpt>
   <trkpt lat="49.396940" lon="3.570935">
    <ele>47.7</ele>
   </trkpt>
   <trkpt lat="49.396330" lon="3.570800">
    <ele>47.7</ele>
   </trkpt>
   <trkpt lat="49.395820" lon="3.570750">
    <ele>48.2</ele>
   </trkpt>
   <trkpt lat="49.395260" lon="3.570940">
    <ele>48.5</ele>
   </trkpt>
   <trkpt lat="49.394750" lon="3.571160">
    <ele>50.1</ele>
   </trkpt>
   <trkpt lat="49.394400" lon="3.571090">
    <ele>50.4</ele>
   </trkpt>
   <trkpt lat="49.394230" lon="3.571080">
    <ele>49.8</ele>
   </trkpt>
   <trkpt lat="49.393605" lon="3.571165">
    <ele>50.2</ele>
   </trkpt>
   <trkpt lat="49.392980" lon="3.571250">
    <ele>50.8</ele>
   </trkpt>
   <trkpt lat="49.392810" lon="3.571310">
    <ele>51.2</ele>
   </trkpt>
   <trkpt lat="49.392810" lon="3.571510">
    <ele>51.2</ele>
   </trkpt>
   <trkpt lat="49.392780" lon="3.571920">
    <ele>51.3</ele>
   </trkpt>
   <trkpt lat="49.392730" lon="3.572150">
    <ele>51.4</ele>
   </trkpt>
   <trkpt lat="49.392620" lon="3.572440">
    <ele>51.5</ele>
   </trkpt>
   <trkpt lat="49.392200" lon="3.572780">
    <ele>52.0</ele>
   </trkpt>
   <trkpt lat="49.391860" lon="3.573110">
    <ele>52.6</ele>
   </trkpt>
   <trkpt lat="49.391760" lon="3.573230">
    <ele>52.8</ele>
   </trkpt>
   <trkpt lat="49.391690" lon="3.573430">
    <ele>53.3</ele>
   </trkpt>
   <trkpt lat="49.391555" lon="3.574420">
    <ele>53.7</ele>
   </trkpt>
   <trkpt lat="49.391420" lon="3.575410">
    <ele>52.5</ele>
   </trkpt>
   <trkpt lat="49.391400" lon="3.576000">
    <ele>52.3</ele>
   </trkpt>
   <trkpt lat="49.391410" lon="3.576940">
    <ele>52.7</ele>
   </trkpt>
   <trkpt lat="49.391380" lon="3.577260">
    <ele>52.8</ele>
   </trkpt>
   <trkpt lat="49.391330" lon="3.577440">
    <ele>52.9</ele>
   </trkpt>
   <trkpt lat="49.391250" lon="3.577970">
    <ele>52.9</ele>
   </trkpt>
   <trkpt lat="49.391230" lon="3.578370">
    <ele>52.9</ele>
   </trkpt>
   <trkpt lat="49.391240" lon="3.579350">
    <ele>52.6</ele>
   </trkpt>
   <trkpt lat="49.391250" lon="3.580330">
    <ele>52.4</ele>
   </trkpt>
   <trkpt lat="49.391240" lon="3.581030">
    <ele>52.3</ele>
   </trkpt>
   <trkpt lat="49.391190" lon="3.581910">
    <ele>52.1</ele>
   </trkpt>
   <trkpt lat="49.391103" lon="3.582953">
    <ele>52.1</ele>
   </trkpt>
   <trkpt lat="49.391017" lon="3.583997">
    <ele>51.9</ele>
   </trkpt>
   <trkpt lat="49.390930" lon="3.585040">
    <ele>51.6</ele>
   </trkpt>
   <trkpt lat="49.390830" lon="3.586030">
    <ele>51.6</ele>
   </trkpt>
   <trkpt lat="49.390810" lon="3.587100">
    <ele>51.6</ele>
   </trkpt>
   <trkpt lat="49.391100" lon="3.588010">
    <ele>51.5</ele>
   </trkpt>
   <trkpt lat="49.391390" lon="3.588920">
    <ele>50.4</ele>
   </trkpt>
   <trkpt lat="49.391610" lon="3.589300">
    <ele>49.5</ele>
   </trkpt>
   <trkpt lat="49.391850" lon="3.590240">
    <ele>47.9</ele>
   </trkpt>
   <trkpt lat="49.391890" lon="3.590820">
    <ele>47.5</ele>
   </trkpt>
   <trkpt lat="49.391798" lon="3.592043">
    <ele>48.3</ele>
   </trkpt>
   <trkpt lat="49.391705" lon="3.593265">
    <ele>48.9</ele>
   </trkpt>
   <trkpt lat="49.391613" lon="3.594488">
    <ele>50.1</ele>
   </trkpt>
   <trkpt lat="49.391520" lon="3.595710">
    <ele>50.8</ele>
   </trkpt>
   <trkpt lat="49.391495" lon="3.596490">
    <ele>51.1</ele>
   </trkpt>
   <trkpt lat="49.391470" lon="3.597270">
    <ele>51.6</ele>
   </trkpt>
   <trkpt lat="49.391320" lon="3.597950">
    <ele>52.6</ele>
   </trkpt>
   <trkpt lat="49.391170" lon="3.598630">
    <ele>53.7</ele>
   </trkpt>
   <trkpt lat="49.391145" lon="3.599470">
    <ele>55.3</ele>
   </trkpt>
   <trkpt lat="49.391120" lon="3.600310">
    <ele>56.6</ele>
   </trkpt>
   <trkpt lat="49.391020" lon="3.600710">
    <ele>57.0</ele>
   </trkpt>
   <trkpt lat="49.390660" lon="3.601640">
    <ele>58.7</ele>
   </trkpt>
   <trkpt lat="49.390440" lon="3.602570">
    <ele>60.7</ele>
   </trkpt>
   <trkpt lat="49.390560" lon="3.603690">
    <ele>59.5</ele>
   </trkpt>
   <trkpt lat="49.390505" lon="3.604380">
    <ele>58.5</ele>
   </trkpt>
   <trkpt lat="49.390450" lon="3.605070">
    <ele>56.9</ele>
   </trkpt>
   <trkpt lat="49.390570" lon="3.605910">
    <ele>55.4</ele>
   </trkpt>
   <trkpt lat="49.390970" lon="3.606840">
    <ele>55.8</ele>
   </trkpt>
   <trkpt lat="49.391370" lon="3.607770">
    <ele>55.2</ele>
   </trkpt>
   <trkpt lat="49.391540" lon="3.608590">
    <ele>54.3</ele>
   </trkpt>
   <trkpt lat="49.391637" lon="3.609747">
    <ele>54.3</ele>
   </trkpt>
   <trkpt lat="49.391733" lon="3.610903">
    <ele>53.4</ele>
   </trkpt>
   <trkpt lat="49.391830" lon="3.612060">
    <ele>52.8</ele>
   </trkpt>
   <trkpt lat="49.391830" lon="3.612870">
    <ele>52.6</ele>
   </trkpt>
   <trkpt lat="49.391830" lon="3.613680">
    <ele>52.5</ele>
   </trkpt>
   <trkpt lat="49.391763" lon="3.614763">
    <ele>51.8</ele>
   </trkpt>
   <trkpt lat="49.391697" lon="3.615847">
    <ele>51.4</ele>
   </trkpt>
   <trkpt lat="49.391630" lon="3.616930">
    <ele>51.1</ele>
   </trkpt>
   <trkpt lat="49.391520" lon="3.617860">
    <ele>51.7</ele>
   </trkpt>
   <trkpt lat="49.391420" lon="3.618900">
    <ele>52.1</ele>
   </trkpt>
   <trkpt lat="49.391423" lon="3.620237">
    <ele>52.4</ele>
   </trkpt>
   <trkpt lat="49.391427" lon="3.621573">
    <ele>52.5</ele>
   </trkpt>
   <trkpt lat="49.391430" lon="3.622910">
    <ele>51.6</ele>
   </trkpt>
   <trkpt lat="49.391540" lon="3.623990">
    <ele>50.6</ele>
   </trkpt>
   <trkpt lat="49.391480" lon="3.625300">
    <ele>50.7</ele>
   </trkpt>
   <trkpt lat="49.391330" lon="3.626520">
    <ele>51.9</ele>
   </trkpt>
   <trkpt lat="49.391270" lon="3.626800">
    <ele>52.0</ele>
   </trkpt>
   <trkpt lat="49.390580" lon="3.626560">
    <ele>51.8</ele>
   </trkpt>
   <trkpt lat="49.389793" lon="3.626387">
    <ele>52.3</ele>
   </trkpt>
   <trkpt lat="49.389007" lon="3.626213">
    <ele>53.4</ele>
   </trkpt>
   <trkpt lat="49.388220" lon="3.626040">
    <ele>54.0</ele>
   </trkpt>
   <trkpt lat="49.387550" lon="3.625865">
    <ele>55.6</ele>
   </trkpt>
   <trkpt lat="49.386880" lon="3.625690">
    <ele>57.1</ele>
   </trkpt>
   <trkpt lat="49.386470" lon="3.625600">
    <ele>59.2</ele>
   </trkpt>
   <trkpt lat="49.385740" lon="3.625185">
    <ele>62.7</ele>
   </trkpt>
   <trkpt lat="49.385010" lon="3.624770">
    <ele>68.1</ele>
   </trkpt>
   <trkpt lat="49.384820" lon="3.624730">
    <ele>69.0</ele>
   </trkpt>
   <trkpt lat="49.384660" lon="3.624740">
    <ele>69.2</ele>
   </trkpt>
   <trkpt lat="49.384390" lon="3.624830">
    <ele>68.5</ele>
   </trkpt>
   <trkpt lat="49.383690" lon="3.625220">
    <ele>64.0</ele>
   </trkpt>
   <trkpt lat="49.383500" lon="3.625380">
    <ele>63.0</ele>
   </trkpt>
   <trkpt lat="49.383360" lon="3.625550">
    <ele>62.5</ele>
   </trkpt>
   <trkpt lat="49.383260" lon="3.625790">
    <ele>62.2</ele>
   </trkpt>
   <trkpt lat="49.383150" lon="3.626150">
    <ele>62.2</ele>
   </trkpt>
   <trkpt lat="49.383050" lon="3.626750">
    <ele>62.6</ele>
   </trkpt>
   <trkpt lat="49.383080" lon="3.627190">
    <ele>62.1</ele>
   </trkpt>
   <trkpt lat="49.383060" lon="3.627760">
    <ele>61.9</ele>
   </trkpt>
   <trkpt lat="49.382970" lon="3.628050">
    <ele>62.0</ele>
   </trkpt>
   <trkpt lat="49.382770" lon="3.628470">
    <ele>62.3</ele>
   </trkpt>
   <trkpt lat="49.382660" lon="3.628610">
    <ele>63.0</ele>
   </trkpt>
   <trkpt lat="49.382580" lon="3.628660">
    <ele>63.0</ele>
   </trkpt>
   <trkpt lat="49.382500" lon="3.628660">
    <ele>63.2</ele>
   </trkpt>
   <trkpt lat="49.382310" lon="3.628570">
    <ele>64.2</ele>
   </trkpt>
   <trkpt lat="49.381940" lon="3.628180">
    <ele>64.8</ele>
   </trkpt>
   <trkpt lat="49.381850" lon="3.628120">
    <ele>64.8</ele>
   </trkpt>
   <trkpt lat="49.381690" lon="3.628080">
    <ele>65.4</ele>
   </trkpt>
   <trkpt lat="49.381560" lon="3.628130">
    <ele>65.4</ele>
   </trkpt>
   <trkpt lat="49.381060" lon="3.628490">
    <ele>66.3</ele>
   </trkpt>
   <trkpt lat="49.380930" lon="3.629830">
    <ele>61.5</ele>
   </trkpt>
   <trkpt lat="49.380830" lon="3.630968">
    <ele>60.4</ele>
   </trkpt>
   <trkpt lat="49.380730" lon="3.632105">
    <ele>60.0</ele>
   </trkpt>
   <trkpt lat="49.380630" lon="3.633243">
    <ele>59.9</ele>
   </trkpt>
   <trkpt lat="49.380530" lon="3.634380">
    <ele>59.9</ele>
   </trkpt>
   <trkpt lat="49.380430" lon="3.635340">
    <ele>59.8</ele>
   </trkpt>
   <trkpt lat="49.380340" lon="3.636435">
    <ele>58.7</ele>
   </trkpt>
   <trkpt lat="49.380250" lon="3.637530">
    <ele>56.4</ele>
   </trkpt>
   <trkpt lat="49.380160" lon="3.638625">
    <ele>55.6</ele>
   </trkpt>
   <trkpt lat="49.380070" lon="3.639720">
    <ele>54.2</ele>
   </trkpt>
   <trkpt lat="49.379956" lon="3.641026">
    <ele>53.8</ele>
   </trkpt>
   <trkpt lat="49.379841" lon="3.642333">
    <ele>54.4</ele>
   </trkpt>
   <trkpt lat="49.379727" lon="3.643639">
    <ele>54.6</ele>
   </trkpt>
   <trkpt lat="49.379612" lon="3.644946">
    <ele>55.9</ele>
   </trkpt>
   <trkpt lat="49.379497" lon="3.646252">
    <ele>56.5</ele>
   </trkpt>
   <trkpt lat="49.379383" lon="3.647558">
    <ele>57.7</ele>
   </trkpt>
   <trkpt lat="49.379268" lon="3.648865">
    <ele>59.2</ele>
   </trkpt>
   <trkpt lat="49.379154" lon="3.650171">
    <ele>60.7</ele>
   </trkpt>
   <trkpt lat="49.379039" lon="3.651477">
    <ele>62.5</ele>
   </trkpt>
   <trkpt lat="49.378925" lon="3.652784">
    <ele>64.0</ele>
   </trkpt>
   <trkpt lat="49.378810" lon="3.654090">
    <ele>65.5</ele>
   </trkpt>
   <trkpt lat="49.378450" lon="3.654120">
    <ele>66.3</ele>
   </trkpt>
   <trkpt lat="49.377587" lon="3.653957">
    <ele>67.9</ele>
   </trkpt>
   <trkpt lat="49.376723" lon="3.653793">
    <ele>69.1</ele>
   </trkpt>
   <trkpt lat="49.375860" lon="3.653630">
    <ele>70.5</ele>
   </trkpt>
   <trkpt lat="49.374997" lon="3.653467">
    <ele>71.4</ele>
   </trkpt>
   <trkpt lat="49.374133" lon="3.653303">
    <ele>69.2</ele>
   </trkpt>
   <trkpt lat="49.373270" lon="3.653140">
    <ele>67.0</ele>
   </trkpt>
   <trkpt lat="49.372530" lon="3.652980">
    <ele>66.8</ele>
   </trkpt>
   <trkpt lat="49.371940" lon="3.652950">
    <ele>67.5</ele>
   </trkpt>
   <trkpt lat="49.371220" lon="3.653025">
    <ele>68.7</ele>
   </trkpt>
   <trkpt lat="49.370500" lon="3.653100">
    <ele>70.1</ele>
   </trkpt>
   <trkpt lat="49.370250" lon="3.653090">
    <ele>70.2</ele>
   </trkpt>
   <trkpt lat="49.370070" lon="3.653040">
    <ele>70.2</ele>
   </trkpt>
   <trkpt lat="49.369560" lon="3.652825">
    <ele>69.9</ele>
   </trkpt>
   <trkpt lat="49.369050" lon="3.652610">
    <ele>69.7</ele>
   </trkpt>
   <trkpt lat="49.368860" lon="3.652560">
    <ele>69.8</ele>
   </trkpt>
   <trkpt lat="49.368700" lon="3.652540">
    <ele>70.2</ele>
   </trkpt>
   <trkpt lat="49.368540" lon="3.652570">
    <ele>70.5</ele>
   </trkpt>
   <trkpt lat="49.368280" lon="3.652690">
    <ele>71.3</ele>
   </trkpt>
   <trkpt lat="49.367550" lon="3.653160">
    <ele>74.3</ele>
   </trkpt>
   <trkpt lat="49.367110" lon="3.653400">
    <ele>75.3</ele>
   </trkpt>
   <trkpt lat="49.366490" lon="3.653700">
    <ele>75.5</ele>
   </trkpt>
   <trkpt lat="49.366210" lon="3.653800">
    <ele>75.3</ele>
   </trkpt>
   <trkpt lat="49.365840" lon="3.653870">
    <ele>74.9</ele>
   </trkpt>
   <trkpt lat="49.365610" lon="3.653870">
    <ele>74.9</ele>
   </trkpt>
   <trkpt lat="49.365000" lon="3.653780">
    <ele>74.5</ele>
   </trkpt>
   <trkpt lat="49.364760" lon="3.653710">
    <ele>74.6</ele>
   </trkpt>
   <trkpt lat="49.364305" lon="3.653505">
    <ele>75.1</ele>
   </trkpt>
   <trkpt lat="49.363850" lon="3.653300">
    <ele>75.3</ele>
   </trkpt>
   <trkpt lat="49.363330" lon="3.653140">
    <ele>76.2</ele>
   </trkpt>
   <trkpt lat="49.362610" lon="3.652970">
    <ele>76.4</ele>
   </trkpt>
   <trkpt lat="49.362490" lon="3.652990">
    <ele>76.5</ele>
   </trkpt>
   <trkpt lat="49.361995" lon="3.653140">
    <ele>76.4</ele>
   </trkpt>
   <trkpt lat="49.361500" lon="3.653290">
    <ele>77.0</ele>
   </trkpt>
   <trkpt lat="49.360860" lon="3.653540">
    <ele>78.8</ele>
   </trkpt>
   <trkpt lat="49.360730" lon="3.653650">
    <ele>79.2</ele>
   </trkpt>
   <trkpt lat="49.360480" lon="3.653790">
    <ele>81.6</ele>
   </trkpt>
   <trkpt lat="49.360220" lon="3.653800">
    <ele>82.7</ele>
   </trkpt>
   <trkpt lat="49.359990" lon="3.653870">
    <ele>83.6</ele>
   </trkpt>
   <trkpt lat="49.359430" lon="3.653790">
    <ele>88.1</ele>
   </trkpt>
   <trkpt lat="49.359240" lon="3.653810">
    <ele>89.1</ele>
   </trkpt>
   <trkpt lat="49.359010" lon="3.653880">
    <ele>92.0</ele>
   </trkpt>
   <trkpt lat="49.358910" lon="3.653890">
    <ele>92.0</ele>
   </trkpt>
   <trkpt lat="49.358830" lon="3.653840">
    <ele>92.6</ele>
   </trkpt>
   <trkpt lat="49.358740" lon="3.653750">
    <ele>94.2</ele>
   </trkpt>
   <trkpt lat="49.358610" lon="3.653550">
    <ele>94.9</ele>
   </trkpt>
   <trkpt lat="49.358130" lon="3.652920">
    <ele>100.7</ele>
   </trkpt>
   <trkpt lat="49.357990" lon="3.652790">
    <ele>103.3</ele>
   </trkpt>
   <trkpt lat="49.357890" lon="3.652760">
    <ele>104.0</ele>
   </trkpt>
   <trkpt lat="49.357830" lon="3.652790">
    <ele>104.0</ele>
   </trkpt>
   <trkpt lat="49.357790" lon="3.652860">
    <ele>104.6</ele>
   </trkpt>
   <trkpt lat="49.357730" lon="3.653020">
    <ele>105.5</ele>
   </trkpt>
   <trkpt lat="49.357690" lon="3.653250">
    <ele>106.2</ele>
   </trkpt>
   <trkpt lat="49.357610" lon="3.653540">
    <ele>107.5</ele>
   </trkpt>
   <trkpt lat="49.357280" lon="3.654250">
    <ele>110.8</ele>
   </trkpt>
   <trkpt lat="49.357170" lon="3.654660">
    <ele>112.3</ele>
   </trkpt>
   <trkpt lat="49.357100" lon="3.655060">
    <ele>113.4</ele>
   </trkpt>
   <trkpt lat="49.357080" lon="3.655420">
    <ele>114.8</ele>
   </trkpt>
   <trkpt lat="49.357090" lon="3.656670">
    <ele>119.8</ele>
   </trkpt>
   <trkpt lat="49.357080" lon="3.656900">
    <ele>119.8</ele>
   </trkpt>
   <trkpt lat="49.357040" lon="3.657170">
    <ele>123.7</ele>
   </trkpt>
   <trkpt lat="49.356960" lon="3.657390">
    <ele>123.7</ele>
   </trkpt>
   <trkpt lat="49.356880" lon="3.657490">
    <ele>124.6</ele>
   </trkpt>
   <trkpt lat="49.356790" lon="3.657560">
    <ele>125.9</ele>
   </trkpt>
   <trkpt lat="49.356610" lon="3.657620">
    <ele>127.3</ele>
   </trkpt>
   <trkpt lat="49.356400" lon="3.657680">
    <ele>128.6</ele>
   </trkpt>
   <trkpt lat="49.356180" lon="3.657780">
    <ele>129.8</ele>
   </trkpt>
   <trkpt lat="49.355810" lon="3.658050">
    <ele>132.4</ele>
   </trkpt>
   <trkpt lat="49.355375" lon="3.658480">
    <ele>136.2</ele>
   </trkpt>
   <trkpt lat="49.354940" lon="3.658910">
    <ele>138.8</ele>
   </trkpt>
   <trkpt lat="49.354750" lon="3.659070">
    <ele>141.9</ele>
   </trkpt>
   <trkpt lat="49.354460" lon="3.659170">
    <ele>143.5</ele>
   </trkpt>
   <trkpt lat="49.354030" lon="3.659220">
    <ele>145.8</ele>
   </trkpt>
   <trkpt lat="49.353510" lon="3.659250">
    <ele>151.4</ele>
   </trkpt>
   <trkpt lat="49.353050" lon="3.659190">
    <ele>152.2</ele>
   </trkpt>
   <trkpt lat="49.352215" lon="3.658790">
    <ele>157.8</ele>
   </trkpt>
   <trkpt lat="49.351380" lon="3.658390">
    <ele>161.4</ele>
   </trkpt>
   <trkpt lat="49.351250" lon="3.658370">
    <ele>162.2</ele>
   </trkpt>
   <trkpt lat="49.351100" lon="3.658390">
    <ele>162.9</ele>
   </trkpt>
   <trkpt lat="49.350930" lon="3.658460">
    <ele>163.5</ele>
   </trkpt>
   <trkpt lat="49.350390" lon="3.658815">
    <ele>165.7</ele>
   </trkpt>
   <trkpt lat="49.349850" lon="3.659170">
    <ele>169.2</ele>
   </trkpt>
   <trkpt lat="49.349247" lon="3.659713">
    <ele>172.6</ele>
   </trkpt>
   <trkpt lat="49.348643" lon="3.660257">
    <ele>174.4</ele>
   </trkpt>
   <trkpt lat="49.348040" lon="3.660800">
    <ele>173.7</ele>
   </trkpt>
   <trkpt lat="49.347330" lon="3.661423">
    <ele>172.7</ele>
   </trkpt>
   <trkpt lat="49.346620" lon="3.662047">
    <ele>171.2</ele>
   </trkpt>
   <trkpt lat="49.345910" lon="3.662670">
    <ele>169.5</ele>
   </trkpt>
   <trkpt lat="49.345200" lon="3.663275">
    <ele>167.9</ele>
   </trkpt>
   <trkpt lat="49.344490" lon="3.663880">
    <ele>165.9</ele>
   </trkpt>
   <trkpt lat="49.343780" lon="3.664485">
    <ele>165.4</ele>
   </trkpt>
   <trkpt lat="49.343070" lon="3.665090">
    <ele>164.9</ele>
   </trkpt>
   <trkpt lat="49.342340" lon="3.665770">
    <ele>164.5</ele>
   </trkpt>
   <trkpt lat="49.341845" lon="3.666275">
    <ele>163.5</ele>
   </trkpt>
   <trkpt lat="49.341350" lon="3.666780">
    <ele>161.8</ele>
   </trkpt>
   <trkpt lat="49.340690" lon="3.666970">
    <ele>157.6</ele>
   </trkpt>
   <trkpt lat="49.340170" lon="3.667200">
    <ele>155.2</ele>
   </trkpt>
   <trkpt lat="49.339610" lon="3.667500">
    <ele>153.0</ele>
   </trkpt>
   <trkpt lat="49.339050" lon="3.667800">
    <ele>149.3</ele>
   </trkpt>
   <trkpt lat="49.338420" lon="3.667910">
    <ele>147.9</ele>
   </trkpt>
   <trkpt lat="49.338220" lon="3.667980">
    <ele>148.1</ele>
   </trkpt>
   <trkpt lat="49.337420" lon="3.668455">
    <ele>150.9</ele>
   </trkpt>
   <trkpt lat="49.336620" lon="3.668930">
    <ele>153.8</ele>
   </trkpt>
   <trkpt lat="49.336380" lon="3.669050">
    <ele>153.1</ele>
   </trkpt>
   <trkpt lat="49.335530" lon="3.669363">
    <ele>149.6</ele>
   </trkpt>
   <trkpt lat="49.334680" lon="3.669677">
    <ele>152.4</ele>
   </trkpt>
   <trkpt lat="49.333830" lon="3.669990">
    <ele>151.4</ele>
   </trkpt>
   <trkpt lat="49.333010" lon="3.670380">
    <ele>147.1</ele>
   </trkpt>
   <trkpt lat="49.332560" lon="3.670550">
    <ele>144.5</ele>
   </trkpt>
   <trkpt lat="49.331723" lon="3.670780">
    <ele>145.3</ele>
   </trkpt>
   <trkpt lat="49.330887" lon="3.671010">
    <ele>149.3</ele>
   </trkpt>
   <trkpt lat="49.330050" lon="3.671240">
    <ele>148.8</ele>
   </trkpt>
   <trkpt lat="49.329740" lon="3.671310">
    <ele>147.7</ele>
   </trkpt>
   <trkpt lat="49.329490" lon="3.671340">
    <ele>146.7</ele>
   </trkpt>
   <trkpt lat="49.328880" lon="3.671360">
    <ele>143.9</ele>
   </trkpt>
   <trkpt lat="49.328120" lon="3.671373">
    <ele>141.6</ele>
   </trkpt>
   <trkpt lat="49.327360" lon="3.671385">
    <ele>139.9</ele>
   </trkpt>
   <trkpt lat="49.326600" lon="3.671398">
    <ele>136.9</ele>
   </trkpt>
   <trkpt lat="49.325840" lon="3.671410">
    <ele>135.4</ele>
   </trkpt>
   <trkpt lat="49.325220" lon="3.671480">
    <ele>133.4</ele>
   </trkpt>
   <trkpt lat="49.324503" lon="3.671613">
    <ele>128.9</ele>
   </trkpt>
   <trkpt lat="49.323787" lon="3.671747">
    <ele>124.4</ele>
   </trkpt>
   <trkpt lat="49.323070" lon="3.671880">
    <ele>118.6</ele>
   </trkpt>
   <trkpt lat="49.322900" lon="3.671950">
    <ele>117.7</ele>
   </trkpt>
   <trkpt lat="49.322360" lon="3.672260">
    <ele>111.8</ele>
   </trkpt>
   <trkpt lat="49.321850" lon="3.672620">
    <ele>110.6</ele>
   </trkpt>
   <trkpt lat="49.321180" lon="3.672990">
    <ele>106.2</ele>
   </trkpt>
   <trkpt lat="49.320483" lon="3.673330">
    <ele>99.7</ele>
   </trkpt>
   <trkpt lat="49.319787" lon="3.673670">
    <ele>95.6</ele>
   </trkpt>
   <trkpt lat="49.319090" lon="3.674010">
    <ele>89.9</ele>
   </trkpt>
   <trkpt lat="49.318360" lon="3.674350">
    <ele>85.7</ele>
   </trkpt>
   <trkpt lat="49.317830" lon="3.674570">
    <ele>80.4</ele>
   </trkpt>
   <trkpt lat="49.317410" lon="3.674720">
    <ele>78.3</ele>
   </trkpt>
   <trkpt lat="49.316830" lon="3.674890">
    <ele>76.2</ele>
   </trkpt>
   <trkpt lat="49.316240" lon="3.675010">
    <ele>74.2</ele>
   </trkpt>
   <trkpt lat="49.315650" lon="3.675130">
    <ele>72.1</ele>
   </trkpt>
   <trkpt lat="49.315350" lon="3.675220">
    <ele>71.4</ele>
   </trkpt>
   <trkpt lat="49.315200" lon="3.675290">
    <ele>71.2</ele>
   </trkpt>
   <trkpt lat="49.314660" lon="3.675670">
    <ele>69.5</ele>
   </trkpt>
   <trkpt lat="49.314430" lon="3.675770">
    <ele>68.5</ele>
   </trkpt>
   <trkpt lat="49.314260" lon="3.675800">
    <ele>67.8</ele>
   </trkpt>
   <trkpt lat="49.314060" lon="3.675790">
    <ele>67.4</ele>
   </trkpt>
   <trkpt lat="49.313740" lon="3.675730">
    <ele>67.0</ele>
   </trkpt>
   <trkpt lat="49.313600" lon="3.675710">
    <ele>66.4</ele>
   </trkpt>
   <trkpt lat="49.313070" lon="3.675820">
    <ele>64.4</ele>
   </trkpt>
   <trkpt lat="49.313010" lon="3.675850">
    <ele>64.4</ele>
   </trkpt>
   <trkpt lat="49.312900" lon="3.676040">
    <ele>63.7</ele>
   </trkpt>
   <trkpt lat="49.312890" lon="3.676150">
    <ele>63.7</ele>
   </trkpt>
   <trkpt lat="49.312900" lon="3.676380">
    <ele>63.1</ele>
   </trkpt>
   <trkpt lat="49.312940" lon="3.676760">
    <ele>62.7</ele>
   </trkpt>
   <trkpt lat="49.313110" lon="3.677810">
    <ele>61.0</ele>
   </trkpt>
   <trkpt lat="49.313190" lon="3.678390">
    <ele>60.4</ele>
   </trkpt>
   <trkpt lat="49.313240" lon="3.679220">
    <ele>60.3</ele>
   </trkpt>
   <trkpt lat="49.313220" lon="3.679400">
    <ele>60.3</ele>
   </trkpt>
   <trkpt lat="49.313150" lon="3.679380">
    <ele>60.3</ele>
   </trkpt>
   <trkpt lat="49.313130" lon="3.679400">
    <ele>60.3</ele>
   </trkpt>
   <trkpt lat="49.313080" lon="3.679460">
    <ele>60.2</ele>
   </trkpt>
   <trkpt lat="49.313070" lon="3.679560">
    <ele>60.2</ele>
   </trkpt>
   <trkpt lat="49.313130" lon="3.679660">
    <ele>60.1</ele>
   </trkpt>
   <trkpt lat="49.313190" lon="3.679670">
    <ele>60.1</ele>
   </trkpt>
   <trkpt lat="49.313400" lon="3.680070">
    <ele>60.2</ele>
   </trkpt>
   <trkpt lat="49.313400" lon="3.680060">
    <ele>60.2</ele>
   </trkpt>
   <trkpt lat="49.313190" lon="3.679670">
    <ele>60.2</ele>
   </trkpt>
   <trkpt lat="49.313130" lon="3.679660">
    <ele>60.2</ele>
   </trkpt>
   <trkpt lat="49.313070" lon="3.679560">
    <ele>60.3</ele>
   </trkpt>
   <trkpt lat="49.312770" lon="3.679560">
    <ele>60.8</ele>
   </trkpt>
   <trkpt lat="49.312087" lon="3.679595">
    <ele>62.0</ele>
   </trkpt>
   <trkpt lat="49.311405" lon="3.679630">
    <ele>65.3</ele>
   </trkpt>
   <trkpt lat="49.310722" lon="3.679665">
    <ele>65.1</ele>
   </trkpt>
   <trkpt lat="49.310040" lon="3.679700">
    <ele>63.9</ele>
   </trkpt>
   <trkpt lat="49.310010" lon="3.679600">
    <ele>63.8</ele>
   </trkpt>
   <trkpt lat="49.309990" lon="3.679580">
    <ele>63.8</ele>
   </trkpt>
   <trkpt lat="49.309940" lon="3.679570">
    <ele>63.8</ele>
   </trkpt>
   <trkpt lat="49.309900" lon="3.679600">
    <ele>63.8</ele>
   </trkpt>
   <trkpt lat="49.309880" lon="3.679700">
    <ele>63.8</ele>
   </trkpt>
   <trkpt lat="49.309245" lon="3.679725">
    <ele>65.2</ele>
   </trkpt>
   <trkpt lat="49.308610" lon="3.679750">
    <ele>68.6</ele>
   </trkpt>
   <trkpt lat="49.308580" lon="3.679670">
    <ele>68.8</ele>
   </trkpt>
   <trkpt lat="49.308530" lon="3.679650">
    <ele>68.8</ele>
   </trkpt>
   <trkpt lat="49.308490" lon="3.679680">
    <ele>68.8</ele>
   </trkpt>
   <trkpt lat="49.308470" lon="3.679770">
    <ele>69.7</ele>
   </trkpt>
   <trkpt lat="49.308330" lon="3.679780">
    <ele>70.4</ele>
   </trkpt>
   <trkpt lat="49.307835" lon="3.679805">
    <ele>73.0</ele>
   </trkpt>
   <trkpt lat="49.307340" lon="3.679830">
    <ele>75.6</ele>
   </trkpt>
   <trkpt lat="49.307080" lon="3.679760">
    <ele>76.1</ele>
   </trkpt>
   <trkpt lat="49.306820" lon="3.679930">
    <ele>76.4</ele>
   </trkpt>
   <trkpt lat="49.306290" lon="3.680330">
    <ele>76.0</ele>
   </trkpt>
   <trkpt lat="49.305605" lon="3.680900">
    <ele>75.1</ele>
   </trkpt>
   <trkpt lat="49.304920" lon="3.681470">
    <ele>74.1</ele>
   </trkpt>
   <trkpt lat="49.304830" lon="3.681530">
    <ele>74.2</ele>
   </trkpt>
   <trkpt lat="49.304630" lon="3.681610">
    <ele>74.3</ele>
   </trkpt>
   <trkpt lat="49.304210" lon="3.681670">
    <ele>74.7</ele>
   </trkpt>
   <trkpt lat="49.303490" lon="3.681700">
    <ele>76.7</ele>
   </trkpt>
   <trkpt lat="49.302770" lon="3.681730">
    <ele>79.3</ele>
   </trkpt>
   <trkpt lat="49.301955" lon="3.681750">
    <ele>83.4</ele>
   </trkpt>
   <trkpt lat="49.301140" lon="3.681770">
    <ele>84.1</ele>
   </trkpt>
   <trkpt lat="49.300750" lon="3.681800">
    <ele>84.1</ele>
   </trkpt>
   <trkpt lat="49.300200" lon="3.681900">
    <ele>83.6</ele>
   </trkpt>
   <trkpt lat="49.299363" lon="3.682134">
    <ele>80.2</ele>
   </trkpt>
   <trkpt lat="49.298526" lon="3.682369">
    <ele>79.5</ele>
   </trkpt>
   <trkpt lat="49.297689" lon="3.682603">
    <ele>79.8</ele>
   </trkpt>
   <trkpt lat="49.296851" lon="3.682837">
    <ele>76.7</ele>
   </trkpt>
   <trkpt lat="49.296014" lon="3.683071">
    <ele>77.1</ele>
   </trkpt>
   <trkpt lat="49.295177" lon="3.683306">
    <ele>81.2</ele>
   </trkpt>
   <trkpt lat="49.294340" lon="3.683540">
    <ele>80.8</ele>
   </trkpt>
   <trkpt lat="49.294010" lon="3.683510">
    <ele>80.4</ele>
   </trkpt>
   <trkpt lat="49.293590" lon="3.683370">
    <ele>80.6</ele>
   </trkpt>
   <trkpt lat="49.292770" lon="3.683055">
    <ele>87.2</ele>
   </trkpt>
   <trkpt lat="49.291950" lon="3.682740">
    <ele>92.1</ele>
   </trkpt>
   <trkpt lat="49.291280" lon="3.682440">
    <ele>94.0</ele>
   </trkpt>
   <trkpt lat="49.290526" lon="3.682194">
    <ele>93.7</ele>
   </trkpt>
   <trkpt lat="49.289771" lon="3.681949">
    <ele>93.1</ele>
   </trkpt>
   <trkpt lat="49.289017" lon="3.681703">
    <ele>92.4</ele>
   </trkpt>
   <trkpt lat="49.288263" lon="3.681457">
    <ele>90.3</ele>
   </trkpt>
   <trkpt lat="49.287509" lon="3.681211">
    <ele>90.3</ele>
   </trkpt>
   <trkpt lat="49.286754" lon="3.680966">
    <ele>92.3</ele>
   </trkpt>
   <trkpt lat="49.286000" lon="3.680720">
    <ele>91.4</ele>
   </trkpt>
   <trkpt lat="49.285770" lon="3.680680">
    <ele>90.7</ele>
   </trkpt>
   <trkpt lat="49.285480" lon="3.680690">
    <ele>89.1</ele>
   </trkpt>
   <trkpt lat="49.285370" lon="3.680710">
    <ele>87.9</ele>
   </trkpt>
   <trkpt lat="49.285180" lon="3.680780">
    <ele>87.0</ele>
   </trkpt>
   <trkpt lat="49.285020" lon="3.680860">
    <ele>86.5</ele>
   </trkpt>
   <trkpt lat="49.284700" lon="3.681090">
    <ele>85.6</ele>
   </trkpt>
   <trkpt lat="49.284360" lon="3.681450">
    <ele>85.9</ele>
   </trkpt>
   <trkpt lat="49.284120" lon="3.681780">
    <ele>86.3</ele>
   </trkpt>
   <trkpt lat="49.283530" lon="3.682808">
    <ele>86.9</ele>
   </trkpt>
   <trkpt lat="49.282940" lon="3.683835">
    <ele>85.4</ele>
   </trkpt>
   <trkpt lat="49.282350" lon="3.684863">
    <ele>82.9</ele>
   </trkpt>
   <trkpt lat="49.281760" lon="3.685890">
    <ele>83.7</ele>
   </trkpt>
   <trkpt lat="49.281305" lon="3.686530">
    <ele>82.1</ele>
   </trkpt>
   <trkpt lat="49.280850" lon="3.687170">
    <ele>82.6</ele>
   </trkpt>
   <trkpt lat="49.280610" lon="3.687550">
    <ele>83.4</ele>
   </trkpt>
   <trkpt lat="49.280430" lon="3.687950">
    <ele>84.3</ele>
   </trkpt>
   <trkpt lat="49.279950" lon="3.689110">
    <ele>84.0</ele>
   </trkpt>
   <trkpt lat="49.279470" lon="3.690270">
    <ele>80.8</ele>
   </trkpt>
   <trkpt lat="49.279340" lon="3.690500">
    <ele>80.2</ele>
   </trkpt>
   <trkpt lat="49.279190" lon="3.690720">
    <ele>79.3</ele>
   </trkpt>
   <trkpt lat="49.278695" lon="3.691265">
    <ele>76.8</ele>
   </trkpt>
   <trkpt lat="49.278200" lon="3.691810">
    <ele>73.5</ele>
   </trkpt>
   <trkpt lat="49.277830" lon="3.692215">
    <ele>75.1</ele>
   </trkpt>
   <trkpt lat="49.277460" lon="3.692620">
    <ele>76.6</ele>
   </trkpt>
   <trkpt lat="49.277280" lon="3.692880">
    <ele>77.5</ele>
   </trkpt>
   <trkpt lat="49.276775" lon="3.693945">
    <ele>79.4</ele>
   </trkpt>
   <trkpt lat="49.276270" lon="3.695010">
    <ele>81.7</ele>
   </trkpt>
   <trkpt lat="49.276030" lon="3.695460">
    <ele>80.5</ele>
   </trkpt>
   <trkpt lat="49.275800" lon="3.695810">
    <ele>79.4</ele>
   </trkpt>
   <trkpt lat="49.275225" lon="3.696558">
    <ele>76.5</ele>
   </trkpt>
   <trkpt lat="49.274650" lon="3.697305">
    <ele>77.8</ele>
   </trkpt>
   <trkpt lat="49.274075" lon="3.698053">
    <ele>77.4</ele>
   </trkpt>
   <trkpt lat="49.273500" lon="3.698800">
    <ele>74.2</ele>
   </trkpt>
   <trkpt lat="49.272910" lon="3.699600">
    <ele>72.2</ele>
   </trkpt>
   <trkpt lat="49.272830" lon="3.699770">
    <ele>72.1</ele>
   </trkpt>
   <trkpt lat="49.272730" lon="3.700030">
    <ele>71.8</ele>
   </trkpt>
   <trkpt lat="49.272363" lon="3.701227">
    <ele>75.4</ele>
   </trkpt>
   <trkpt lat="49.271997" lon="3.702423">
    <ele>78.4</ele>
   </trkpt>
   <trkpt lat="49.271630" lon="3.703620">
    <ele>81.7</ele>
   </trkpt>
   <trkpt lat="49.271263" lon="3.704817">
    <ele>85.5</ele>
   </trkpt>
   <trkpt lat="49.270897" lon="3.706013">
    <ele>89.9</ele>
   </trkpt>
   <trkpt lat="49.270530" lon="3.707210">
    <ele>89.8</ele>
   </trkpt>
   <trkpt lat="49.270235" lon="3.708263">
    <ele>89.8</ele>
   </trkpt>
   <trkpt lat="49.269940" lon="3.709315">
    <ele>89.4</ele>
   </trkpt>
   <trkpt lat="49.269645" lon="3.710368">
    <ele>87.5</ele>
   </trkpt>
   <trkpt lat="49.269350" lon="3.711420">
    <ele>86.9</ele>
   </trkpt>
   <trkpt lat="49.269040" lon="3.712490">
    <ele>91.6</ele>
   </trkpt>
   <trkpt lat="49.268730" lon="3.713560">
    <ele>95.5</ele>
   </trkpt>
   <trkpt lat="49.268420" lon="3.714630">
    <ele>95.6</ele>
   </trkpt>
   <trkpt lat="49.268020" lon="3.715530">
    <ele>93.4</ele>
   </trkpt>
   <trkpt lat="49.267640" lon="3.716350">
    <ele>92.2</ele>
   </trkpt>
   <trkpt lat="49.267530" lon="3.716540">
    <ele>92.2</ele>
   </trkpt>
   <trkpt lat="49.267390" lon="3.716720">
    <ele>92.2</ele>
   </trkpt>
   <trkpt lat="49.267230" lon="3.716870">
    <ele>92.2</ele>
   </trkpt>
   <trkpt lat="49.267090" lon="3.716970">
    <ele>92.0</ele>
   </trkpt>
   <trkpt lat="49.266740" lon="3.717120">
    <ele>91.9</ele>
   </trkpt>
   <trkpt lat="49.266560" lon="3.717220">
    <ele>91.7</ele>
   </trkpt>
   <trkpt lat="49.266390" lon="3.717380">
    <ele>91.7</ele>
   </trkpt>
   <trkpt lat="49.266290" lon="3.717500">
    <ele>91.8</ele>
   </trkpt>
   <trkpt lat="49.266120" lon="3.717820">
    <ele>92.3</ele>
   </trkpt>
   <trkpt lat="49.265750" lon="3.718770">
    <ele>92.9</ele>
   </trkpt>
   <trkpt lat="49.265380" lon="3.719720">
    <ele>92.0</ele>
   </trkpt>
   <trkpt lat="49.265230" lon="3.720190">
    <ele>91.5</ele>
   </trkpt>
   <trkpt lat="49.265070" lon="3.720890">
    <ele>90.0</ele>
   </trkpt>
   <trkpt lat="49.264910" lon="3.721590">
    <ele>87.5</ele>
   </trkpt>
   <trkpt lat="49.264655" lon="3.722785">
    <ele>85.8</ele>
   </trkpt>
   <trkpt lat="49.264400" lon="3.723980">
    <ele>87.7</ele>
   </trkpt>
   <trkpt lat="49.264220" lon="3.724450">
    <ele>89.8</ele>
   </trkpt>
   <trkpt lat="49.263835" lon="3.725140">
    <ele>93.1</ele>
   </trkpt>
   <trkpt lat="49.263450" lon="3.725830">
    <ele>91.7</ele>
   </trkpt>
   <trkpt lat="49.263280" lon="3.726000">
    <ele>91.7</ele>
   </trkpt>
   <trkpt lat="49.262850" lon="3.726300">
    <ele>93.8</ele>
   </trkpt>
   <trkpt lat="49.262620" lon="3.726520">
    <ele>95.6</ele>
   </trkpt>
   <trkpt lat="49.262510" lon="3.726680">
    <ele>95.6</ele>
   </trkpt>
   <trkpt lat="49.262330" lon="3.727010">
    <ele>97.4</ele>
   </trkpt>
   <trkpt lat="49.262200" lon="3.727300">
    <ele>98.4</ele>
   </trkpt>
   <trkpt lat="49.261865" lon="3.728155">
    <ele>100.0</ele>
   </trkpt>
   <trkpt lat="49.261530" lon="3.729010">
    <ele>99.9</ele>
   </trkpt>
   <trkpt lat="49.261160" lon="3.730248">
    <ele>97.0</ele>
   </trkpt>
   <trkpt lat="49.260790" lon="3.731486">
    <ele>96.8</ele>
   </trkpt>
   <trkpt lat="49.260420" lon="3.732724">
    <ele>95.0</ele>
   </trkpt>
   <trkpt lat="49.260050" lon="3.733962">
    <ele>96.1</ele>
   </trkpt>
   <trkpt lat="49.259680" lon="3.735200">
    <ele>97.7</ele>
   </trkpt>
   <trkpt lat="49.259390" lon="3.736245">
    <ele>96.3</ele>
   </trkpt>
   <trkpt lat="49.259100" lon="3.737290">
    <ele>92.0</ele>
   </trkpt>
   <trkpt lat="49.259020" lon="3.737500">
    <ele>90.8</ele>
   </trkpt>
   <trkpt lat="49.258860" lon="3.737760">
    <ele>89.1</ele>
   </trkpt>
   <trkpt lat="49.258710" lon="3.738020">
    <ele>87.8</ele>
   </trkpt>
   <trkpt lat="49.258470" lon="3.738350">
    <ele>85.3</ele>
   </trkpt>
   <trkpt lat="49.258260" lon="3.738560">
    <ele>84.3</ele>
   </trkpt>
   <trkpt lat="49.257800" lon="3.738920">
    <ele>84.4</ele>
   </trkpt>
   <trkpt lat="49.257720" lon="3.739050">
    <ele>84.5</ele>
   </trkpt>
   <trkpt lat="49.257630" lon="3.739240">
    <ele>84.6</ele>
   </trkpt>
   <trkpt lat="49.257540" lon="3.739530">
    <ele>85.2</ele>
   </trkpt>
   <trkpt lat="49.257335" lon="3.740450">
    <ele>86.8</ele>
   </trkpt>
   <trkpt lat="49.257130" lon="3.741370">
    <ele>88.7</ele>
   </trkpt>
   <trkpt lat="49.257050" lon="3.741620">
    <ele>89.8</ele>
   </trkpt>
   <trkpt lat="49.256970" lon="3.741800">
    <ele>90.9</ele>
   </trkpt>
   <trkpt lat="49.256840" lon="3.742030">
    <ele>91.4</ele>
   </trkpt>
   <trkpt lat="49.256420" lon="3.742640">
    <ele>91.2</ele>
   </trkpt>
   <trkpt lat="49.256350" lon="3.742830">
    <ele>91.3</ele>
   </trkpt>
   <trkpt lat="49.256190" lon="3.743780">
    <ele>92.0</ele>
   </trkpt>
   <trkpt lat="49.256080" lon="3.744290">
    <ele>92.2</ele>
   </trkpt>
   <trkpt lat="49.255820" lon="3.745305">
    <ele>92.4</ele>
   </trkpt>
   <trkpt lat="49.255560" lon="3.746320">
    <ele>92.3</ele>
   </trkpt>
   <trkpt lat="49.255410" lon="3.746860">
    <ele>92.2</ele>
   </trkpt>
   <trkpt lat="49.255270" lon="3.747140">
    <ele>92.6</ele>
   </trkpt>
   <trkpt lat="49.255070" lon="3.747440">
    <ele>93.7</ele>
   </trkpt>
   <trkpt lat="49.254695" lon="3.747930">
    <ele>95.3</ele>
   </trkpt>
   <trkpt lat="49.254320" lon="3.748420">
    <ele>98.0</ele>
   </trkpt>
   <trkpt lat="49.254100" lon="3.748810">
    <ele>97.9</ele>
   </trkpt>
   <trkpt lat="49.254040" lon="3.748950">
    <ele>97.5</ele>
   </trkpt>
   <trkpt lat="49.253950" lon="3.749280">
    <ele>95.9</ele>
   </trkpt>
   <trkpt lat="49.253900" lon="3.749590">
    <ele>95.0</ele>
   </trkpt>
   <trkpt lat="49.253780" lon="3.750730">
    <ele>89.4</ele>
   </trkpt>
   <trkpt lat="49.253720" lon="3.751060">
    <ele>88.6</ele>
   </trkpt>
   <trkpt lat="49.253590" lon="3.751580">
    <ele>87.9</ele>
   </trkpt>
   <trkpt lat="49.253380" lon="3.752260">
    <ele>89.4</ele>
   </trkpt>
   <trkpt lat="49.253170" lon="3.752940">
    <ele>91.5</ele>
   </trkpt>
   <trkpt lat="49.252780" lon="3.753780">
    <ele>93.9</ele>
   </trkpt>
   <trkpt lat="49.252510" lon="3.754400">
    <ele>95.0</ele>
   </trkpt>
   <trkpt lat="49.252253" lon="3.755303">
    <ele>95.5</ele>
   </trkpt>
   <trkpt lat="49.251997" lon="3.756207">
    <ele>96.7</ele>
   </trkpt>
   <trkpt lat="49.251740" lon="3.757110">
    <ele>98.7</ele>
   </trkpt>
   <trkpt lat="49.251640" lon="3.757750">
    <ele>98.5</ele>
   </trkpt>
   <trkpt lat="49.251503" lon="3.759100">
    <ele>95.3</ele>
   </trkpt>
   <trkpt lat="49.251365" lon="3.760450">
    <ele>92.3</ele>
   </trkpt>
   <trkpt lat="49.251228" lon="3.761800">
    <ele>91.0</ele>
   </trkpt>
   <trkpt lat="49.251090" lon="3.763150">
    <ele>92.9</ele>
   </trkpt>
   <trkpt lat="49.251150" lon="3.764420">
    <ele>100.9</ele>
   </trkpt>
   <trkpt lat="49.251140" lon="3.764870">
    <ele>105.8</ele>
   </trkpt>
   <trkpt lat="49.251030" lon="3.765610">
    <ele>110.7</ele>
   </trkpt>
   <trkpt lat="49.251010" lon="3.765960">
    <ele>112.3</ele>
   </trkpt>
   <trkpt lat="49.251040" lon="3.766660">
    <ele>113.3</ele>
   </trkpt>
   <trkpt lat="49.251020" lon="3.767090">
    <ele>112.9</ele>
   </trkpt>
   <trkpt lat="49.251000" lon="3.767190">
    <ele>112.3</ele>
   </trkpt>
   <trkpt lat="49.250960" lon="3.767250">
    <ele>112.3</ele>
   </trkpt>
   <trkpt lat="49.250910" lon="3.767290">
    <ele>112.3</ele>
   </trkpt>
   <trkpt lat="49.250650" lon="3.767370">
    <ele>112.4</ele>
   </trkpt>
   <trkpt lat="49.250220" lon="3.767605">
    <ele>114.9</ele>
   </trkpt>
   <trkpt lat="49.249790" lon="3.767840">
    <ele>116.2</ele>
   </trkpt>
   <trkpt lat="49.249660" lon="3.767980">
    <ele>116.2</ele>
   </trkpt>
   <trkpt lat="49.249570" lon="3.768140">
    <ele>115.8</ele>
   </trkpt>
   <trkpt lat="49.249270" lon="3.769120">
    <ele>112.9</ele>
   </trkpt>
   <trkpt lat="49.248970" lon="3.770100">
    <ele>111.1</ele>
   </trkpt>
   <trkpt lat="49.248610" lon="3.771309">
    <ele>110.9</ele>
   </trkpt>
   <trkpt lat="49.248250" lon="3.772517">
    <ele>113.2</ele>
   </trkpt>
   <trkpt lat="49.247890" lon="3.773726">
    <ele>114.6</ele>
   </trkpt>
   <trkpt lat="49.247530" lon="3.774934">
    <ele>111.4</ele>
   </trkpt>
   <trkpt lat="49.247170" lon="3.776143">
    <ele>110.2</ele>
   </trkpt>
   <trkpt lat="49.246810" lon="3.777351">
    <ele>111.8</ele>
   </trkpt>
   <trkpt lat="49.246450" lon="3.778560">
    <ele>113.8</ele>
   </trkpt>
   <trkpt lat="49.246130" lon="3.779640">
    <ele>113.2</ele>
   </trkpt>
   <trkpt lat="49.245960" lon="3.780120">
    <ele>112.4</ele>
   </trkpt>
   <trkpt lat="49.245660" lon="3.780650">
    <ele>110.0</ele>
   </trkpt>
   <trkpt lat="49.245240" lon="3.781250">
    <ele>107.6</ele>
   </trkpt>
   <trkpt lat="49.245120" lon="3.781390">
    <ele>107.2</ele>
   </trkpt>
   <trkpt lat="49.245050" lon="3.781420">
    <ele>106.6</ele>
   </trkpt>
   <trkpt lat="49.244960" lon="3.781360">
    <ele>106.6</ele>
   </trkpt>
   <trkpt lat="49.244730" lon="3.781070">
    <ele>105.5</ele>
   </trkpt>
   <trkpt lat="49.244660" lon="3.781010">
    <ele>105.5</ele>
   </trkpt>
   <trkpt lat="49.244600" lon="3.781010">
    <ele>104.5</ele>
   </trkpt>
   <trkpt lat="49.244550" lon="3.781060">
    <ele>104.5</ele>
   </trkpt>
   <trkpt lat="49.244225" lon="3.781570">
    <ele>102.3</ele>
   </trkpt>
   <trkpt lat="49.243900" lon="3.782080">
    <ele>100.6</ele>
   </trkpt>
   <trkpt lat="49.243810" lon="3.782270">
    <ele>100.0</ele>
   </trkpt>
   <trkpt lat="49.243810" lon="3.782320">
    <ele>100.0</ele>
   </trkpt>
   <trkpt lat="49.243840" lon="3.782400">
    <ele>99.8</ele>
   </trkpt>
   <trkpt lat="49.244060" lon="3.782650">
    <ele>99.4</ele>
   </trkpt>
   <trkpt lat="49.244490" lon="3.783050">
    <ele>98.4</ele>
   </trkpt>
   <trkpt lat="49.244520" lon="3.783180">
    <ele>97.6</ele>
   </trkpt>
   <trkpt lat="49.244490" lon="3.784350">
    <ele>97.2</ele>
   </trkpt>
   <trkpt lat="49.244430" lon="3.784700">
    <ele>97.4</ele>
   </trkpt>
   <trkpt lat="49.244350" lon="3.784890">
    <ele>97.8</ele>
   </trkpt>
   <trkpt lat="49.244180" lon="3.785100">
    <ele>98.4</ele>
   </trkpt>
   <trkpt lat="49.244020" lon="3.785140">
    <ele>99.0</ele>
   </trkpt>
   <trkpt lat="49.243900" lon="3.785140">
    <ele>99.6</ele>
   </trkpt>
   <trkpt lat="49.243330" lon="3.785010">
    <ele>101.9</ele>
   </trkpt>
   <trkpt lat="49.243070" lon="3.784970">
    <ele>101.7</ele>
   </trkpt>
   <trkpt lat="49.242950" lon="3.784970">
    <ele>101.2</ele>
   </trkpt>
   <trkpt lat="49.242153" lon="3.785065">
    <ele>96.8</ele>
   </trkpt>
   <trkpt lat="49.241357" lon="3.785160">
    <ele>96.5</ele>
   </trkpt>
   <trkpt lat="49.240560" lon="3.785255">
    <ele>98.2</ele>
   </trkpt>
   <trkpt lat="49.239763" lon="3.785350">
    <ele>98.3</ele>
   </trkpt>
   <trkpt lat="49.238967" lon="3.785445">
    <ele>96.8</ele>
   </trkpt>
   <trkpt lat="49.238170" lon="3.785540">
    <ele>95.5</ele>
   </trkpt>
   <trkpt lat="49.237780" lon="3.785630">
    <ele>94.2</ele>
   </trkpt>
   <trkpt lat="49.237490" lon="3.785790">
    <ele>93.0</ele>
   </trkpt>
   <trkpt lat="49.237210" lon="3.786010">
    <ele>92.2</ele>
   </trkpt>
   <trkpt lat="49.236910" lon="3.786290">
    <ele>91.6</ele>
   </trkpt>
   <trkpt lat="49.236610" lon="3.786670">
    <ele>91.5</ele>
   </trkpt>
   <trkpt lat="49.236440" lon="3.786990">
    <ele>91.4</ele>
   </trkpt>
   <trkpt lat="49.235983" lon="3.787940">
    <ele>91.5</ele>
   </trkpt>
   <trkpt lat="49.235525" lon="3.788890">
    <ele>91.8</ele>
   </trkpt>
   <trkpt lat="49.235068" lon="3.789840">
    <ele>91.5</ele>
   </trkpt>
   <trkpt lat="49.234610" lon="3.790790">
    <ele>90.8</ele>
   </trkpt>
   <trkpt lat="49.234480" lon="3.791070">
    <ele>90.6</ele>
   </trkpt>
   <trkpt lat="49.234400" lon="3.791150">
    <ele>91.0</ele>
   </trkpt>
   <trkpt lat="49.234490" lon="3.791440">
    <ele>91.5</ele>
   </trkpt>
   <trkpt lat="49.234640" lon="3.791780">
    <ele>92.2</ele>
   </trkpt>
   <trkpt lat="49.234660" lon="3.792000">
    <ele>92.2</ele>
   </trkpt>
   <trkpt lat="49.234630" lon="3.792260">
    <ele>92.6</ele>
   </trkpt>
   <trkpt lat="49.234570" lon="3.792470">
    <ele>92.8</ele>
   </trkpt>
   <trkpt lat="49.234490" lon="3.792620">
    <ele>92.8</ele>
   </trkpt>
   <trkpt lat="49.234230" lon="3.793020">
    <ele>92.1</ele>
   </trkpt>
   <trkpt lat="49.234130" lon="3.793270">
    <ele>91.8</ele>
   </trkpt>
   <trkpt lat="49.233890" lon="3.794090">
    <ele>92.2</ele>
   </trkpt>
   <trkpt lat="49.233545" lon="3.794850">
    <ele>92.5</ele>
   </trkpt>
   <trkpt lat="49.233200" lon="3.795610">
    <ele>91.8</ele>
   </trkpt>
   <trkpt lat="49.233060" lon="3.796060">
    <ele>91.7</ele>
   </trkpt>
   <trkpt lat="49.232970" lon="3.796510">
    <ele>92.1</ele>
   </trkpt>
   <trkpt lat="49.232960" lon="3.796870">
    <ele>93.0</ele>
   </trkpt>
   <trkpt lat="49.233065" lon="3.797635">
    <ele>94.8</ele>
   </trkpt>
   <trkpt lat="49.233170" lon="3.798400">
    <ele>96.3</ele>
   </trkpt>
   <trkpt lat="49.233170" lon="3.798720">
    <ele>96.3</ele>
   </trkpt>
   <trkpt lat="49.233120" lon="3.799920">
    <ele>95.6</ele>
   </trkpt>
   <trkpt lat="49.233070" lon="3.801120">
    <ele>94.4</ele>
   </trkpt>
   <trkpt lat="49.233020" lon="3.802320">
    <ele>96.6</ele>
   </trkpt>
   <trkpt lat="49.232970" lon="3.803520">
    <ele>99.9</ele>
   </trkpt>
   <trkpt lat="49.232920" lon="3.804720">
    <ele>102.3</ele>
   </trkpt>
   <trkpt lat="49.232870" lon="3.805920">
    <ele>102.6</ele>
   </trkpt>
   <trkpt lat="49.232820" lon="3.807120">
    <ele>101.3</ele>
   </trkpt>
   <trkpt lat="49.232850" lon="3.807900">
    <ele>99.9</ele>
   </trkpt>
   <trkpt lat="49.233040" lon="3.808690">
    <ele>99.8</ele>
   </trkpt>
   <trkpt lat="49.233485" lon="3.809825">
    <ele>101.3</ele>
   </trkpt>
   <trkpt lat="49.233930" lon="3.810960">
    <ele>104.3</ele>
   </trkpt>
   <trkpt lat="49.234375" lon="3.812095">
    <ele>104.2</ele>
   </trkpt>
   <trkpt lat="49.234820" lon="3.813230">
    <ele>101.2</ele>
   </trkpt>
   <trkpt lat="49.235105" lon="3.813935">
    <ele>100.6</ele>
   </trkpt>
   <trkpt lat="49.235390" lon="3.814640">
    <ele>101.7</ele>
   </trkpt>
   <trkpt lat="49.235590" lon="3.815090">
    <ele>101.9</ele>
   </trkpt>
   <trkpt lat="49.235850" lon="3.815500">
    <ele>102.5</ele>
   </trkpt>
   <trkpt lat="49.236373" lon="3.816265">
    <ele>103.5</ele>
   </trkpt>
   <trkpt lat="49.236895" lon="3.817030">
    <ele>104.4</ele>
   </trkpt>
   <trkpt lat="49.237418" lon="3.817795">
    <ele>106.4</ele>
   </trkpt>
   <trkpt lat="49.237940" lon="3.818560">
    <ele>109.6</ele>
   </trkpt>
   <trkpt lat="49.238210" lon="3.818990">
    <ele>110.7</ele>
   </trkpt>
   <trkpt lat="49.238250" lon="3.818990">
    <ele>111.4</ele>
   </trkpt>
   <trkpt lat="49.238280" lon="3.819070">
    <ele>111.4</ele>
   </trkpt>
   <trkpt lat="49.238805" lon="3.819835">
    <ele>112.1</ele>
   </trkpt>
   <trkpt lat="49.239330" lon="3.820600">
    <ele>110.8</ele>
   </trkpt>
   <trkpt lat="49.239590" lon="3.820860">
    <ele>109.5</ele>
   </trkpt>
   <trkpt lat="49.239970" lon="3.821200">
    <ele>108.8</ele>
   </trkpt>
   <trkpt lat="49.240050" lon="3.821300">
    <ele>108.8</ele>
   </trkpt>
   <trkpt lat="49.240090" lon="3.821390">
    <ele>108.8</ele>
   </trkpt>
   <trkpt lat="49.240300" lon="3.822080">
    <ele>110.1</ele>
   </trkpt>
   <trkpt lat="49.240450" lon="3.822770">
    <ele>113.6</ele>
   </trkpt>
   <trkpt lat="49.240480" lon="3.824110">
    <ele>115.2</ele>
   </trkpt>
   <trkpt lat="49.240540" lon="3.824850">
    <ele>114.7</ele>
   </trkpt>
   <trkpt lat="49.240730" lon="3.825520">
    <ele>114.4</ele>
   </trkpt>
   <trkpt lat="49.240990" lon="3.826100">
    <ele>113.8</ele>
   </trkpt>
   <trkpt lat="49.241340" lon="3.826760">
    <ele>113.6</ele>
   </trkpt>
   <trkpt lat="49.241420" lon="3.827030">
    <ele>113.4</ele>
   </trkpt>
   <trkpt lat="49.241480" lon="3.827530">
    <ele>113.2</ele>
   </trkpt>
   <trkpt lat="49.241490" lon="3.828120">
    <ele>113.3</ele>
   </trkpt>
   <trkpt lat="49.241530" lon="3.828600">
    <ele>113.5</ele>
   </trkpt>
   <trkpt lat="49.241660" lon="3.829040">
    <ele>114.0</ele>
   </trkpt>
   <trkpt lat="49.241900" lon="3.829660">
    <ele>116.4</ele>
   </trkpt>
   <trkpt lat="49.242363" lon="3.830575">
    <ele>123.5</ele>
   </trkpt>
   <trkpt lat="49.242825" lon="3.831490">
    <ele>127.9</ele>
   </trkpt>
   <trkpt lat="49.243288" lon="3.832405">
    <ele>132.2</ele>
   </trkpt>
   <trkpt lat="49.243750" lon="3.833320">
    <ele>137.9</ele>
   </trkpt>
   <trkpt lat="49.244270" lon="3.834110">
    <ele>144.4</ele>
   </trkpt>
   <trkpt lat="49.244808" lon="3.834765">
    <ele>147.0</ele>
   </trkpt>
   <trkpt lat="49.245345" lon="3.835420">
    <ele>152.5</ele>
   </trkpt>
   <trkpt lat="49.245883" lon="3.836075">
    <ele>158.1</ele>
   </trkpt>
   <trkpt lat="49.246420" lon="3.836730">
    <ele>162.1</ele>
   </trkpt>
   <trkpt lat="49.246790" lon="3.837200">
    <ele>169.8</ele>
   </trkpt>
   <trkpt lat="49.247010" lon="3.837620">
    <ele>169.8</ele>
   </trkpt>
   <trkpt lat="49.247340" lon="3.838490">
    <ele>172.8</ele>
   </trkpt>
   <trkpt lat="49.247670" lon="3.839360">
    <ele>178.7</ele>
   </trkpt>
   <trkpt lat="49.247940" lon="3.839840">
    <ele>180.3</ele>
   </trkpt>
   <trkpt lat="49.248060" lon="3.840010">
    <ele>181.5</ele>
   </trkpt>
   <trkpt lat="49.248330" lon="3.840330">
    <ele>184.3</ele>
   </trkpt>
   <trkpt lat="49.248978" lon="3.840976">
    <ele>187.5</ele>
   </trkpt>
   <trkpt lat="49.249626" lon="3.841622">
    <ele>189.4</ele>
   </trkpt>
   <trkpt lat="49.250274" lon="3.842268">
    <ele>190.9</ele>
   </trkpt>
   <trkpt lat="49.250922" lon="3.842914">
    <ele>192.8</ele>
   </trkpt>
   <trkpt lat="49.251570" lon="3.843560">
    <ele>194.7</ele>
   </trkpt>
   <trkpt lat="49.251760" lon="3.843790">
    <ele>194.8</ele>
   </trkpt>
   <trkpt lat="49.251880" lon="3.843970">
    <ele>194.7</ele>
   </trkpt>
   <trkpt lat="49.252010" lon="3.844230">
    <ele>194.7</ele>
   </trkpt>
   <trkpt lat="49.252090" lon="3.844430">
    <ele>194.5</ele>
   </trkpt>
   <trkpt lat="49.252190" lon="3.844880">
    <ele>194.5</ele>
   </trkpt>
   <trkpt lat="49.252230" lon="3.845460">
    <ele>194.2</ele>
   </trkpt>
   <trkpt lat="49.252160" lon="3.846140">
    <ele>193.5</ele>
   </trkpt>
   <trkpt lat="49.251971" lon="3.847316">
    <ele>192.1</ele>
   </trkpt>
   <trkpt lat="49.251783" lon="3.848491">
    <ele>190.4</ele>
   </trkpt>
   <trkpt lat="49.251594" lon="3.849667">
    <ele>188.5</ele>
   </trkpt>
   <trkpt lat="49.251406" lon="3.850843">
    <ele>186.9</ele>
   </trkpt>
   <trkpt lat="49.251217" lon="3.852019">
    <ele>184.5</ele>
   </trkpt>
   <trkpt lat="49.251029" lon="3.853194">
    <ele>183.1</ele>
   </trkpt>
   <trkpt lat="49.250840" lon="3.854370">
    <ele>181.4</ele>
   </trkpt>
   <trkpt lat="49.250800" lon="3.854710">
    <ele>180.7</ele>
   </trkpt>
   <trkpt lat="49.250820" lon="3.855440">
    <ele>178.6</ele>
   </trkpt>
   <trkpt lat="49.250880" lon="3.855830">
    <ele>178.3</ele>
   </trkpt>
   <trkpt lat="49.251000" lon="3.856360">
    <ele>175.7</ele>
   </trkpt>
   <trkpt lat="49.251130" lon="3.856710">
    <ele>173.8</ele>
   </trkpt>
   <trkpt lat="49.251300" lon="3.857070">
    <ele>171.6</ele>
   </trkpt>
   <trkpt lat="49.251440" lon="3.857280">
    <ele>169.2</ele>
   </trkpt>
   <trkpt lat="49.251725" lon="3.857930">
    <ele>167.0</ele>
   </trkpt>
   <trkpt lat="49.252010" lon="3.858580">
    <ele>163.2</ele>
   </trkpt>
   <trkpt lat="49.252220" lon="3.859110">
    <ele>160.9</ele>
   </trkpt>
   <trkpt lat="49.252310" lon="3.859570">
    <ele>157.8</ele>
   </trkpt>
   <trkpt lat="49.252310" lon="3.859930">
    <ele>157.8</ele>
   </trkpt>
   <trkpt lat="49.252240" lon="3.861050">
    <ele>149.9</ele>
   </trkpt>
   <trkpt lat="49.252230" lon="3.861640">
    <ele>149.9</ele>
   </trkpt>
   <trkpt lat="49.252240" lon="3.861800">
    <ele>148.3</ele>
   </trkpt>
   <trkpt lat="49.252310" lon="3.862130">
    <ele>147.1</ele>
   </trkpt>
   <trkpt lat="49.252430" lon="3.862510">
    <ele>143.0</ele>
   </trkpt>
   <trkpt lat="49.252850" lon="3.863440">
    <ele>139.8</ele>
   </trkpt>
   <trkpt lat="49.252910" lon="3.863630">
    <ele>139.6</ele>
   </trkpt>
   <trkpt lat="49.252940" lon="3.863860">
    <ele>139.7</ele>
   </trkpt>
   <trkpt lat="49.252970" lon="3.864580">
    <ele>139.6</ele>
   </trkpt>
   <trkpt lat="49.252920" lon="3.864980">
    <ele>139.3</ele>
   </trkpt>
   <trkpt lat="49.252645" lon="3.865920">
    <ele>137.1</ele>
   </trkpt>
   <trkpt lat="49.252370" lon="3.866860">
    <ele>135.1</ele>
   </trkpt>
   <trkpt lat="49.252280" lon="3.867240">
    <ele>134.3</ele>
   </trkpt>
   <trkpt lat="49.252210" lon="3.867900">
    <ele>132.1</ele>
   </trkpt>
   <trkpt lat="49.252220" lon="3.868330">
    <ele>129.0</ele>
   </trkpt>
   <trkpt lat="49.252250" lon="3.868700">
    <ele>127.4</ele>
   </trkpt>
   <trkpt lat="49.252370" lon="3.869410">
    <ele>124.0</ele>
   </trkpt>
   <trkpt lat="49.252583" lon="3.870557">
    <ele>120.3</ele>
   </trkpt>
   <trkpt lat="49.252797" lon="3.871703">
    <ele>114.8</ele>
   </trkpt>
   <trkpt lat="49.253010" lon="3.872850">
    <ele>110.6</ele>
   </trkpt>
   <trkpt lat="49.253120" lon="3.873580">
    <ele>108.6</ele>
   </trkpt>
   <trkpt lat="49.253130" lon="3.874190">
    <ele>107.4</ele>
   </trkpt>
   <trkpt lat="49.253073" lon="3.875475">
    <ele>105.5</ele>
   </trkpt>
   <trkpt lat="49.253015" lon="3.876760">
    <ele>104.6</ele>
   </trkpt>
   <trkpt lat="49.252958" lon="3.878045">
    <ele>104.1</ele>
   </trkpt>
   <trkpt lat="49.252900" lon="3.879330">
    <ele>104.3</ele>
   </trkpt>
   <trkpt lat="49.252990" lon="3.880620">
    <ele>105.0</ele>
   </trkpt>
   <trkpt lat="49.253095" lon="3.881505">
    <ele>106.0</ele>
   </trkpt>
   <trkpt lat="49.253200" lon="3.882390">
    <ele>104.9</ele>
   </trkpt>
   <trkpt lat="49.253220" lon="3.882790">
    <ele>103.7</ele>
   </trkpt>
   <trkpt lat="49.253220" lon="3.884050">
    <ele>101.4</ele>
   </trkpt>
   <trkpt lat="49.253220" lon="3.885310">
    <ele>100.2</ele>
   </trkpt>
   <trkpt lat="49.253220" lon="3.886570">
    <ele>100.7</ele>
   </trkpt>
   <trkpt lat="49.253220" lon="3.887830">
    <ele>101.9</ele>
   </trkpt>
   <trkpt lat="49.253220" lon="3.889090">
    <ele>101.8</ele>
   </trkpt>
   <trkpt lat="49.253140" lon="3.890060">
    <ele>102.5</ele>
   </trkpt>
   <trkpt lat="49.253060" lon="3.891030">
    <ele>103.3</ele>
   </trkpt>
   <trkpt lat="49.252990" lon="3.891570">
    <ele>104.0</ele>
   </trkpt>
   <trkpt lat="49.252930" lon="3.891790">
    <ele>104.3</ele>
   </trkpt>
   <trkpt lat="49.252780" lon="3.892200">
    <ele>104.9</ele>
   </trkpt>
   <trkpt lat="49.252580" lon="3.892520">
    <ele>106.1</ele>
   </trkpt>
   <trkpt lat="49.251905" lon="3.893400">
    <ele>109.5</ele>
   </trkpt>
   <trkpt lat="49.251230" lon="3.894280">
    <ele>111.9</ele>
   </trkpt>
   <trkpt lat="49.250880" lon="3.894780">
    <ele>112.5</ele>
   </trkpt>
   <trkpt lat="49.250670" lon="3.895140">
    <ele>112.7</ele>
   </trkpt>
   <trkpt lat="49.250480" lon="3.895580">
    <ele>112.6</ele>
   </trkpt>
   <trkpt lat="49.250320" lon="3.896040">
    <ele>112.2</ele>
   </trkpt>
   <trkpt lat="49.250065" lon="3.897003">
    <ele>111.5</ele>
   </trkpt>
   <trkpt lat="49.249810" lon="3.897965">
    <ele>109.6</ele>
   </trkpt>
   <trkpt lat="49.249555" lon="3.898928">
    <ele>106.4</ele>
   </trkpt>
   <trkpt lat="49.249300" lon="3.899890">
    <ele>104.5</ele>
   </trkpt>
   <trkpt lat="49.249230" lon="3.900410">
    <ele>104.3</ele>
   </trkpt>
   <trkpt lat="49.249180" lon="3.900430">
    <ele>104.3</ele>
   </trkpt>
   <trkpt lat="49.249150" lon="3.900490">
    <ele>102.8</ele>
   </trkpt>
   <trkpt lat="49.249170" lon="3.900620">
    <ele>102.8</ele>
   </trkpt>
   <trkpt lat="49.249210" lon="3.900670">
    <ele>102.8</ele>
   </trkpt>
   <trkpt lat="49.249270" lon="3.900660">
    <ele>102.8</ele>
   </trkpt>
   <trkpt lat="49.249300" lon="3.900920">
    <ele>102.4</ele>
   </trkpt>
   <trkpt lat="49.249650" lon="3.901890">
    <ele>101.3</ele>
   </trkpt>
   <trkpt lat="49.249825" lon="3.902870">
    <ele>100.8</ele>
   </trkpt>
   <trkpt lat="49.250000" lon="3.903850">
    <ele>100.4</ele>
   </trkpt>
   <trkpt lat="49.250040" lon="3.904240">
    <ele>100.1</ele>
   </trkpt>
   <trkpt lat="49.250060" lon="3.905040">
    <ele>99.4</ele>
   </trkpt>
   <trkpt lat="49.250080" lon="3.905840">
    <ele>98.1</ele>
   </trkpt>
   <trkpt lat="49.250320" lon="3.906860">
    <ele>96.9</ele>
   </trkpt>
   <trkpt lat="49.250500" lon="3.907340">
    <ele>96.7</ele>
   </trkpt>
   <trkpt lat="49.250550" lon="3.908280">
    <ele>95.6</ele>
   </trkpt>
   <trkpt lat="49.250590" lon="3.908920">
    <ele>95.5</ele>
   </trkpt>
   <trkpt lat="49.250590" lon="3.908930">
    <ele>95.5</ele>
   </trkpt>
   <trkpt lat="49.250650" lon="3.909690">
    <ele>95.7</ele>
   </trkpt>
   <trkpt lat="49.250600" lon="3.909740">
    <ele>95.7</ele>
   </trkpt>
   <trkpt lat="49.250570" lon="3.909730">
    <ele>95.7</ele>
   </trkpt>
   <trkpt lat="49.250510" lon="3.909740">
    <ele>95.7</ele>
   </trkpt>
   <trkpt lat="49.250460" lon="3.909810">
    <ele>95.7</ele>
   </trkpt>
   <trkpt lat="49.250040" lon="3.908950">
    <ele>95.8</ele>
   </trkpt>
   <trkpt lat="49.249620" lon="3.908090">
    <ele>97.0</ele>
   </trkpt>
   <trkpt lat="49.249440" lon="3.908040">
    <ele>97.0</ele>
   </trkpt>
   <trkpt lat="49.248845" lon="3.907985">
    <ele>98.5</ele>
   </trkpt>
   <trkpt lat="49.248250" lon="3.907930">
    <ele>99.7</ele>
   </trkpt>
   <trkpt lat="49.248050" lon="3.907910">
    <ele>100.0</ele>
   </trkpt>
   <trkpt lat="49.247950" lon="3.907960">
    <ele>100.0</ele>
   </trkpt>
   <trkpt lat="49.247520" lon="3.908280">
    <ele>100.2</ele>
   </trkpt>
   <trkpt lat="49.246900" lon="3.908850">
    <ele>100.6</ele>
   </trkpt>
   <trkpt lat="49.246450" lon="3.909300">
    <ele>101.2</ele>
   </trkpt>
   <trkpt lat="49.246000" lon="3.909750">
    <ele>101.6</ele>
   </trkpt>
   <trkpt lat="49.245610" lon="3.910070">
    <ele>101.9</ele>
   </trkpt>
   <trkpt lat="49.245145" lon="3.910340">
    <ele>101.8</ele>
   </trkpt>
   <trkpt lat="49.244680" lon="3.910610">
    <ele>101.1</ele>
   </trkpt>
   <trkpt lat="49.244380" lon="3.910870">
    <ele>100.4</ele>
   </trkpt>
   <trkpt lat="49.244250" lon="3.911030">
    <ele>100.1</ele>
   </trkpt>
   <trkpt lat="49.244100" lon="3.911280">
    <ele>99.9</ele>
   </trkpt>
   <trkpt lat="49.244000" lon="3.911460">
    <ele>99.8</ele>
   </trkpt>
   <trkpt lat="49.243950" lon="3.911420">
    <ele>99.7</ele>
   </trkpt>
   <trkpt lat="49.243880" lon="3.911430">
    <ele>99.7</ele>
   </trkpt>
   <trkpt lat="49.243840" lon="3.911490">
    <ele>99.7</ele>
   </trkpt>
   <trkpt lat="49.243830" lon="3.911530">
    <ele>99.8</ele>
   </trkpt>
   <trkpt lat="49.243850" lon="3.911660">
    <ele>99.8</ele>
   </trkpt>
   <trkpt lat="49.243320" lon="3.912360">
    <ele>101.2</ele>
   </trkpt>
   <trkpt lat="49.242930" lon="3.912660">
    <ele>102.5</ele>
   </trkpt>
   <trkpt lat="49.242240" lon="3.913170">
    <ele>104.7</ele>
   </trkpt>
   <trkpt lat="49.241430" lon="3.913600">
    <ele>109.0</ele>
   </trkpt>
   <trkpt lat="49.241140" lon="3.913730">
    <ele>109.7</ele>
   </trkpt>
   <trkpt lat="49.241010" lon="3.913770">
    <ele>109.7</ele>
   </trkpt>
   <trkpt lat="49.240810" lon="3.913790">
    <ele>109.4</ele>
   </trkpt>
   <trkpt lat="49.240600" lon="3.913730">
    <ele>108.7</ele>
   </trkpt>
   <trkpt lat="49.239830" lon="3.913340">
    <ele>105.6</ele>
   </trkpt>
   <trkpt lat="49.239700" lon="3.913320">
    <ele>105.6</ele>
   </trkpt>
   <trkpt lat="49.238828" lon="3.913292">
    <ele>109.1</ele>
   </trkpt>
   <trkpt lat="49.237955" lon="3.913265">
    <ele>112.5</ele>
   </trkpt>
   <trkpt lat="49.237083" lon="3.913237">
    <ele>116.6</ele>
   </trkpt>
   <trkpt lat="49.236210" lon="3.913210">
    <ele>118.9</ele>
   </trkpt>
   <trkpt lat="49.236030" lon="3.913300">
    <ele>119.0</ele>
   </trkpt>
   <trkpt lat="49.235950" lon="3.913390">
    <ele>119.0</ele>
   </trkpt>
   <trkpt lat="49.235850" lon="3.913550">
    <ele>119.0</ele>
   </trkpt>
   <trkpt lat="49.235740" lon="3.913420">
    <ele>119.0</ele>
   </trkpt>
   <trkpt lat="49.235460" lon="3.912970">
    <ele>119.3</ele>
   </trkpt>
   <trkpt lat="49.235320" lon="3.912700">
    <ele>119.8</ele>
   </trkpt>
   <trkpt lat="49.235015" lon="3.911930">
    <ele>120.2</ele>
   </trkpt>
   <trkpt lat="49.234710" lon="3.911160">
    <ele>121.4</ele>
   </trkpt>
   <trkpt lat="49.234490" lon="3.910750">
    <ele>123.7</ele>
   </trkpt>
   <trkpt lat="49.234390" lon="3.910630">
    <ele>126.0</ele>
   </trkpt>
   <trkpt lat="49.234240" lon="3.910590">
    <ele>126.0</ele>
   </trkpt>
   <trkpt lat="49.234120" lon="3.910610">
    <ele>127.6</ele>
   </trkpt>
   <trkpt lat="49.233990" lon="3.910660">
    <ele>128.3</ele>
   </trkpt>
   <trkpt lat="49.233300" lon="3.911350">
    <ele>134.1</ele>
   </trkpt>
   <trkpt lat="49.233120" lon="3.911460">
    <ele>135.0</ele>
   </trkpt>
   <trkpt lat="49.232900" lon="3.911540">
    <ele>136.5</ele>
   </trkpt>
   <trkpt lat="49.232660" lon="3.911530">
    <ele>136.5</ele>
   </trkpt>
   <trkpt lat="49.232270" lon="3.911460">
    <ele>141.5</ele>
   </trkpt>
   <trkpt lat="49.232030" lon="3.911450">
    <ele>144.5</ele>
   </trkpt>
   <trkpt lat="49.231820" lon="3.911490">
    <ele>145.8</ele>
   </trkpt>
   <trkpt lat="49.231650" lon="3.911590">
    <ele>146.7</ele>
   </trkpt>
   <trkpt lat="49.231540" lon="3.911690">
    <ele>146.8</ele>
   </trkpt>
   <trkpt lat="49.231420" lon="3.911850">
    <ele>146.7</ele>
   </trkpt>
   <trkpt lat="49.231120" lon="3.912350">
    <ele>145.1</ele>
   </trkpt>
   <trkpt lat="49.230810" lon="3.912680">
    <ele>142.1</ele>
   </trkpt>
   <trkpt lat="49.230410" lon="3.912820">
    <ele>138.2</ele>
   </trkpt>
   <trkpt lat="49.229880" lon="3.912870">
    <ele>132.7</ele>
   </trkpt>
   <trkpt lat="49.229690" lon="3.912950">
    <ele>130.1</ele>
   </trkpt>
   <trkpt lat="49.229540" lon="3.913060">
    <ele>129.3</ele>
   </trkpt>
   <trkpt lat="49.229350" lon="3.913290">
    <ele>127.3</ele>
   </trkpt>
   <trkpt lat="49.229150" lon="3.913600">
    <ele>125.1</ele>
   </trkpt>
   <trkpt lat="49.229000" lon="3.913780">
    <ele>123.9</ele>
   </trkpt>
   <trkpt lat="49.228780" lon="3.913970">
    <ele>122.9</ele>
   </trkpt>
   <trkpt lat="49.228150" lon="3.914410">
    <ele>123.4</ele>
   </trkpt>
   <trkpt lat="49.227625" lon="3.914880">
    <ele>124.6</ele>
   </trkpt>
   <trkpt lat="49.227100" lon="3.915350">
    <ele>126.9</ele>
   </trkpt>
   <trkpt lat="49.226680" lon="3.915780">
    <ele>130.4</ele>
   </trkpt>
   <trkpt lat="49.226260" lon="3.916210">
    <ele>133.3</ele>
   </trkpt>
   <trkpt lat="49.225570" lon="3.916835">
    <ele>133.4</ele>
   </trkpt>
   <trkpt lat="49.224880" lon="3.917460">
    <ele>131.2</ele>
   </trkpt>
   <trkpt lat="49.224305" lon="3.917865">
    <ele>128.6</ele>
   </trkpt>
   <trkpt lat="49.223730" lon="3.918270">
    <ele>126.5</ele>
   </trkpt>
   <trkpt lat="49.223240" lon="3.918635">
    <ele>125.6</ele>
   </trkpt>
   <trkpt lat="49.222750" lon="3.919000">
    <ele>127.0</ele>
   </trkpt>
   <trkpt lat="49.222560" lon="3.919180">
    <ele>127.4</ele>
   </trkpt>
   <trkpt lat="49.222430" lon="3.919340">
    <ele>127.4</ele>
   </trkpt>
   <trkpt lat="49.222310" lon="3.919530">
    <ele>127.2</ele>
   </trkpt>
   <trkpt lat="49.222220" lon="3.919710">
    <ele>126.7</ele>
   </trkpt>
   <trkpt lat="49.221970" lon="3.920490">
    <ele>126.9</ele>
   </trkpt>
   <trkpt lat="49.221690" lon="3.921465">
    <ele>128.9</ele>
   </trkpt>
   <trkpt lat="49.221410" lon="3.922440">
    <ele>133.3</ele>
   </trkpt>
   <trkpt lat="49.221155" lon="3.923195">
    <ele>135.3</ele>
   </trkpt>
   <trkpt lat="49.220900" lon="3.923950">
    <ele>136.5</ele>
   </trkpt>
   <trkpt lat="49.220730" lon="3.924340">
    <ele>137.0</ele>
   </trkpt>
   <trkpt lat="49.220390" lon="3.924740">
    <ele>137.1</ele>
   </trkpt>
   <trkpt lat="49.219975" lon="3.925135">
    <ele>136.3</ele>
   </trkpt>
   <trkpt lat="49.219560" lon="3.925530">
    <ele>134.9</ele>
   </trkpt>
   <trkpt lat="49.218943" lon="3.926083">
    <ele>132.0</ele>
   </trkpt>
   <trkpt lat="49.218327" lon="3.926637">
    <ele>130.6</ele>
   </trkpt>
   <trkpt lat="49.217710" lon="3.927190">
    <ele>129.6</ele>
   </trkpt>
   <trkpt lat="49.217010" lon="3.927663">
    <ele>125.6</ele>
   </trkpt>
   <trkpt lat="49.216310" lon="3.928137">
    <ele>125.0</ele>
   </trkpt>
   <trkpt lat="49.215610" lon="3.928610">
    <ele>125.7</ele>
   </trkpt>
   <trkpt lat="49.214980" lon="3.929080">
    <ele>124.9</ele>
   </trkpt>
   <trkpt lat="49.214930" lon="3.929140">
    <ele>124.9</ele>
   </trkpt>
   <trkpt lat="49.214665" lon="3.930415">
    <ele>120.7</ele>
   </trkpt>
   <trkpt lat="49.214400" lon="3.931690">
    <ele>117.8</ele>
   </trkpt>
   <trkpt lat="49.214090" lon="3.932856">
    <ele>115.5</ele>
   </trkpt>
   <trkpt lat="49.213780" lon="3.934022">
    <ele>117.1</ele>
   </trkpt>
   <trkpt lat="49.213470" lon="3.935188">
    <ele>120.0</ele>
   </trkpt>
   <trkpt lat="49.213160" lon="3.936354">
    <ele>122.3</ele>
   </trkpt>
   <trkpt lat="49.212850" lon="3.937520">
    <ele>121.9</ele>
   </trkpt>
   <trkpt lat="49.212620" lon="3.938060">
    <ele>120.8</ele>
   </trkpt>
   <trkpt lat="49.212243" lon="3.938850">
    <ele>117.2</ele>
   </trkpt>
   <trkpt lat="49.211867" lon="3.939640">
    <ele>114.6</ele>
   </trkpt>
   <trkpt lat="49.211490" lon="3.940430">
    <ele>113.1</ele>
   </trkpt>
   <trkpt lat="49.211018" lon="3.941408">
    <ele>111.9</ele>
   </trkpt>
   <trkpt lat="49.210545" lon="3.942385">
    <ele>111.2</ele>
   </trkpt>
   <trkpt lat="49.210073" lon="3.943363">
    <ele>110.5</ele>
   </trkpt>
   <trkpt lat="49.209600" lon="3.944340">
    <ele>109.3</ele>
   </trkpt>
   <trkpt lat="49.209400" lon="3.944680">
    <ele>109.2</ele>
   </trkpt>
   <trkpt lat="49.209110" lon="3.945020">
    <ele>109.0</ele>
   </trkpt>
   <trkpt lat="49.208423" lon="3.945527">
    <ele>109.3</ele>
   </trkpt>
   <trkpt lat="49.207737" lon="3.946033">
    <ele>110.5</ele>
   </trkpt>
   <trkpt lat="49.207050" lon="3.946540">
    <ele>111.7</ele>
   </trkpt>
   <trkpt lat="49.206475" lon="3.947025">
    <ele>113.0</ele>
   </trkpt>
   <trkpt lat="49.205900" lon="3.947510">
    <ele>115.2</ele>
   </trkpt>
   <trkpt lat="49.205730" lon="3.947610">
    <ele>116.4</ele>
   </trkpt>
   <trkpt lat="49.205380" lon="3.947820">
    <ele>117.4</ele>
   </trkpt>
   <trkpt lat="49.204540" lon="3.948185">
    <ele>124.0</ele>
   </trkpt>
   <trkpt lat="49.203700" lon="3.948550">
    <ele>127.9</ele>
   </trkpt>
   <trkpt lat="49.203600" lon="3.948610">
    <ele>128.1</ele>
   </trkpt>
   <trkpt lat="49.202910" lon="3.949200">
    <ele>128.3</ele>
   </trkpt>
   <trkpt lat="49.202590" lon="3.949430">
    <ele>127.5</ele>
   </trkpt>
   <trkpt lat="49.202200" lon="3.949640">
    <ele>126.1</ele>
   </trkpt>
   <trkpt lat="49.201580" lon="3.949890">
    <ele>124.5</ele>
   </trkpt>
   <trkpt lat="49.201040" lon="3.950200">
    <ele>122.7</ele>
   </trkpt>
   <trkpt lat="49.200263" lon="3.950683">
    <ele>121.4</ele>
   </trkpt>
   <trkpt lat="49.199487" lon="3.951167">
    <ele>121.0</ele>
   </trkpt>
   <trkpt lat="49.198710" lon="3.951650">
    <ele>121.0</ele>
   </trkpt>
   <trkpt lat="49.197930" lon="3.952120">
    <ele>122.2</ele>
   </trkpt>
   <trkpt lat="49.197650" lon="3.952460">
    <ele>123.3</ele>
   </trkpt>
   <trkpt lat="49.197490" lon="3.952600">
    <ele>123.5</ele>
   </trkpt>
   <trkpt lat="49.196750" lon="3.953130">
    <ele>121.6</ele>
   </trkpt>
   <trkpt lat="49.196570" lon="3.953370">
    <ele>120.9</ele>
   </trkpt>
   <trkpt lat="49.195980" lon="3.954290">
    <ele>119.2</ele>
   </trkpt>
   <trkpt lat="49.195560" lon="3.954920">
    <ele>119.2</ele>
   </trkpt>
   <trkpt lat="49.195140" lon="3.955550">
    <ele>120.3</ele>
   </trkpt>
   <trkpt lat="49.194530" lon="3.956390">
    <ele>121.4</ele>
   </trkpt>
   <trkpt lat="49.194480" lon="3.956450">
    <ele>121.5</ele>
   </trkpt>
   <trkpt lat="49.194300" lon="3.956570">
    <ele>121.8</ele>
   </trkpt>
   <trkpt lat="49.194160" lon="3.956650">
    <ele>122.0</ele>
   </trkpt>
   <trkpt lat="49.193780" lon="3.956690">
    <ele>123.0</ele>
   </trkpt>
   <trkpt lat="49.193245" lon="3.956690">
    <ele>125.4</ele>
   </trkpt>
   <trkpt lat="49.192710" lon="3.956690">
    <ele>130.9</ele>
   </trkpt>
   <trkpt lat="49.192150" lon="3.956930">
    <ele>133.0</ele>
   </trkpt>
   <trkpt lat="49.191590" lon="3.957410">
    <ele>137.0</ele>
   </trkpt>
   <trkpt lat="49.191140" lon="3.958030">
    <ele>140.8</ele>
   </trkpt>
   <trkpt lat="49.190980" lon="3.958160">
    <ele>142.4</ele>
   </trkpt>
   <trkpt lat="49.190670" lon="3.958290">
    <ele>143.4</ele>
   </trkpt>
   <trkpt lat="49.190480" lon="3.958310">
    <ele>144.0</ele>
   </trkpt>
   <trkpt lat="49.190160" lon="3.958230">
    <ele>144.4</ele>
   </trkpt>
   <trkpt lat="49.190030" lon="3.958150">
    <ele>144.4</ele>
   </trkpt>
   <trkpt lat="49.189810" lon="3.957980">
    <ele>144.2</ele>
   </trkpt>
   <trkpt lat="49.189680" lon="3.957850">
    <ele>143.8</ele>
   </trkpt>
   <trkpt lat="49.189180" lon="3.957325">
    <ele>142.8</ele>
   </trkpt>
   <trkpt lat="49.188680" lon="3.956800">
    <ele>141.2</ele>
   </trkpt>
   <trkpt lat="49.188270" lon="3.956330">
    <ele>140.4</ele>
   </trkpt>
   <trkpt lat="49.188010" lon="3.955790">
    <ele>139.3</ele>
   </trkpt>
   <trkpt lat="49.187880" lon="3.955460">
    <ele>138.9</ele>
   </trkpt>
   <trkpt lat="49.187615" lon="3.954895">
    <ele>138.8</ele>
   </trkpt>
   <trkpt lat="49.187350" lon="3.954330">
    <ele>139.4</ele>
   </trkpt>
   <trkpt lat="49.186890" lon="3.953210">
    <ele>141.5</ele>
   </trkpt>
   <trkpt lat="49.186770" lon="3.952410">
    <ele>142.6</ele>
   </trkpt>
   <trkpt lat="49.186690" lon="3.952330">
    <ele>142.8</ele>
   </trkpt>
   <trkpt lat="49.186210" lon="3.952470">
    <ele>143.8</ele>
   </trkpt>
   <trkpt lat="49.185680" lon="3.952530">
    <ele>146.2</ele>
   </trkpt>
   <trkpt lat="49.185520" lon="3.952570">
    <ele>146.4</ele>
   </trkpt>
   <trkpt lat="49.185350" lon="3.952670">
    <ele>146.7</ele>
   </trkpt>
   <trkpt lat="49.184725" lon="3.953130">
    <ele>145.8</ele>
   </trkpt>
   <trkpt lat="49.184100" lon="3.953590">
    <ele>144.1</ele>
   </trkpt>
   <trkpt lat="49.183680" lon="3.953840">
    <ele>143.8</ele>
   </trkpt>
   <trkpt lat="49.183330" lon="3.953970">
    <ele>144.4</ele>
   </trkpt>
   <trkpt lat="49.182637" lon="3.954170">
    <ele>147.2</ele>
   </trkpt>
   <trkpt lat="49.181943" lon="3.954370">
    <ele>148.7</ele>
   </trkpt>
   <trkpt lat="49.181250" lon="3.954570">
    <ele>151.1</ele>
   </trkpt>
   <trkpt lat="49.180960" lon="3.954600">
    <ele>151.3</ele>
   </trkpt>
   <trkpt lat="49.180560" lon="3.954560">
    <ele>151.1</ele>
   </trkpt>
   <trkpt lat="49.179788" lon="3.954378">
    <ele>150.9</ele>
   </trkpt>
   <trkpt lat="49.179017" lon="3.954197">
    <ele>150.1</ele>
   </trkpt>
   <trkpt lat="49.178245" lon="3.954015">
    <ele>148.2</ele>
   </trkpt>
   <trkpt lat="49.177473" lon="3.953833">
    <ele>146.2</ele>
   </trkpt>
   <trkpt lat="49.176702" lon="3.953652">
    <ele>144.0</ele>
   </trkpt>
   <trkpt lat="49.175930" lon="3.953470">
    <ele>143.1</ele>
   </trkpt>
   <trkpt lat="49.175830" lon="3.953460">
    <ele>142.4</ele>
   </trkpt>
   <trkpt lat="49.175640" lon="3.953510">
    <ele>142.4</ele>
   </trkpt>
   <trkpt lat="49.175470" lon="3.953620">
    <ele>142.1</ele>
   </trkpt>
   <trkpt lat="49.175340" lon="3.953750">
    <ele>141.9</ele>
   </trkpt>
   <trkpt lat="49.175230" lon="3.953930">
    <ele>141.8</ele>
   </trkpt>
   <trkpt lat="49.174830" lon="3.954810">
    <ele>142.1</ele>
   </trkpt>
   <trkpt lat="49.174430" lon="3.955690">
    <ele>142.2</ele>
   </trkpt>
   <trkpt lat="49.174020" lon="3.956623">
    <ele>142.0</ele>
   </trkpt>
   <trkpt lat="49.173610" lon="3.957557">
    <ele>141.8</ele>
   </trkpt>
   <trkpt lat="49.173200" lon="3.958490">
    <ele>140.9</ele>
   </trkpt>
   <trkpt lat="49.172865" lon="3.959125">
    <ele>139.5</ele>
   </trkpt>
   <trkpt lat="49.172530" lon="3.959760">
    <ele>138.7</ele>
   </trkpt>
   <trkpt lat="49.172070" lon="3.960595">
    <ele>138.9</ele>
   </trkpt>
   <trkpt lat="49.171610" lon="3.961430">
    <ele>138.8</ele>
   </trkpt>
   <trkpt lat="49.171510" lon="3.961630">
    <ele>138.3</ele>
   </trkpt>
   <trkpt lat="49.171270" lon="3.962200">
    <ele>136.3</ele>
   </trkpt>
   <trkpt lat="49.170896" lon="3.963302">
    <ele>134.0</ele>
   </trkpt>
   <trkpt lat="49.170522" lon="3.964404">
    <ele>134.9</ele>
   </trkpt>
   <trkpt lat="49.170148" lon="3.965506">
    <ele>139.1</ele>
   </trkpt>
   <trkpt lat="49.169774" lon="3.966608">
    <ele>139.6</ele>
   </trkpt>
   <trkpt lat="49.169400" lon="3.967710">
    <ele>139.9</ele>
   </trkpt>
   <trkpt lat="49.169090" lon="3.968700">
    <ele>142.3</ele>
   </trkpt>
   <trkpt lat="49.168780" lon="3.969690">
    <ele>146.9</ele>
   </trkpt>
   <trkpt lat="49.168470" lon="3.970680">
    <ele>149.6</ele>
   </trkpt>
   <trkpt lat="49.168160" lon="3.971670">
    <ele>151.5</ele>
   </trkpt>
   <trkpt lat="49.168110" lon="3.971900">
    <ele>151.6</ele>
   </trkpt>
   <trkpt lat="49.168090" lon="3.972130">
    <ele>151.5</ele>
   </trkpt>
   <trkpt lat="49.168040" lon="3.972170">
    <ele>151.5</ele>
   </trkpt>
   <trkpt lat="49.168010" lon="3.972290">
    <ele>151.3</ele>
   </trkpt>
   <trkpt lat="49.167860" lon="3.972340">
    <ele>150.1</ele>
   </trkpt>
   <trkpt lat="49.167700" lon="3.972360">
    <ele>150.1</ele>
   </trkpt>
   <trkpt lat="49.167010" lon="3.972335">
    <ele>146.7</ele>
   </trkpt>
   <trkpt lat="49.166320" lon="3.972310">
    <ele>143.7</ele>
   </trkpt>
   <trkpt lat="49.165630" lon="3.972285">
    <ele>142.1</ele>
   </trkpt>
   <trkpt lat="49.164940" lon="3.972260">
    <ele>143.4</ele>
   </trkpt>
   <trkpt lat="49.164790" lon="3.972300">
    <ele>143.7</ele>
   </trkpt>
   <trkpt lat="49.164620" lon="3.972400">
    <ele>144.1</ele>
   </trkpt>
   <trkpt lat="49.164390" lon="3.972600">
    <ele>145.2</ele>
   </trkpt>
   <trkpt lat="49.164250" lon="3.972790">
    <ele>146.8</ele>
   </trkpt>
   <trkpt lat="49.163775" lon="3.973578">
    <ele>152.3</ele>
   </trkpt>
   <trkpt lat="49.163300" lon="3.974365">
    <ele>156.7</ele>
   </trkpt>
   <trkpt lat="49.162825" lon="3.975153">
    <ele>160.8</ele>
   </trkpt>
   <trkpt lat="49.162350" lon="3.975940">
    <ele>164.5</ele>
   </trkpt>
   <trkpt lat="49.162140" lon="3.976210">
    <ele>165.2</ele>
   </trkpt>
   <trkpt lat="49.161850" lon="3.976440">
    <ele>166.3</ele>
   </trkpt>
   <trkpt lat="49.161770" lon="3.977570">
    <ele>160.1</ele>
   </trkpt>
   <trkpt lat="49.161690" lon="3.978700">
    <ele>157.3</ele>
   </trkpt>
   <trkpt lat="49.161610" lon="3.979320">
    <ele>154.0</ele>
   </trkpt>
   <trkpt lat="49.161540" lon="3.979560">
    <ele>153.4</ele>
   </trkpt>
   <trkpt lat="49.161340" lon="3.980120">
    <ele>152.1</ele>
   </trkpt>
   <trkpt lat="49.161060" lon="3.980680">
    <ele>152.3</ele>
   </trkpt>
   <trkpt lat="49.160620" lon="3.981700">
    <ele>153.1</ele>
   </trkpt>
   <trkpt lat="49.160175" lon="3.982535">
    <ele>156.6</ele>
   </trkpt>
   <trkpt lat="49.159730" lon="3.983370">
    <ele>160.8</ele>
   </trkpt>
   <trkpt lat="49.159560" lon="3.983750">
    <ele>162.3</ele>
   </trkpt>
   <trkpt lat="49.159540" lon="3.983870">
    <ele>162.3</ele>
   </trkpt>
   <trkpt lat="49.159560" lon="3.984540">
    <ele>162.9</ele>
   </trkpt>
   <trkpt lat="49.159540" lon="3.984660">
    <ele>162.9</ele>
   </trkpt>
   <trkpt lat="49.159370" lon="3.984810">
    <ele>163.0</ele>
   </trkpt>
   <trkpt lat="49.159210" lon="3.984880">
    <ele>163.2</ele>
   </trkpt>
   <trkpt lat="49.159090" lon="3.984900">
    <ele>163.1</ele>
   </trkpt>
   <trkpt lat="49.159000" lon="3.984890">
    <ele>163.2</ele>
   </trkpt>
   <trkpt lat="49.158560" lon="3.984660">
    <ele>163.6</ele>
   </trkpt>
   <trkpt lat="49.158440" lon="3.984580">
    <ele>164.2</ele>
   </trkpt>
   <trkpt lat="49.158390" lon="3.984590">
    <ele>164.2</ele>
   </trkpt>
   <trkpt lat="49.158240" lon="3.984940">
    <ele>163.5</ele>
   </trkpt>
   <trkpt lat="49.157720" lon="3.985930">
    <ele>164.1</ele>
   </trkpt>
   <trkpt lat="49.157610" lon="3.986200">
    <ele>164.9</ele>
   </trkpt>
   <trkpt lat="49.157520" lon="3.986530">
    <ele>166.3</ele>
   </trkpt>
   <trkpt lat="49.157470" lon="3.986830">
    <ele>166.9</ele>
   </trkpt>
   <trkpt lat="49.157440" lon="3.987200">
    <ele>167.7</ele>
   </trkpt>
   <trkpt lat="49.157450" lon="3.987540">
    <ele>170.0</ele>
   </trkpt>
   <trkpt lat="49.157530" lon="3.988225">
    <ele>171.5</ele>
   </trkpt>
   <trkpt lat="49.157610" lon="3.988910">
    <ele>174.8</ele>
   </trkpt>
   <trkpt lat="49.157630" lon="3.989330">
    <ele>175.5</ele>
   </trkpt>
   <trkpt lat="49.157580" lon="3.989820">
    <ele>173.5</ele>
   </trkpt>
   <trkpt lat="49.157353" lon="3.991083">
    <ele>166.5</ele>
   </trkpt>
   <trkpt lat="49.157127" lon="3.992347">
    <ele>162.2</ele>
   </trkpt>
   <trkpt lat="49.156900" lon="3.993610">
    <ele>162.1</ele>
   </trkpt>
   <trkpt lat="49.156840" lon="3.994270">
    <ele>163.8</ele>
   </trkpt>
   <trkpt lat="49.156830" lon="3.994660">
    <ele>165.7</ele>
   </trkpt>
   <trkpt lat="49.156860" lon="3.995050">
    <ele>168.8</ele>
   </trkpt>
   <trkpt lat="49.156920" lon="3.995430">
    <ele>170.9</ele>
   </trkpt>
   <trkpt lat="49.157110" lon="3.996220">
    <ele>172.5</ele>
   </trkpt>
   <trkpt lat="49.157458" lon="3.997453">
    <ele>166.6</ele>
   </trkpt>
   <trkpt lat="49.157807" lon="3.998687">
    <ele>163.6</ele>
   </trkpt>
   <trkpt lat="49.158155" lon="3.999920">
    <ele>170.1</ele>
   </trkpt>
   <trkpt lat="49.158503" lon="4.001153">
    <ele>177.7</ele>
   </trkpt>
   <trkpt lat="49.158852" lon="4.002387">
    <ele>186.5</ele>
   </trkpt>
   <trkpt lat="49.159200" lon="4.003620">
    <ele>195.0</ele>
   </trkpt>
   <trkpt lat="49.159540" lon="4.004630">
    <ele>203.4</ele>
   </trkpt>
   <trkpt lat="49.160005" lon="4.005755">
    <ele>211.1</ele>
   </trkpt>
   <trkpt lat="49.160470" lon="4.006880">
    <ele>215.9</ele>
   </trkpt>
   <trkpt lat="49.160720" lon="4.007560">
    <ele>219.2</ele>
   </trkpt>
   <trkpt lat="49.160850" lon="4.008130">
    <ele>221.5</ele>
   </trkpt>
   <trkpt lat="49.160895" lon="4.008845">
    <ele>223.2</ele>
   </trkpt>
   <trkpt lat="49.160940" lon="4.009560">
    <ele>223.2</ele>
   </trkpt>
   <trkpt lat="49.160910" lon="4.009650">
    <ele>223.0</ele>
   </trkpt>
   <trkpt lat="49.160860" lon="4.009700">
    <ele>223.0</ele>
   </trkpt>
   <trkpt lat="49.160960" lon="4.010180">
    <ele>221.1</ele>
   </trkpt>
   <trkpt lat="49.161120" lon="4.010550">
    <ele>220.2</ele>
   </trkpt>
   <trkpt lat="49.161380" lon="4.010950">
    <ele>217.0</ele>
   </trkpt>
   <trkpt lat="49.161580" lon="4.011140">
    <ele>215.4</ele>
   </trkpt>
   <trkpt lat="49.161830" lon="4.011290">
    <ele>214.0</ele>
   </trkpt>
   <trkpt lat="49.162130" lon="4.011360">
    <ele>211.8</ele>
   </trkpt>
   <trkpt lat="49.162740" lon="4.011460">
    <ele>206.6</ele>
   </trkpt>
   <trkpt lat="49.163530" lon="4.011475">
    <ele>200.0</ele>
   </trkpt>
   <trkpt lat="49.164320" lon="4.011490">
    <ele>196.1</ele>
   </trkpt>
   <trkpt lat="49.164370" lon="4.012060">
    <ele>193.2</ele>
   </trkpt>
   <trkpt lat="49.164360" lon="4.012990">
    <ele>187.7</ele>
   </trkpt>
   <trkpt lat="49.164400" lon="4.013330">
    <ele>186.2</ele>
   </trkpt>
   <trkpt lat="49.164550" lon="4.014120">
    <ele>182.4</ele>
   </trkpt>
   <trkpt lat="49.164600" lon="4.014490">
    <ele>181.6</ele>
   </trkpt>
   <trkpt lat="49.164590" lon="4.014850">
    <ele>180.6</ele>
   </trkpt>
   <trkpt lat="49.164550" lon="4.015150">
    <ele>180.3</ele>
   </trkpt>
   <trkpt lat="49.164340" lon="4.016110">
    <ele>179.0</ele>
   </trkpt>
   <trkpt lat="49.164090" lon="4.017050">
    <ele>177.0</ele>
   </trkpt>
   <trkpt lat="49.164100" lon="4.018220">
    <ele>174.9</ele>
   </trkpt>
   <trkpt lat="49.164190" lon="4.019390">
    <ele>175.2</ele>
   </trkpt>
   <trkpt lat="49.164290" lon="4.019620">
    <ele>175.4</ele>
   </trkpt>
   <trkpt lat="49.164420" lon="4.019790">
    <ele>176.2</ele>
   </trkpt>
   <trkpt lat="49.165010" lon="4.020290">
    <ele>178.1</ele>
   </trkpt>
   <trkpt lat="49.165040" lon="4.020330">
    <ele>178.5</ele>
   </trkpt>
   <trkpt lat="49.165150" lon="4.020680">
    <ele>178.5</ele>
   </trkpt>
   <trkpt lat="49.165260" lon="4.021340">
    <ele>180.9</ele>
   </trkpt>
   <trkpt lat="49.165280" lon="4.021550">
    <ele>181.2</ele>
   </trkpt>
   <trkpt lat="49.165320" lon="4.022710">
    <ele>181.5</ele>
   </trkpt>
   <trkpt lat="49.165370" lon="4.023290">
    <ele>181.3</ele>
   </trkpt>
   <trkpt lat="49.165500" lon="4.023610">
    <ele>180.6</ele>
   </trkpt>
   <trkpt lat="49.165970" lon="4.024570">
    <ele>181.7</ele>
   </trkpt>
   <trkpt lat="49.166000" lon="4.024690">
    <ele>181.7</ele>
   </trkpt>
   <trkpt lat="49.165790" lon="4.024930">
    <ele>181.9</ele>
   </trkpt>
   <trkpt lat="49.165930" lon="4.025380">
    <ele>181.8</ele>
   </trkpt>
   <trkpt lat="49.166100" lon="4.026020">
    <ele>181.4</ele>
   </trkpt>
   <trkpt lat="49.166160" lon="4.026710">
    <ele>182.3</ele>
   </trkpt>
   <trkpt lat="49.166140" lon="4.027160">
    <ele>184.5</ele>
   </trkpt>
   <trkpt lat="49.166070" lon="4.027590">
    <ele>187.4</ele>
   </trkpt>
   <trkpt lat="49.166030" lon="4.028440">
    <ele>190.7</ele>
   </trkpt>
   <trkpt lat="49.166050" lon="4.028820">
    <ele>192.0</ele>
   </trkpt>
   <trkpt lat="49.166035" lon="4.029780">
    <ele>196.3</ele>
   </trkpt>
   <trkpt lat="49.166020" lon="4.030740">
    <ele>197.5</ele>
   </trkpt>
   <trkpt lat="49.166010" lon="4.031040">
    <ele>197.2</ele>
   </trkpt>
   <trkpt lat="49.165970" lon="4.031270">
    <ele>196.8</ele>
   </trkpt>
   <trkpt lat="49.165890" lon="4.031570">
    <ele>195.7</ele>
   </trkpt>
   <trkpt lat="49.165470" lon="4.032740">
    <ele>191.0</ele>
   </trkpt>
   <trkpt lat="49.165200" lon="4.033350">
    <ele>189.8</ele>
   </trkpt>
   <trkpt lat="49.164800" lon="4.034100">
    <ele>187.4</ele>
   </trkpt>
   <trkpt lat="49.164490" lon="4.034960">
    <ele>187.7</ele>
   </trkpt>
   <trkpt lat="49.164400" lon="4.035350">
    <ele>189.0</ele>
   </trkpt>
   <trkpt lat="49.164265" lon="4.036180">
    <ele>190.5</ele>
   </trkpt>
   <trkpt lat="49.164130" lon="4.037010">
    <ele>190.5</ele>
   </trkpt>
   <trkpt lat="49.163970" lon="4.037510">
    <ele>190.3</ele>
   </trkpt>
   <trkpt lat="49.163890" lon="4.037710">
    <ele>190.0</ele>
   </trkpt>
   <trkpt lat="49.163610" lon="4.038210">
    <ele>189.0</ele>
   </trkpt>
   <trkpt lat="49.163240" lon="4.038790">
    <ele>187.5</ele>
   </trkpt>
   <trkpt lat="49.162990" lon="4.039270">
    <ele>184.9</ele>
   </trkpt>
   <trkpt lat="49.162880" lon="4.039550">
    <ele>183.7</ele>
   </trkpt>
   <trkpt lat="49.162790" lon="4.039880">
    <ele>182.8</ele>
   </trkpt>
   <trkpt lat="49.162720" lon="4.040340">
    <ele>179.2</ele>
   </trkpt>
   <trkpt lat="49.162690" lon="4.040790">
    <ele>177.3</ele>
   </trkpt>
   <trkpt lat="49.162720" lon="4.041240">
    <ele>175.8</ele>
   </trkpt>
   <trkpt lat="49.162750" lon="4.041440">
    <ele>175.3</ele>
   </trkpt>
   <trkpt lat="49.162850" lon="4.041850">
    <ele>173.9</ele>
   </trkpt>
   <trkpt lat="49.162970" lon="4.042180">
    <ele>171.8</ele>
   </trkpt>
   <trkpt lat="49.163160" lon="4.042560">
    <ele>170.8</ele>
   </trkpt>
   <trkpt lat="49.163460" lon="4.043110">
    <ele>169.1</ele>
   </trkpt>
   <trkpt lat="49.163530" lon="4.043330">
    <ele>168.6</ele>
   </trkpt>
   <trkpt lat="49.163570" lon="4.043720">
    <ele>168.3</ele>
   </trkpt>
   <trkpt lat="49.163570" lon="4.044620">
    <ele>168.7</ele>
   </trkpt>
   <trkpt lat="49.163540" lon="4.045460">
    <ele>169.2</ele>
   </trkpt>
   <trkpt lat="49.163510" lon="4.046300">
    <ele>167.9</ele>
   </trkpt>
   <trkpt lat="49.163530" lon="4.046840">
    <ele>166.4</ele>
   </trkpt>
   <trkpt lat="49.163610" lon="4.047760">
    <ele>165.4</ele>
   </trkpt>
   <trkpt lat="49.163610" lon="4.047990">
    <ele>165.5</ele>
   </trkpt>
   <trkpt lat="49.163510" lon="4.048950">
    <ele>168.1</ele>
   </trkpt>
   <trkpt lat="49.163430" lon="4.049620">
    <ele>169.4</ele>
   </trkpt>
   <trkpt lat="49.163340" lon="4.049920">
    <ele>169.6</ele>
   </trkpt>
   <trkpt lat="49.163110" lon="4.050460">
    <ele>169.0</ele>
   </trkpt>
   <trkpt lat="49.162660" lon="4.051330">
    <ele>164.8</ele>
   </trkpt>
   <trkpt lat="49.162210" lon="4.052200">
    <ele>160.3</ele>
   </trkpt>
   <trkpt lat="49.162130" lon="4.052320">
    <ele>160.3</ele>
   </trkpt>
   <trkpt lat="49.161578" lon="4.053373">
    <ele>154.5</ele>
   </trkpt>
   <trkpt lat="49.161025" lon="4.054425">
    <ele>151.0</ele>
   </trkpt>
   <trkpt lat="49.160473" lon="4.055478">
    <ele>149.7</ele>
   </trkpt>
   <trkpt lat="49.159920" lon="4.056530">
    <ele>151.2</ele>
   </trkpt>
   <trkpt lat="49.159530" lon="4.057420">
    <ele>151.0</ele>
   </trkpt>
   <trkpt lat="49.159180" lon="4.058490">
    <ele>149.3</ele>
   </trkpt>
   <trkpt lat="49.158960" lon="4.059070">
    <ele>147.9</ele>
   </trkpt>
   <trkpt lat="49.158580" lon="4.059857">
    <ele>146.6</ele>
   </trkpt>
   <trkpt lat="49.158200" lon="4.060643">
    <ele>146.3</ele>
   </trkpt>
   <trkpt lat="49.157820" lon="4.061430">
    <ele>147.1</ele>
   </trkpt>
   <trkpt lat="49.157640" lon="4.061740">
    <ele>148.5</ele>
   </trkpt>
   <trkpt lat="49.157240" lon="4.062310">
    <ele>151.0</ele>
   </trkpt>
   <trkpt lat="49.157020" lon="4.062600">
    <ele>151.8</ele>
   </trkpt>
   <trkpt lat="49.156780" lon="4.062780">
    <ele>152.2</ele>
   </trkpt>
   <trkpt lat="49.156700" lon="4.062870">
    <ele>152.1</ele>
   </trkpt>
   <trkpt lat="49.156660" lon="4.063050">
    <ele>152.1</ele>
   </trkpt>
   <trkpt lat="49.156650" lon="4.063150">
    <ele>151.9</ele>
   </trkpt>
   <trkpt lat="49.156680" lon="4.063310">
    <ele>151.5</ele>
   </trkpt>
   <trkpt lat="49.157040" lon="4.063660">
    <ele>151.1</ele>
   </trkpt>
   <trkpt lat="49.157470" lon="4.064130">
    <ele>151.3</ele>
   </trkpt>
   <trkpt lat="49.157470" lon="4.064190">
    <ele>151.3</ele>
   </trkpt>
   <trkpt lat="49.157500" lon="4.064250">
    <ele>151.3</ele>
   </trkpt>
   <trkpt lat="49.157480" lon="4.065550">
    <ele>157.7</ele>
   </trkpt>
   <trkpt lat="49.157460" lon="4.065800">
    <ele>160.4</ele>
   </trkpt>
   <trkpt lat="49.157410" lon="4.066170">
    <ele>161.6</ele>
   </trkpt>
   <trkpt lat="49.157240" lon="4.067335">
    <ele>163.1</ele>
   </trkpt>
   <trkpt lat="49.157070" lon="4.068500">
    <ele>159.5</ele>
   </trkpt>
   <trkpt lat="49.156887" lon="4.069668">
    <ele>153.6</ele>
   </trkpt>
   <trkpt lat="49.156703" lon="4.070837">
    <ele>150.6</ele>
   </trkpt>
   <trkpt lat="49.156520" lon="4.072005">
    <ele>146.5</ele>
   </trkpt>
   <trkpt lat="49.156337" lon="4.073173">
    <ele>144.1</ele>
   </trkpt>
   <trkpt lat="49.156153" lon="4.074342">
    <ele>144.9</ele>
   </trkpt>
   <trkpt lat="49.155970" lon="4.075510">
    <ele>146.1</ele>
   </trkpt>
   <trkpt lat="49.155747" lon="4.076637">
    <ele>145.8</ele>
   </trkpt>
   <trkpt lat="49.155523" lon="4.077763">
    <ele>145.2</ele>
   </trkpt>
   <trkpt lat="49.155300" lon="4.078890">
    <ele>144.3</ele>
   </trkpt>
   <trkpt lat="49.155110" lon="4.080000">
    <ele>144.1</ele>
   </trkpt>
   <trkpt lat="49.154990" lon="4.080070">
    <ele>144.1</ele>
   </trkpt>
   <trkpt lat="49.154940" lon="4.080730">
    <ele>146.1</ele>
   </trkpt>
   <trkpt lat="49.154830" lon="4.081520">
    <ele>149.7</ele>
   </trkpt>
   <trkpt lat="49.154620" lon="4.082830">
    <ele>149.8</ele>
   </trkpt>
   <trkpt lat="49.154620" lon="4.083060">
    <ele>149.5</ele>
   </trkpt>
   <trkpt lat="49.154765" lon="4.083970">
    <ele>147.0</ele>
   </trkpt>
   <trkpt lat="49.154910" lon="4.084880">
    <ele>145.7</ele>
   </trkpt>
   <trkpt lat="49.154980" lon="4.085190">
    <ele>145.7</ele>
   </trkpt>
   <trkpt lat="49.155280" lon="4.086285">
    <ele>146.2</ele>
   </trkpt>
   <trkpt lat="49.155580" lon="4.087380">
    <ele>147.1</ele>
   </trkpt>
   <trkpt lat="49.155790" lon="4.088200">
    <ele>149.3</ele>
   </trkpt>
   <trkpt lat="49.156035" lon="4.089265">
    <ele>153.9</ele>
   </trkpt>
   <trkpt lat="49.156280" lon="4.090330">
    <ele>158.1</ele>
   </trkpt>
   <trkpt lat="49.156370" lon="4.090900">
    <ele>160.5</ele>
   </trkpt>
   <trkpt lat="49.156410" lon="4.091530">
    <ele>162.2</ele>
   </trkpt>
   <trkpt lat="49.156430" lon="4.092160">
    <ele>163.1</ele>
   </trkpt>
   <trkpt lat="49.156410" lon="4.093070">
    <ele>162.5</ele>
   </trkpt>
   <trkpt lat="49.156420" lon="4.093280">
    <ele>162.0</ele>
   </trkpt>
   <trkpt lat="49.156367" lon="4.094377">
    <ele>159.9</ele>
   </trkpt>
   <trkpt lat="49.156313" lon="4.095473">
    <ele>158.6</ele>
   </trkpt>
   <trkpt lat="49.156260" lon="4.096570">
    <ele>160.2</ele>
   </trkpt>
   <trkpt lat="49.156280" lon="4.097720">
    <ele>162.7</ele>
   </trkpt>
   <trkpt lat="49.156310" lon="4.098465">
    <ele>161.8</ele>
   </trkpt>
   <trkpt lat="49.156340" lon="4.099210">
    <ele>159.5</ele>
   </trkpt>
   <trkpt lat="49.156370" lon="4.100147">
    <ele>157.0</ele>
   </trkpt>
   <trkpt lat="49.156400" lon="4.101083">
    <ele>156.4</ele>
   </trkpt>
   <trkpt lat="49.156430" lon="4.102020">
    <ele>155.9</ele>
   </trkpt>
   <trkpt lat="49.156460" lon="4.102270">
    <ele>156.0</ele>
   </trkpt>
   <trkpt lat="49.156500" lon="4.102440">
    <ele>156.2</ele>
   </trkpt>
   <trkpt lat="49.156620" lon="4.102610">
    <ele>157.1</ele>
   </trkpt>
   <trkpt lat="49.156720" lon="4.102680">
    <ele>157.1</ele>
   </trkpt>
   <trkpt lat="49.157350" lon="4.102820">
    <ele>160.4</ele>
   </trkpt>
   <trkpt lat="49.157560" lon="4.102900">
    <ele>161.8</ele>
   </trkpt>
   <trkpt lat="49.157680" lon="4.103020">
    <ele>162.9</ele>
   </trkpt>
   <trkpt lat="49.157810" lon="4.103270">
    <ele>164.8</ele>
   </trkpt>
   <trkpt lat="49.157910" lon="4.103540">
    <ele>166.1</ele>
   </trkpt>
   <trkpt lat="49.157960" lon="4.103970">
    <ele>167.7</ele>
   </trkpt>
   <trkpt lat="49.157950" lon="4.104450">
    <ele>169.1</ele>
   </trkpt>
   <trkpt lat="49.157920" lon="4.105060">
    <ele>169.6</ele>
   </trkpt>
   <trkpt lat="49.157895" lon="4.105790">
    <ele>168.7</ele>
   </trkpt>
   <trkpt lat="49.157870" lon="4.106520">
    <ele>168.2</ele>
   </trkpt>
   <trkpt lat="49.157920" lon="4.107797">
    <ele>168.4</ele>
   </trkpt>
   <trkpt lat="49.157970" lon="4.109073">
    <ele>168.3</ele>
   </trkpt>
   <trkpt lat="49.158020" lon="4.110350">
    <ele>166.9</ele>
   </trkpt>
   <trkpt lat="49.158080" lon="4.111390">
    <ele>164.0</ele>
   </trkpt>
   <trkpt lat="49.158020" lon="4.111530">
    <ele>164.0</ele>
   </trkpt>
   <trkpt lat="49.157750" lon="4.111600">
    <ele>163.5</ele>
   </trkpt>
   <trkpt lat="49.157650" lon="4.111660">
    <ele>163.3</ele>
   </trkpt>
   <trkpt lat="49.157610" lon="4.111730">
    <ele>162.8</ele>
   </trkpt>
   <trkpt lat="49.157590" lon="4.111880">
    <ele>162.8</ele>
   </trkpt>
   <trkpt lat="49.157680" lon="4.112880">
    <ele>161.5</ele>
   </trkpt>
   <trkpt lat="49.157805" lon="4.113745">
    <ele>160.4</ele>
   </trkpt>
   <trkpt lat="49.157930" lon="4.114610">
    <ele>159.9</ele>
   </trkpt>
   <trkpt lat="49.157950" lon="4.115010">
    <ele>159.9</ele>
   </trkpt>
   <trkpt lat="49.157870" lon="4.116060">
    <ele>160.1</ele>
   </trkpt>
   <trkpt lat="49.157870" lon="4.116750">
    <ele>160.1</ele>
   </trkpt>
   <trkpt lat="49.157920" lon="4.117390">
    <ele>160.4</ele>
   </trkpt>
   <trkpt lat="49.158010" lon="4.118130">
    <ele>161.4</ele>
   </trkpt>
   <trkpt lat="49.158255" lon="4.118905">
    <ele>165.0</ele>
   </trkpt>
   <trkpt lat="49.158500" lon="4.119680">
    <ele>168.8</ele>
   </trkpt>
   <trkpt lat="49.158620" lon="4.120080">
    <ele>170.3</ele>
   </trkpt>
   <trkpt lat="49.158670" lon="4.120390">
    <ele>172.1</ele>
   </trkpt>
   <trkpt lat="49.158707" lon="4.121333">
    <ele>174.3</ele>
   </trkpt>
   <trkpt lat="49.158743" lon="4.122277">
    <ele>175.1</ele>
   </trkpt>
   <trkpt lat="49.158780" lon="4.123220">
    <ele>176.2</ele>
   </trkpt>
   <trkpt lat="49.158810" lon="4.123640">
    <ele>176.6</ele>
   </trkpt>
   <trkpt lat="49.158960" lon="4.124620">
    <ele>178.5</ele>
   </trkpt>
   <trkpt lat="49.159170" lon="4.125812">
    <ele>183.0</ele>
   </trkpt>
   <trkpt lat="49.159380" lon="4.127005">
    <ele>187.3</ele>
   </trkpt>
   <trkpt lat="49.159590" lon="4.128197">
    <ele>192.2</ele>
   </trkpt>
   <trkpt lat="49.159800" lon="4.129390">
    <ele>195.9</ele>
   </trkpt>
   <trkpt lat="49.159940" lon="4.129800">
    <ele>196.5</ele>
   </trkpt>
   <trkpt lat="49.160040" lon="4.129960">
    <ele>196.5</ele>
   </trkpt>
   <trkpt lat="49.160220" lon="4.130100">
    <ele>197.5</ele>
   </trkpt>
   <trkpt lat="49.160590" lon="4.130270">
    <ele>198.5</ele>
   </trkpt>
   <trkpt lat="49.160770" lon="4.130400">
    <ele>198.5</ele>
   </trkpt>
   <trkpt lat="49.160920" lon="4.130620">
    <ele>198.7</ele>
   </trkpt>
   <trkpt lat="49.160970" lon="4.130740">
    <ele>198.7</ele>
   </trkpt>
   <trkpt lat="49.160960" lon="4.130770">
    <ele>198.7</ele>
   </trkpt>
   <trkpt lat="49.160990" lon="4.131010">
    <ele>198.8</ele>
   </trkpt>
   <trkpt lat="49.161000" lon="4.132380">
    <ele>200.8</ele>
   </trkpt>
   <trkpt lat="49.161040" lon="4.133000">
    <ele>202.5</ele>
   </trkpt>
   <trkpt lat="49.161180" lon="4.134180">
    <ele>208.3</ele>
   </trkpt>
   <trkpt lat="49.161190" lon="4.134820">
    <ele>210.3</ele>
   </trkpt>
   <trkpt lat="49.161160" lon="4.135030">
    <ele>211.4</ele>
   </trkpt>
   <trkpt lat="49.161030" lon="4.135300">
    <ele>211.8</ele>
   </trkpt>
   <trkpt lat="49.160900" lon="4.135470">
    <ele>212.4</ele>
   </trkpt>
   <trkpt lat="49.160750" lon="4.135580">
    <ele>212.4</ele>
   </trkpt>
   <trkpt lat="49.160630" lon="4.135620">
    <ele>212.0</ele>
   </trkpt>
   <trkpt lat="49.160085" lon="4.135660">
    <ele>207.2</ele>
   </trkpt>
   <trkpt lat="49.159540" lon="4.135700">
    <ele>206.1</ele>
   </trkpt>
   <trkpt lat="49.159320" lon="4.135730">
    <ele>204.4</ele>
   </trkpt>
   <trkpt lat="49.159190" lon="4.135850">
    <ele>203.6</ele>
   </trkpt>
   <trkpt lat="49.159090" lon="4.136010">
    <ele>203.2</ele>
   </trkpt>
   <trkpt lat="49.159040" lon="4.136260">
    <ele>203.2</ele>
   </trkpt>
   <trkpt lat="49.158945" lon="4.136975">
    <ele>199.2</ele>
   </trkpt>
   <trkpt lat="49.158850" lon="4.137690">
    <ele>197.3</ele>
   </trkpt>
   <trkpt lat="49.158820" lon="4.138230">
    <ele>195.5</ele>
   </trkpt>
   <trkpt lat="49.158820" lon="4.138490">
    <ele>195.0</ele>
   </trkpt>
   <trkpt lat="49.158750" lon="4.138590">
    <ele>195.0</ele>
   </trkpt>
   <trkpt lat="49.158615" lon="4.139305">
    <ele>193.6</ele>
   </trkpt>
   <trkpt lat="49.158480" lon="4.140020">
    <ele>192.2</ele>
   </trkpt>
   <trkpt lat="49.158440" lon="4.141110">
    <ele>191.1</ele>
   </trkpt>
   <trkpt lat="49.158340" lon="4.141610">
    <ele>191.0</ele>
   </trkpt>
   <trkpt lat="49.158200" lon="4.142120">
    <ele>190.4</ele>
   </trkpt>
   <trkpt lat="49.158150" lon="4.142540">
    <ele>189.4</ele>
   </trkpt>
   <trkpt lat="49.158160" lon="4.142960">
    <ele>188.6</ele>
   </trkpt>
   <trkpt lat="49.158330" lon="4.143920">
    <ele>188.2</ele>
   </trkpt>
   <trkpt lat="49.158340" lon="4.144580">
    <ele>185.6</ele>
   </trkpt>
   <trkpt lat="49.158320" lon="4.145090">
    <ele>183.4</ele>
   </trkpt>
   <trkpt lat="49.158360" lon="4.145290">
    <ele>181.0</ele>
   </trkpt>
   <trkpt lat="49.158520" lon="4.145490">
    <ele>179.6</ele>
   </trkpt>
   <trkpt lat="49.158610" lon="4.145770">
    <ele>177.6</ele>
   </trkpt>
   <trkpt lat="49.158850" lon="4.146100">
    <ele>176.4</ele>
   </trkpt>
   <trkpt lat="49.158550" lon="4.146810">
    <ele>176.6</ele>
   </trkpt>
   <trkpt lat="49.158380" lon="4.147080">
    <ele>177.2</ele>
   </trkpt>
   <trkpt lat="49.158210" lon="4.147400">
    <ele>178.2</ele>
   </trkpt>
   <trkpt lat="49.157945" lon="4.148200">
    <ele>181.1</ele>
   </trkpt>
   <trkpt lat="49.157680" lon="4.149000">
    <ele>184.5</ele>
   </trkpt>
   <trkpt lat="49.157810" lon="4.149590">
    <ele>187.4</ele>
   </trkpt>
   <trkpt lat="49.157850" lon="4.149910">
    <ele>189.0</ele>
   </trkpt>
   <trkpt lat="49.157840" lon="4.150070">
    <ele>191.2</ele>
   </trkpt>
   <trkpt lat="49.157730" lon="4.150360">
    <ele>194.0</ele>
   </trkpt>
   <trkpt lat="49.157660" lon="4.150440">
    <ele>194.0</ele>
   </trkpt>
   <trkpt lat="49.157530" lon="4.150520">
    <ele>195.3</ele>
   </trkpt>
   <trkpt lat="49.157360" lon="4.150520">
    <ele>195.3</ele>
   </trkpt>
   <trkpt lat="49.156490" lon="4.150310">
    <ele>206.8</ele>
   </trkpt>
   <trkpt lat="49.156330" lon="4.150330">
    <ele>207.3</ele>
   </trkpt>
   <trkpt lat="49.156260" lon="4.150390">
    <ele>207.3</ele>
   </trkpt>
   <trkpt lat="49.155970" lon="4.150950">
    <ele>212.5</ele>
   </trkpt>
   <trkpt lat="49.155900" lon="4.151120">
    <ele>213.2</ele>
   </trkpt>
   <trkpt lat="49.155890" lon="4.151500">
    <ele>214.4</ele>
   </trkpt>
   <trkpt lat="49.156000" lon="4.152210">
    <ele>212.6</ele>
   </trkpt>
   <trkpt lat="49.156000" lon="4.152720">
    <ele>210.0</ele>
   </trkpt>
   <trkpt lat="49.155970" lon="4.152940">
    <ele>210.0</ele>
   </trkpt>
   <trkpt lat="49.155870" lon="4.153290">
    <ele>207.8</ele>
   </trkpt>
   <trkpt lat="49.155760" lon="4.153540">
    <ele>206.7</ele>
   </trkpt>
   <trkpt lat="49.155660" lon="4.153770">
    <ele>205.4</ele>
   </trkpt>
   <trkpt lat="49.155560" lon="4.153890">
    <ele>205.4</ele>
   </trkpt>
   <trkpt lat="49.155470" lon="4.153950">
    <ele>204.4</ele>
   </trkpt>
   <trkpt lat="49.155360" lon="4.153980">
    <ele>204.4</ele>
   </trkpt>
   <trkpt lat="49.155220" lon="4.153970">
    <ele>202.8</ele>
   </trkpt>
   <trkpt lat="49.154780" lon="4.153870">
    <ele>202.1</ele>
   </trkpt>
   <trkpt lat="49.154600" lon="4.153870">
    <ele>199.5</ele>
   </trkpt>
   <trkpt lat="49.154440" lon="4.153920">
    <ele>199.5</ele>
   </trkpt>
   <trkpt lat="49.154320" lon="4.154000">
    <ele>198.8</ele>
   </trkpt>
   <trkpt lat="49.154140" lon="4.154170">
    <ele>197.4</ele>
   </trkpt>
   <trkpt lat="49.153490" lon="4.155060">
    <ele>192.6</ele>
   </trkpt>
   <trkpt lat="49.152940" lon="4.155670">
    <ele>187.6</ele>
   </trkpt>
   <trkpt lat="49.152460" lon="4.156120">
    <ele>181.8</ele>
   </trkpt>
   <trkpt lat="49.152060" lon="4.156280">
    <ele>180.5</ele>
   </trkpt>
   <trkpt lat="49.151950" lon="4.156350">
    <ele>179.1</ele>
   </trkpt>
   <trkpt lat="49.151580" lon="4.156830">
    <ele>175.5</ele>
   </trkpt>
   <trkpt lat="49.151170" lon="4.157430">
    <ele>173.8</ele>
   </trkpt>
   <trkpt lat="49.151110" lon="4.157580">
    <ele>173.8</ele>
   </trkpt>
   <trkpt lat="49.151090" lon="4.157770">
    <ele>174.0</ele>
   </trkpt>
   <trkpt lat="49.151100" lon="4.157910">
    <ele>174.2</ele>
   </trkpt>
   <trkpt lat="49.151385" lon="4.158760">
    <ele>177.6</ele>
   </trkpt>
   <trkpt lat="49.151670" lon="4.159610">
    <ele>181.5</ele>
   </trkpt>
   <trkpt lat="49.151700" lon="4.159760">
    <ele>183.4</ele>
   </trkpt>
   <trkpt lat="49.151690" lon="4.159930">
    <ele>183.4</ele>
   </trkpt>
   <trkpt lat="49.151630" lon="4.160130">
    <ele>184.6</ele>
   </trkpt>
   <trkpt lat="49.151440" lon="4.160460">
    <ele>186.0</ele>
   </trkpt>
   <trkpt lat="49.151310" lon="4.160620">
    <ele>186.4</ele>
   </trkpt>
   <trkpt lat="49.150770" lon="4.161090">
    <ele>187.0</ele>
   </trkpt>
   <trkpt lat="49.150120" lon="4.161835">
    <ele>187.4</ele>
   </trkpt>
   <trkpt lat="49.149470" lon="4.162580">
    <ele>186.7</ele>
   </trkpt>
   <trkpt lat="49.149010" lon="4.163080">
    <ele>181.5</ele>
   </trkpt>
   <trkpt lat="49.148550" lon="4.163580">
    <ele>175.4</ele>
   </trkpt>
   <trkpt lat="49.148200" lon="4.164040">
    <ele>171.8</ele>
   </trkpt>
   <trkpt lat="49.148100" lon="4.164080">
    <ele>170.8</ele>
   </trkpt>
   <trkpt lat="49.148050" lon="4.164050">
    <ele>170.1</ele>
   </trkpt>
   <trkpt lat="49.147990" lon="4.163980">
    <ele>169.5</ele>
   </trkpt>
   <trkpt lat="49.147760" lon="4.163440">
    <ele>168.4</ele>
   </trkpt>
   <trkpt lat="49.148040" lon="4.163170">
    <ele>174.3</ele>
   </trkpt>
   <trkpt lat="49.148180" lon="4.163060">
    <ele>176.6</ele>
   </trkpt>
   <trkpt lat="49.148260" lon="4.162950">
    <ele>178.5</ele>
   </trkpt>
   <trkpt lat="49.148360" lon="4.162440">
    <ele>180.2</ele>
   </trkpt>
   <trkpt lat="49.148420" lon="4.161950">
    <ele>182.9</ele>
   </trkpt>
   <trkpt lat="49.148520" lon="4.161720">
    <ele>184.7</ele>
   </trkpt>
   <trkpt lat="49.149040" lon="4.160770">
    <ele>194.9</ele>
   </trkpt>
   <trkpt lat="49.149370" lon="4.160170">
    <ele>203.0</ele>
   </trkpt>
   <trkpt lat="49.149460" lon="4.160040">
    <ele>205.0</ele>
   </trkpt>
   <trkpt lat="49.149510" lon="4.159830">
    <ele>207.2</ele>
   </trkpt>
   <trkpt lat="49.149520" lon="4.159650">
    <ele>207.8</ele>
   </trkpt>
   <trkpt lat="49.149490" lon="4.159420">
    <ele>209.8</ele>
   </trkpt>
   <trkpt lat="49.149450" lon="4.159320">
    <ele>209.8</ele>
   </trkpt>
   <trkpt lat="49.149380" lon="4.159220">
    <ele>211.2</ele>
   </trkpt>
   <trkpt lat="49.149130" lon="4.158950">
    <ele>214.9</ele>
   </trkpt>
   <trkpt lat="49.148800" lon="4.158700">
    <ele>217.2</ele>
   </trkpt>
   <trkpt lat="49.148630" lon="4.158640">
    <ele>218.7</ele>
   </trkpt>
   <trkpt lat="49.148510" lon="4.158640">
    <ele>219.5</ele>
   </trkpt>
   <trkpt lat="49.148380" lon="4.158670">
    <ele>221.6</ele>
   </trkpt>
   <trkpt lat="49.148140" lon="4.158780">
    <ele>223.9</ele>
   </trkpt>
   <trkpt lat="49.147980" lon="4.158830">
    <ele>224.9</ele>
   </trkpt>
   <trkpt lat="49.147830" lon="4.158840">
    <ele>225.9</ele>
   </trkpt>
   <trkpt lat="49.147600" lon="4.158770">
    <ele>227.4</ele>
   </trkpt>
   <trkpt lat="49.147460" lon="4.158620">
    <ele>228.1</ele>
   </trkpt>
   <trkpt lat="49.147170" lon="4.158210">
    <ele>231.9</ele>
   </trkpt>
   <trkpt lat="49.147040" lon="4.158060">
    <ele>231.9</ele>
   </trkpt>
   <trkpt lat="49.146760" lon="4.157840">
    <ele>234.8</ele>
   </trkpt>
   <trkpt lat="49.146290" lon="4.157670">
    <ele>239.8</ele>
   </trkpt>
   <trkpt lat="49.146180" lon="4.157670">
    <ele>239.8</ele>
   </trkpt>
   <trkpt lat="49.145870" lon="4.157700">
    <ele>243.2</ele>
   </trkpt>
   <trkpt lat="49.145700" lon="4.157740">
    <ele>245.0</ele>
   </trkpt>
   <trkpt lat="49.145510" lon="4.157750">
    <ele>247.1</ele>
   </trkpt>
   <trkpt lat="49.144895" lon="4.157655">
    <ele>251.0</ele>
   </trkpt>
   <trkpt lat="49.144280" lon="4.157560">
    <ele>258.2</ele>
   </trkpt>
   <trkpt lat="49.144080" lon="4.157510">
    <ele>259.1</ele>
   </trkpt>
   <trkpt lat="49.143950" lon="4.157440">
    <ele>260.0</ele>
   </trkpt>
   <trkpt lat="49.143730" lon="4.157150">
    <ele>262.6</ele>
   </trkpt>
   <trkpt lat="49.143425" lon="4.156535">
    <ele>266.9</ele>
   </trkpt>
   <trkpt lat="49.143120" lon="4.155920">
    <ele>272.9</ele>
   </trkpt>
   <trkpt lat="49.142970" lon="4.155680">
    <ele>275.5</ele>
   </trkpt>
   <trkpt lat="49.142298" lon="4.155397">
    <ele>279.4</ele>
   </trkpt>
   <trkpt lat="49.141625" lon="4.155115">
    <ele>280.8</ele>
   </trkpt>
   <trkpt lat="49.140953" lon="4.154832">
    <ele>281.8</ele>
   </trkpt>
   <trkpt lat="49.140280" lon="4.154550">
    <ele>284.1</ele>
   </trkpt>
   <trkpt lat="49.139920" lon="4.154350">
    <ele>284.8</ele>
   </trkpt>
   <trkpt lat="49.139180" lon="4.153830">
    <ele>286.7</ele>
   </trkpt>
   <trkpt lat="49.138440" lon="4.153310">
    <ele>286.9</ele>
   </trkpt>
   <trkpt lat="49.137673" lon="4.152785">
    <ele>285.8</ele>
   </trkpt>
   <trkpt lat="49.136905" lon="4.152260">
    <ele>284.3</ele>
   </trkpt>
   <trkpt lat="49.136138" lon="4.151735">
    <ele>282.2</ele>
   </trkpt>
   <trkpt lat="49.135370" lon="4.151210">
    <ele>280.7</ele>
   </trkpt>
   <trkpt lat="49.134682" lon="4.150748">
    <ele>278.4</ele>
   </trkpt>
   <trkpt lat="49.133993" lon="4.150287">
    <ele>277.0</ele>
   </trkpt>
   <trkpt lat="49.133305" lon="4.149825">
    <ele>276.4</ele>
   </trkpt>
   <trkpt lat="49.132617" lon="4.149363">
    <ele>276.8</ele>
   </trkpt>
   <trkpt lat="49.131928" lon="4.148902">
    <ele>277.8</ele>
   </trkpt>
   <trkpt lat="49.131240" lon="4.148440">
    <ele>278.1</ele>
   </trkpt>
   <trkpt lat="49.130910" lon="4.148210">
    <ele>277.9</ele>
   </trkpt>
   <trkpt lat="49.130750" lon="4.148060">
    <ele>277.5</ele>
   </trkpt>
   <trkpt lat="49.130015" lon="4.147307">
    <ele>275.2</ele>
   </trkpt>
   <trkpt lat="49.129280" lon="4.146555">
    <ele>272.7</ele>
   </trkpt>
   <trkpt lat="49.128545" lon="4.145802">
    <ele>270.6</ele>
   </trkpt>
   <trkpt lat="49.127810" lon="4.145050">
    <ele>269.7</ele>
   </trkpt>
   <trkpt lat="49.127240" lon="4.144463">
    <ele>269.5</ele>
   </trkpt>
   <trkpt lat="49.126670" lon="4.143877">
    <ele>268.6</ele>
   </trkpt>
   <trkpt lat="49.126100" lon="4.143290">
    <ele>265.6</ele>
   </trkpt>
   <trkpt lat="49.125645" lon="4.142805">
    <ele>261.9</ele>
   </trkpt>
   <trkpt lat="49.125190" lon="4.142320">
    <ele>256.2</ele>
   </trkpt>
   <trkpt lat="49.124720" lon="4.141930">
    <ele>253.5</ele>
   </trkpt>
   <trkpt lat="49.124275" lon="4.141435">
    <ele>248.1</ele>
   </trkpt>
   <trkpt lat="49.123830" lon="4.140940">
    <ele>245.7</ele>
   </trkpt>
   <trkpt lat="49.123160" lon="4.140254">
    <ele>239.3</ele>
   </trkpt>
   <trkpt lat="49.122490" lon="4.139568">
    <ele>234.9</ele>
   </trkpt>
   <trkpt lat="49.121820" lon="4.138882">
    <ele>231.5</ele>
   </trkpt>
   <trkpt lat="49.121150" lon="4.138196">
    <ele>224.4</ele>
   </trkpt>
   <trkpt lat="49.120480" lon="4.137510">
    <ele>221.5</ele>
   </trkpt>
   <trkpt lat="49.119970" lon="4.137090">
    <ele>219.2</ele>
   </trkpt>
   <trkpt lat="49.119770" lon="4.136970">
    <ele>218.1</ele>
   </trkpt>
   <trkpt lat="49.119490" lon="4.136830">
    <ele>216.2</ele>
   </trkpt>
   <trkpt lat="49.119120" lon="4.136690">
    <ele>214.7</ele>
   </trkpt>
   <trkpt lat="49.119180" lon="4.136710">
    <ele>214.9</ele>
   </trkpt>
   <trkpt lat="49.118427" lon="4.136467">
    <ele>211.2</ele>
   </trkpt>
   <trkpt lat="49.117673" lon="4.136223">
    <ele>209.4</ele>
   </trkpt>
   <trkpt lat="49.116920" lon="4.135980">
    <ele>208.5</ele>
   </trkpt>
   <trkpt lat="49.116560" lon="4.135990">
    <ele>208.2</ele>
   </trkpt>
   <trkpt lat="49.116340" lon="4.136140">
    <ele>207.9</ele>
   </trkpt>
   <trkpt lat="49.115647" lon="4.136700">
    <ele>204.3</ele>
   </trkpt>
   <trkpt lat="49.114953" lon="4.137260">
    <ele>201.9</ele>
   </trkpt>
   <trkpt lat="49.114260" lon="4.137820">
    <ele>197.6</ele>
   </trkpt>
   <trkpt lat="49.113670" lon="4.138410">
    <ele>193.7</ele>
   </trkpt>
   <trkpt lat="49.113490" lon="4.138650">
    <ele>193.0</ele>
   </trkpt>
   <trkpt lat="49.113025" lon="4.139210">
    <ele>188.9</ele>
   </trkpt>
   <trkpt lat="49.112560" lon="4.139770">
    <ele>186.9</ele>
   </trkpt>
   <trkpt lat="49.112120" lon="4.140190">
    <ele>185.4</ele>
   </trkpt>
   <trkpt lat="49.111445" lon="4.140580">
    <ele>181.3</ele>
   </trkpt>
   <trkpt lat="49.110770" lon="4.140970">
    <ele>179.1</ele>
   </trkpt>
   <trkpt lat="49.110480" lon="4.141040">
    <ele>177.6</ele>
   </trkpt>
   <trkpt lat="49.110330" lon="4.141030">
    <ele>177.6</ele>
   </trkpt>
   <trkpt lat="49.110140" lon="4.140980">
    <ele>176.7</ele>
   </trkpt>
   <trkpt lat="49.109580" lon="4.140695">
    <ele>174.9</ele>
   </trkpt>
   <trkpt lat="49.109020" lon="4.140410">
    <ele>173.4</ele>
   </trkpt>
   <trkpt lat="49.108390" lon="4.140000">
    <ele>169.6</ele>
   </trkpt>
   <trkpt lat="49.107740" lon="4.139500">
    <ele>165.3</ele>
   </trkpt>
   <trkpt lat="49.107550" lon="4.139270">
    <ele>164.1</ele>
   </trkpt>
   <trkpt lat="49.107360" lon="4.138970">
    <ele>162.8</ele>
   </trkpt>
   <trkpt lat="49.107230" lon="4.138600">
    <ele>162.3</ele>
   </trkpt>
   <trkpt lat="49.107180" lon="4.138210">
    <ele>161.3</ele>
   </trkpt>
   <trkpt lat="49.107190" lon="4.137890">
    <ele>160.0</ele>
   </trkpt>
   <trkpt lat="49.107353" lon="4.136557">
    <ele>157.7</ele>
   </trkpt>
   <trkpt lat="49.107517" lon="4.135223">
    <ele>155.6</ele>
   </trkpt>
   <trkpt lat="49.107680" lon="4.133890">
    <ele>154.4</ele>
   </trkpt>
   <trkpt lat="49.107747" lon="4.132547">
    <ele>151.4</ele>
   </trkpt>
   <trkpt lat="49.107813" lon="4.131203">
    <ele>147.8</ele>
   </trkpt>
   <trkpt lat="49.107880" lon="4.129860">
    <ele>144.9</ele>
   </trkpt>
   <trkpt lat="49.107840" lon="4.129330">
    <ele>143.9</ele>
   </trkpt>
   <trkpt lat="49.107730" lon="4.128770">
    <ele>143.6</ele>
   </trkpt>
   <trkpt lat="49.107360" lon="4.127940">
    <ele>144.1</ele>
   </trkpt>
   <trkpt lat="49.106990" lon="4.127110">
    <ele>143.6</ele>
   </trkpt>
   <trkpt lat="49.106770" lon="4.126700">
    <ele>142.3</ele>
   </trkpt>
   <trkpt lat="49.106460" lon="4.126300">
    <ele>140.7</ele>
   </trkpt>
   <trkpt lat="49.106070" lon="4.125870">
    <ele>139.4</ele>
   </trkpt>
   <trkpt lat="49.105680" lon="4.125440">
    <ele>138.2</ele>
   </trkpt>
   <trkpt lat="49.105460" lon="4.125100">
    <ele>137.2</ele>
   </trkpt>
   <trkpt lat="49.104925" lon="4.124020">
    <ele>135.7</ele>
   </trkpt>
   <trkpt lat="49.104390" lon="4.122940">
    <ele>135.6</ele>
   </trkpt>
   <trkpt lat="49.104080" lon="4.122400">
    <ele>134.9</ele>
   </trkpt>
   <trkpt lat="49.103473" lon="4.121590">
    <ele>132.0</ele>
   </trkpt>
   <trkpt lat="49.102867" lon="4.120780">
    <ele>129.0</ele>
   </trkpt>
   <trkpt lat="49.102260" lon="4.119970">
    <ele>126.4</ele>
   </trkpt>
   <trkpt lat="49.101970" lon="4.119470">
    <ele>125.2</ele>
   </trkpt>
   <trkpt lat="49.101480" lon="4.118500">
    <ele>123.5</ele>
   </trkpt>
   <trkpt lat="49.101280" lon="4.118210">
    <ele>123.2</ele>
   </trkpt>
   <trkpt lat="49.100940" lon="4.117910">
    <ele>122.5</ele>
   </trkpt>
   <trkpt lat="49.100590" lon="4.117720">
    <ele>122.4</ele>
   </trkpt>
   <trkpt lat="49.100540" lon="4.117660">
    <ele>122.4</ele>
   </trkpt>
   <trkpt lat="49.100530" lon="4.117570">
    <ele>122.4</ele>
   </trkpt>
   <trkpt lat="49.100570" lon="4.117470">
    <ele>122.3</ele>
   </trkpt>
   <trkpt lat="49.099943" lon="4.117423">
    <ele>122.7</ele>
   </trkpt>
   <trkpt lat="49.099317" lon="4.117377">
    <ele>124.5</ele>
   </trkpt>
   <trkpt lat="49.098690" lon="4.117330">
    <ele>128.7</ele>
   </trkpt>
   <trkpt lat="49.098090" lon="4.117180">
    <ele>130.8</ele>
   </trkpt>
   <trkpt lat="49.097278" lon="4.116927">
    <ele>134.8</ele>
   </trkpt>
   <trkpt lat="49.096465" lon="4.116675">
    <ele>140.0</ele>
   </trkpt>
   <trkpt lat="49.095653" lon="4.116422">
    <ele>145.4</ele>
   </trkpt>
   <trkpt lat="49.094840" lon="4.116170">
    <ele>151.3</ele>
   </trkpt>
   <trkpt lat="49.094580" lon="4.116130">
    <ele>152.6</ele>
   </trkpt>
   <trkpt lat="49.094410" lon="4.116130">
    <ele>153.0</ele>
   </trkpt>
   <trkpt lat="49.094250" lon="4.116150">
    <ele>153.3</ele>
   </trkpt>
   <trkpt lat="49.094090" lon="4.116200">
    <ele>153.5</ele>
   </trkpt>
   <trkpt lat="49.093800" lon="4.116370">
    <ele>154.1</ele>
   </trkpt>
   <trkpt lat="49.093640" lon="4.116490">
    <ele>154.5</ele>
   </trkpt>
   <trkpt lat="49.093520" lon="4.116620">
    <ele>154.5</ele>
   </trkpt>
   <trkpt lat="49.093070" lon="4.117170">
    <ele>155.2</ele>
   </trkpt>
   <trkpt lat="49.092383" lon="4.118047">
    <ele>157.9</ele>
   </trkpt>
   <trkpt lat="49.091697" lon="4.118923">
    <ele>162.2</ele>
   </trkpt>
   <trkpt lat="49.091010" lon="4.119800">
    <ele>164.6</ele>
   </trkpt>
   <trkpt lat="49.090520" lon="4.120405">
    <ele>164.9</ele>
   </trkpt>
   <trkpt lat="49.090030" lon="4.121010">
    <ele>164.0</ele>
   </trkpt>
   <trkpt lat="49.089970" lon="4.121430">
    <ele>164.2</ele>
   </trkpt>
   <trkpt lat="49.089780" lon="4.122510">
    <ele>163.6</ele>
   </trkpt>
   <trkpt lat="49.089590" lon="4.123590">
    <ele>159.3</ele>
   </trkpt>
   <trkpt lat="49.089400" lon="4.124670">
    <ele>155.2</ele>
   </trkpt>
   <trkpt lat="49.089240" lon="4.125810">
    <ele>151.0</ele>
   </trkpt>
   <trkpt lat="49.089120" lon="4.126875">
    <ele>148.1</ele>
   </trkpt>
   <trkpt lat="49.089000" lon="4.127940">
    <ele>145.7</ele>
   </trkpt>
   <trkpt lat="49.088790" lon="4.129090">
    <ele>142.8</ele>
   </trkpt>
   <trkpt lat="49.088580" lon="4.130240">
    <ele>139.1</ele>
   </trkpt>
   <trkpt lat="49.087990" lon="4.131215">
    <ele>136.1</ele>
   </trkpt>
   <trkpt lat="49.087400" lon="4.132190">
    <ele>134.1</ele>
   </trkpt>
   <trkpt lat="49.087240" lon="4.132770">
    <ele>133.5</ele>
   </trkpt>
   <trkpt lat="49.087010" lon="4.133370">
    <ele>133.9</ele>
   </trkpt>
   <trkpt lat="49.086635" lon="4.134245">
    <ele>134.5</ele>
   </trkpt>
   <trkpt lat="49.086260" lon="4.135120">
    <ele>132.3</ele>
   </trkpt>
   <trkpt lat="49.085883" lon="4.135833">
    <ele>130.1</ele>
   </trkpt>
   <trkpt lat="49.085507" lon="4.136547">
    <ele>127.6</ele>
   </trkpt>
   <trkpt lat="49.085130" lon="4.137260">
    <ele>125.3</ele>
   </trkpt>
   <trkpt lat="49.085050" lon="4.137480">
    <ele>125.0</ele>
   </trkpt>
   <trkpt lat="49.084870" lon="4.138115">
    <ele>124.5</ele>
   </trkpt>
   <trkpt lat="49.084690" lon="4.138750">
    <ele>125.7</ele>
   </trkpt>
   <trkpt lat="49.084580" lon="4.139010">
    <ele>126.4</ele>
   </trkpt>
   <trkpt lat="49.084250" lon="4.139670">
    <ele>127.1</ele>
   </trkpt>
   <trkpt lat="49.083720" lon="4.140660">
    <ele>127.0</ele>
   </trkpt>
   <trkpt lat="49.083425" lon="4.141275">
    <ele>126.3</ele>
   </trkpt>
   <trkpt lat="49.083130" lon="4.141890">
    <ele>125.8</ele>
   </trkpt>
   <trkpt lat="49.082880" lon="4.143130">
    <ele>125.3</ele>
   </trkpt>
   <trkpt lat="49.082790" lon="4.143360">
    <ele>125.1</ele>
   </trkpt>
   <trkpt lat="49.082210" lon="4.144040">
    <ele>123.3</ele>
   </trkpt>
   <trkpt lat="49.081690" lon="4.144705">
    <ele>121.7</ele>
   </trkpt>
   <trkpt lat="49.081170" lon="4.145370">
    <ele>120.4</ele>
   </trkpt>
   <trkpt lat="49.081085" lon="4.146320">
    <ele>120.4</ele>
   </trkpt>
   <trkpt lat="49.081000" lon="4.147270">
    <ele>120.6</ele>
   </trkpt>
   <trkpt lat="49.080970" lon="4.147400">
    <ele>120.6</ele>
   </trkpt>
   <trkpt lat="49.080603" lon="4.148570">
    <ele>119.5</ele>
   </trkpt>
   <trkpt lat="49.080235" lon="4.149740">
    <ele>118.7</ele>
   </trkpt>
   <trkpt lat="49.079868" lon="4.150910">
    <ele>116.9</ele>
   </trkpt>
   <trkpt lat="49.079500" lon="4.152080">
    <ele>114.9</ele>
   </trkpt>
   <trkpt lat="49.079195" lon="4.153000">
    <ele>112.7</ele>
   </trkpt>
   <trkpt lat="49.078890" lon="4.153920">
    <ele>111.3</ele>
   </trkpt>
   <trkpt lat="49.078630" lon="4.154670">
    <ele>110.6</ele>
   </trkpt>
   <trkpt lat="49.078600" lon="4.154660">
    <ele>110.8</ele>
   </trkpt>
   <trkpt lat="49.078530" lon="4.154670">
    <ele>110.8</ele>
   </trkpt>
   <trkpt lat="49.078460" lon="4.154790">
    <ele>110.8</ele>
   </trkpt>
   <trkpt lat="49.078460" lon="4.154900">
    <ele>110.4</ele>
   </trkpt>
   <trkpt lat="49.078480" lon="4.154950">
    <ele>110.4</ele>
   </trkpt>
   <trkpt lat="49.078540" lon="4.155020">
    <ele>110.4</ele>
   </trkpt>
   <trkpt lat="49.078540" lon="4.155350">
    <ele>110.6</ele>
   </trkpt>
   <trkpt lat="49.078420" lon="4.156390">
    <ele>112.4</ele>
   </trkpt>
   <trkpt lat="49.078170" lon="4.157680">
    <ele>117.1</ele>
   </trkpt>
   <trkpt lat="49.078020" lon="4.158380">
    <ele>120.7</ele>
   </trkpt>
   <trkpt lat="49.077870" lon="4.159080">
    <ele>122.6</ele>
   </trkpt>
   <trkpt lat="49.077650" lon="4.159940">
    <ele>124.2</ele>
   </trkpt>
   <trkpt lat="49.077447" lon="4.160843">
    <ele>124.0</ele>
   </trkpt>
   <trkpt lat="49.077243" lon="4.161747">
    <ele>123.5</ele>
   </trkpt>
   <trkpt lat="49.077040" lon="4.162650">
    <ele>123.3</ele>
   </trkpt>
   <trkpt lat="49.076950" lon="4.163300">
    <ele>122.4</ele>
   </trkpt>
   <trkpt lat="49.076920" lon="4.163940">
    <ele>121.0</ele>
   </trkpt>
   <trkpt lat="49.076950" lon="4.164350">
    <ele>118.7</ele>
   </trkpt>
   <trkpt lat="49.077084" lon="4.165544">
    <ele>115.2</ele>
   </trkpt>
   <trkpt lat="49.077218" lon="4.166738">
    <ele>112.7</ele>
   </trkpt>
   <trkpt lat="49.077352" lon="4.167932">
    <ele>110.2</ele>
   </trkpt>
   <trkpt lat="49.077486" lon="4.169126">
    <ele>108.3</ele>
   </trkpt>
   <trkpt lat="49.077620" lon="4.170320">
    <ele>105.1</ele>
   </trkpt>
   <trkpt lat="49.077650" lon="4.170750">
    <ele>104.1</ele>
   </trkpt>
   <trkpt lat="49.077640" lon="4.171150">
    <ele>103.4</ele>
   </trkpt>
   <trkpt lat="49.077600" lon="4.171440">
    <ele>102.5</ele>
   </trkpt>
   <trkpt lat="49.077450" lon="4.171650">
    <ele>102.0</ele>
   </trkpt>
   <trkpt lat="49.076990" lon="4.172400">
    <ele>101.2</ele>
   </trkpt>
   <trkpt lat="49.076530" lon="4.173150">
    <ele>100.1</ele>
   </trkpt>
   <trkpt lat="49.076170" lon="4.173930">
    <ele>99.1</ele>
   </trkpt>
   <trkpt lat="49.075800" lon="4.174560">
    <ele>98.2</ele>
   </trkpt>
   <trkpt lat="49.075410" lon="4.175145">
    <ele>97.1</ele>
   </trkpt>
   <trkpt lat="49.075020" lon="4.175730">
    <ele>97.8</ele>
   </trkpt>
   <trkpt lat="49.074505" lon="4.175105">
    <ele>99.2</ele>
   </trkpt>
   <trkpt lat="49.073990" lon="4.174480">
    <ele>102.1</ele>
   </trkpt>
   <trkpt lat="49.073760" lon="4.174260">
    <ele>103.6</ele>
   </trkpt>
   <trkpt lat="49.073440" lon="4.174040">
    <ele>104.8</ele>
   </trkpt>
   <trkpt lat="49.073100" lon="4.173900">
    <ele>105.3</ele>
   </trkpt>
   <trkpt lat="49.072870" lon="4.173860">
    <ele>105.3</ele>
   </trkpt>
   <trkpt lat="49.072025" lon="4.173935">
    <ele>102.1</ele>
   </trkpt>
   <trkpt lat="49.071180" lon="4.174010">
    <ele>98.2</ele>
   </trkpt>
   <trkpt lat="49.070340" lon="4.174099">
    <ele>93.8</ele>
   </trkpt>
   <trkpt lat="49.069500" lon="4.174187">
    <ele>91.2</ele>
   </trkpt>
   <trkpt lat="49.068660" lon="4.174276">
    <ele>91.4</ele>
   </trkpt>
   <trkpt lat="49.067820" lon="4.174364">
    <ele>94.3</ele>
   </trkpt>
   <trkpt lat="49.066980" lon="4.174453">
    <ele>96.6</ele>
   </trkpt>
   <trkpt lat="49.066140" lon="4.174541">
    <ele>100.9</ele>
   </trkpt>
   <trkpt lat="49.065300" lon="4.174630">
    <ele>104.1</ele>
   </trkpt>
   <trkpt lat="49.064880" lon="4.174750">
    <ele>104.7</ele>
   </trkpt>
   <trkpt lat="49.064094" lon="4.175162">
    <ele>103.9</ele>
   </trkpt>
   <trkpt lat="49.063308" lon="4.175574">
    <ele>103.5</ele>
   </trkpt>
   <trkpt lat="49.062522" lon="4.175986">
    <ele>103.4</ele>
   </trkpt>
   <trkpt lat="49.061736" lon="4.176398">
    <ele>103.5</ele>
   </trkpt>
   <trkpt lat="49.060950" lon="4.176810">
    <ele>102.0</ele>
   </trkpt>
   <trkpt lat="49.060610" lon="4.176950">
    <ele>101.1</ele>
   </trkpt>
   <trkpt lat="49.060240" lon="4.177010">
    <ele>99.6</ele>
   </trkpt>
   <trkpt lat="49.059386" lon="4.177067">
    <ele>93.9</ele>
   </trkpt>
   <trkpt lat="49.058531" lon="4.177124">
    <ele>89.6</ele>
   </trkpt>
   <trkpt lat="49.057677" lon="4.177181">
    <ele>86.0</ele>
   </trkpt>
   <trkpt lat="49.056823" lon="4.177239">
    <ele>83.5</ele>
   </trkpt>
   <trkpt lat="49.055969" lon="4.177296">
    <ele>82.0</ele>
   </trkpt>
   <trkpt lat="49.055114" lon="4.177353">
    <ele>81.4</ele>
   </trkpt>
   <trkpt lat="49.054260" lon="4.177410">
    <ele>81.4</ele>
   </trkpt>
   <trkpt lat="49.053850" lon="4.177510">
    <ele>82.0</ele>
   </trkpt>
   <trkpt lat="49.053630" lon="4.177580">
    <ele>82.7</ele>
   </trkpt>
   <trkpt lat="49.052767" lon="4.177922">
    <ele>85.0</ele>
   </trkpt>
   <trkpt lat="49.051903" lon="4.178263">
    <ele>87.3</ele>
   </trkpt>
   <trkpt lat="49.051040" lon="4.178605">
    <ele>87.0</ele>
   </trkpt>
   <trkpt lat="49.050177" lon="4.178947">
    <ele>84.8</ele>
   </trkpt>
   <trkpt lat="49.049313" lon="4.179288">
    <ele>83.2</ele>
   </trkpt>
   <trkpt lat="49.048450" lon="4.179630">
    <ele>81.9</ele>
   </trkpt>
   <trkpt lat="49.048160" lon="4.179740">
    <ele>81.2</ele>
   </trkpt>
   <trkpt lat="49.047930" lon="4.179780">
    <ele>81.0</ele>
   </trkpt>
   <trkpt lat="49.047760" lon="4.179730">
    <ele>80.7</ele>
   </trkpt>
   <trkpt lat="49.047660" lon="4.179670">
    <ele>80.6</ele>
   </trkpt>
   <trkpt lat="49.047520" lon="4.179520">
    <ele>80.4</ele>
   </trkpt>
   <trkpt lat="49.047190" lon="4.179040">
    <ele>80.4</ele>
   </trkpt>
   <trkpt lat="49.046860" lon="4.178560">
    <ele>81.2</ele>
   </trkpt>
   <trkpt lat="49.046740" lon="4.178430">
    <ele>81.8</ele>
   </trkpt>
   <trkpt lat="49.046550" lon="4.178280">
    <ele>82.5</ele>
   </trkpt>
   <trkpt lat="49.046310" lon="4.178160">
    <ele>82.7</ele>
   </trkpt>
   <trkpt lat="49.045900" lon="4.178020">
    <ele>82.6</ele>
   </trkpt>
   <trkpt lat="49.045520" lon="4.177910">
    <ele>82.2</ele>
   </trkpt>
   <trkpt lat="49.045520" lon="4.177830">
    <ele>82.2</ele>
   </trkpt>
   <trkpt lat="49.045460" lon="4.177750">
    <ele>82.0</ele>
   </trkpt>
   <trkpt lat="49.045440" lon="4.177740">
    <ele>82.0</ele>
   </trkpt>
   <trkpt lat="49.045380" lon="4.177760">
    <ele>82.0</ele>
   </trkpt>
   <trkpt lat="49.045340" lon="4.177860">
    <ele>81.5</ele>
   </trkpt>
   <trkpt lat="49.044650" lon="4.177455">
    <ele>79.5</ele>
   </trkpt>
   <trkpt lat="49.043960" lon="4.177050">
    <ele>78.2</ele>
   </trkpt>
   <trkpt lat="49.043760" lon="4.176950">
    <ele>78.1</ele>
   </trkpt>
   <trkpt lat="49.043470" lon="4.176850">
    <ele>78.0</ele>
   </trkpt>
   <trkpt lat="49.042710" lon="4.176780">
    <ele>78.5</ele>
   </trkpt>
   <trkpt lat="49.042220" lon="4.176700">
    <ele>76.5</ele>
   </trkpt>
   <trkpt lat="49.042530" lon="4.176020">
    <ele>75.0</ele>
   </trkpt>
   <trkpt lat="49.042530" lon="4.176030">
    <ele>75.0</ele>
   </trkpt>
   <trkpt lat="49.042620" lon="4.175930">
    <ele>74.7</ele>
   </trkpt>
   <trkpt lat="49.042570" lon="4.176140">
    <ele>74.7</ele>
   </trkpt>
   <trkpt lat="49.042370" lon="4.176690">
    <ele>74.8</ele>
   </trkpt>
   <trkpt lat="49.042300" lon="4.176960">
    <ele>74.8</ele>
   </trkpt>
   <trkpt lat="49.042050" lon="4.177470">
    <ele>74.6</ele>
   </trkpt>
   <trkpt lat="49.041980" lon="4.177550">
    <ele>74.6</ele>
   </trkpt>
   <trkpt lat="49.041510" lon="4.178703">
    <ele>74.4</ele>
   </trkpt>
   <trkpt lat="49.041040" lon="4.179857">
    <ele>74.1</ele>
   </trkpt>
   <trkpt lat="49.040570" lon="4.181010">
    <ele>74.2</ele>
   </trkpt>
   <trkpt lat="49.040360" lon="4.181560">
    <ele>74.6</ele>
   </trkpt>
   <trkpt lat="49.040020" lon="4.182200">
    <ele>77.1</ele>
   </trkpt>
   <trkpt lat="49.039780" lon="4.182920">
    <ele>74.9</ele>
   </trkpt>
   <trkpt lat="49.039350" lon="4.183960">
    <ele>74.9</ele>
   </trkpt>
   <trkpt lat="49.038920" lon="4.185000">
    <ele>74.9</ele>
   </trkpt>
   <trkpt lat="49.038490" lon="4.186040">
    <ele>74.7</ele>
   </trkpt>
   <trkpt lat="49.038060" lon="4.187080">
    <ele>74.7</ele>
   </trkpt>
   <trkpt lat="49.037630" lon="4.188120">
    <ele>74.7</ele>
   </trkpt>
   <trkpt lat="49.037200" lon="4.189160">
    <ele>74.8</ele>
   </trkpt>
   <trkpt lat="49.036725" lon="4.190305">
    <ele>74.8</ele>
   </trkpt>
   <trkpt lat="49.036250" lon="4.191450">
    <ele>74.8</ele>
   </trkpt>
   <trkpt lat="49.035775" lon="4.192595">
    <ele>74.9</ele>
   </trkpt>
   <trkpt lat="49.035300" lon="4.193740">
    <ele>74.9</ele>
   </trkpt>
   <trkpt lat="49.034874" lon="4.194790">
    <ele>75.0</ele>
   </trkpt>
   <trkpt lat="49.034448" lon="4.195840">
    <ele>75.1</ele>
   </trkpt>
   <trkpt lat="49.034022" lon="4.196890">
    <ele>75.0</ele>
   </trkpt>
   <trkpt lat="49.033596" lon="4.197940">
    <ele>74.9</ele>
   </trkpt>
   <trkpt lat="49.033170" lon="4.198990">
    <ele>74.9</ele>
   </trkpt>
   <trkpt lat="49.032703" lon="4.200080">
    <ele>74.9</ele>
   </trkpt>
   <trkpt lat="49.032235" lon="4.201170">
    <ele>74.5</ele>
   </trkpt>
   <trkpt lat="49.031768" lon="4.202260">
    <ele>74.0</ele>
   </trkpt>
   <trkpt lat="49.031300" lon="4.203350">
    <ele>76.6</ele>
   </trkpt>
   <trkpt lat="49.031100" lon="4.203910">
    <ele>74.0</ele>
   </trkpt>
   <trkpt lat="49.030630" lon="4.205056">
    <ele>73.9</ele>
   </trkpt>
   <trkpt lat="49.030160" lon="4.206202">
    <ele>73.9</ele>
   </trkpt>
   <trkpt lat="49.029690" lon="4.207348">
    <ele>74.0</ele>
   </trkpt>
   <trkpt lat="49.029220" lon="4.208494">
    <ele>74.1</ele>
   </trkpt>
   <trkpt lat="49.028750" lon="4.209640">
    <ele>74.3</ele>
   </trkpt>
   <trkpt lat="49.028287" lon="4.210754">
    <ele>74.5</ele>
   </trkpt>
   <trkpt lat="49.027825" lon="4.211868">
    <ele>74.7</ele>
   </trkpt>
   <trkpt lat="49.027362" lon="4.212982">
    <ele>74.8</ele>
   </trkpt>
   <trkpt lat="49.026900" lon="4.214096">
    <ele>74.9</ele>
   </trkpt>
   <trkpt lat="49.026437" lon="4.215211">
    <ele>75.1</ele>
   </trkpt>
   <trkpt lat="49.025974" lon="4.216325">
    <ele>75.2</ele>
   </trkpt>
   <trkpt lat="49.025512" lon="4.217439">
    <ele>75.1</ele>
   </trkpt>
   <trkpt lat="49.025049" lon="4.218553">
    <ele>75.0</ele>
   </trkpt>
   <trkpt lat="49.024586" lon="4.219667">
    <ele>74.8</ele>
   </trkpt>
   <trkpt lat="49.024124" lon="4.220781">
    <ele>74.7</ele>
   </trkpt>
   <trkpt lat="49.023661" lon="4.221894">
    <ele>74.5</ele>
   </trkpt>
   <trkpt lat="49.023198" lon="4.223008">
    <ele>74.3</ele>
   </trkpt>
   <trkpt lat="49.022735" lon="4.224122">
    <ele>74.3</ele>
   </trkpt>
   <trkpt lat="49.022273" lon="4.225236">
    <ele>74.2</ele>
   </trkpt>
   <trkpt lat="49.021810" lon="4.226350">
    <ele>74.7</ele>
   </trkpt>
   <trkpt lat="49.021420" lon="4.227160">
    <ele>77.4</ele>
   </trkpt>
   <trkpt lat="49.021300" lon="4.227570">
    <ele>76.2</ele>
   </trkpt>
   <trkpt lat="49.020965" lon="4.228365">
    <ele>75.6</ele>
   </trkpt>
   <trkpt lat="49.020630" lon="4.229160">
    <ele>75.5</ele>
   </trkpt>
   <trkpt lat="49.020188" lon="4.230250">
    <ele>75.6</ele>
   </trkpt>
   <trkpt lat="49.019745" lon="4.231340">
    <ele>75.7</ele>
   </trkpt>
   <trkpt lat="49.019303" lon="4.232430">
    <ele>76.0</ele>
   </trkpt>
   <trkpt lat="49.018860" lon="4.233520">
    <ele>76.0</ele>
   </trkpt>
   <trkpt lat="49.018416" lon="4.234595">
    <ele>76.2</ele>
   </trkpt>
   <trkpt lat="49.017971" lon="4.235669">
    <ele>76.3</ele>
   </trkpt>
   <trkpt lat="49.017527" lon="4.236744">
    <ele>76.3</ele>
   </trkpt>
   <trkpt lat="49.017082" lon="4.237818">
    <ele>76.4</ele>
   </trkpt>
   <trkpt lat="49.016638" lon="4.238892">
    <ele>76.3</ele>
   </trkpt>
   <trkpt lat="49.016193" lon="4.239967">
    <ele>76.2</ele>
   </trkpt>
   <trkpt lat="49.015749" lon="4.241041">
    <ele>76.0</ele>
   </trkpt>
   <trkpt lat="49.015304" lon="4.242116">
    <ele>75.9</ele>
   </trkpt>
   <trkpt lat="49.014860" lon="4.243190">
    <ele>75.7</ele>
   </trkpt>
   <trkpt lat="49.014440" lon="4.244157">
    <ele>75.7</ele>
   </trkpt>
   <trkpt lat="49.014020" lon="4.245123">
    <ele>75.6</ele>
   </trkpt>
   <trkpt lat="49.013600" lon="4.246090">
    <ele>75.5</ele>
   </trkpt>
   <trkpt lat="49.013335" lon="4.246750">
    <ele>76.3</ele>
   </trkpt>
   <trkpt lat="49.013070" lon="4.247410">
    <ele>79.2</ele>
   </trkpt>
   <trkpt lat="49.012596" lon="4.248563">
    <ele>75.3</ele>
   </trkpt>
   <trkpt lat="49.012122" lon="4.249716">
    <ele>75.4</ele>
   </trkpt>
   <trkpt lat="49.011648" lon="4.250869">
    <ele>75.4</ele>
   </trkpt>
   <trkpt lat="49.011174" lon="4.252022">
    <ele>75.8</ele>
   </trkpt>
   <trkpt lat="49.010700" lon="4.253175">
    <ele>75.9</ele>
   </trkpt>
   <trkpt lat="49.010226" lon="4.254328">
    <ele>76.1</ele>
   </trkpt>
   <trkpt lat="49.009752" lon="4.255481">
    <ele>76.2</ele>
   </trkpt>
   <trkpt lat="49.009278" lon="4.256634">
    <ele>76.3</ele>
   </trkpt>
   <trkpt lat="49.008804" lon="4.257787">
    <ele>76.7</ele>
   </trkpt>
   <trkpt lat="49.008330" lon="4.258940">
    <ele>76.8</ele>
   </trkpt>
   <trkpt lat="49.007898" lon="4.259978">
    <ele>76.8</ele>
   </trkpt>
   <trkpt lat="49.007466" lon="4.261016">
    <ele>76.8</ele>
   </trkpt>
   <trkpt lat="49.007034" lon="4.262054">
    <ele>76.8</ele>
   </trkpt>
   <trkpt lat="49.006602" lon="4.263092">
    <ele>76.7</ele>
   </trkpt>
   <trkpt lat="49.006170" lon="4.264130">
    <ele>76.6</ele>
   </trkpt>
   <trkpt lat="49.005797" lon="4.265050">
    <ele>76.6</ele>
   </trkpt>
   <trkpt lat="49.005423" lon="4.265970">
    <ele>76.6</ele>
   </trkpt>
   <trkpt lat="49.005050" lon="4.266890">
    <ele>76.8</ele>
   </trkpt>
   <trkpt lat="49.004880" lon="4.267350">
    <ele>76.9</ele>
   </trkpt>
   <trkpt lat="49.004640" lon="4.267810">
    <ele>77.1</ele>
   </trkpt>
   <trkpt lat="49.004210" lon="4.268850">
    <ele>77.1</ele>
   </trkpt>
   <trkpt lat="49.003780" lon="4.269890">
    <ele>77.1</ele>
   </trkpt>
   <trkpt lat="49.003425" lon="4.270710">
    <ele>77.1</ele>
   </trkpt>
   <trkpt lat="49.003070" lon="4.271530">
    <ele>77.1</ele>
   </trkpt>
   <trkpt lat="49.002636" lon="4.272586">
    <ele>77.0</ele>
   </trkpt>
   <trkpt lat="49.002201" lon="4.273641">
    <ele>77.0</ele>
   </trkpt>
   <trkpt lat="49.001767" lon="4.274697">
    <ele>77.1</ele>
   </trkpt>
   <trkpt lat="49.001332" lon="4.275752">
    <ele>77.1</ele>
   </trkpt>
   <trkpt lat="49.000898" lon="4.276808">
    <ele>77.0</ele>
   </trkpt>
   <trkpt lat="49.000463" lon="4.277863">
    <ele>77.1</ele>
   </trkpt>
   <trkpt lat="49.000029" lon="4.278919">
    <ele>77.2</ele>
   </trkpt>
   <trkpt lat="48.999594" lon="4.279975">
    <ele>77.1</ele>
   </trkpt>
   <trkpt lat="48.999160" lon="4.281030">
    <ele>77.1</ele>
   </trkpt>
   <trkpt lat="48.998682" lon="4.282187">
    <ele>77.2</ele>
   </trkpt>
   <trkpt lat="48.998204" lon="4.283343">
    <ele>77.3</ele>
   </trkpt>
   <trkpt lat="48.997725" lon="4.284499">
    <ele>77.5</ele>
   </trkpt>
   <trkpt lat="48.997247" lon="4.285656">
    <ele>78.6</ele>
   </trkpt>
   <trkpt lat="48.996769" lon="4.286812">
    <ele>79.0</ele>
   </trkpt>
   <trkpt lat="48.996291" lon="4.287969">
    <ele>78.8</ele>
   </trkpt>
   <trkpt lat="48.995812" lon="4.289125">
    <ele>78.8</ele>
   </trkpt>
   <trkpt lat="48.995334" lon="4.290281">
    <ele>78.9</ele>
   </trkpt>
   <trkpt lat="48.994856" lon="4.291438">
    <ele>78.9</ele>
   </trkpt>
   <trkpt lat="48.994377" lon="4.292594">
    <ele>78.8</ele>
   </trkpt>
   <trkpt lat="48.993899" lon="4.293750">
    <ele>78.9</ele>
   </trkpt>
   <trkpt lat="48.993421" lon="4.294907">
    <ele>79.0</ele>
   </trkpt>
   <trkpt lat="48.992942" lon="4.296063">
    <ele>79.0</ele>
   </trkpt>
   <trkpt lat="48.992464" lon="4.297219">
    <ele>79.0</ele>
   </trkpt>
   <trkpt lat="48.991986" lon="4.298375">
    <ele>79.0</ele>
   </trkpt>
   <trkpt lat="48.991507" lon="4.299531">
    <ele>78.9</ele>
   </trkpt>
   <trkpt lat="48.991029" lon="4.300688">
    <ele>79.1</ele>
   </trkpt>
   <trkpt lat="48.990551" lon="4.301844">
    <ele>79.0</ele>
   </trkpt>
   <trkpt lat="48.990072" lon="4.303000">
    <ele>79.1</ele>
   </trkpt>
   <trkpt lat="48.989594" lon="4.304156">
    <ele>78.9</ele>
   </trkpt>
   <trkpt lat="48.989115" lon="4.305312">
    <ele>78.7</ele>
   </trkpt>
   <trkpt lat="48.988637" lon="4.306468">
    <ele>78.4</ele>
   </trkpt>
   <trkpt lat="48.988158" lon="4.307624">
    <ele>77.8</ele>
   </trkpt>
   <trkpt lat="48.987680" lon="4.308780">
    <ele>78.6</ele>
   </trkpt>
   <trkpt lat="48.987390" lon="4.309330">
    <ele>81.1</ele>
   </trkpt>
   <trkpt lat="48.987160" lon="4.310010">
    <ele>79.0</ele>
   </trkpt>
   <trkpt lat="48.986688" lon="4.311143">
    <ele>78.9</ele>
   </trkpt>
   <trkpt lat="48.986216" lon="4.312277">
    <ele>78.9</ele>
   </trkpt>
   <trkpt lat="48.985743" lon="4.313410">
    <ele>78.9</ele>
   </trkpt>
   <trkpt lat="48.985271" lon="4.314544">
    <ele>78.9</ele>
   </trkpt>
   <trkpt lat="48.984799" lon="4.315677">
    <ele>78.8</ele>
   </trkpt>
   <trkpt lat="48.984327" lon="4.316810">
    <ele>79.1</ele>
   </trkpt>
   <trkpt lat="48.983855" lon="4.317943">
    <ele>79.3</ele>
   </trkpt>
   <trkpt lat="48.983382" lon="4.319077">
    <ele>79.2</ele>
   </trkpt>
   <trkpt lat="48.982910" lon="4.320210">
    <ele>79.3</ele>
   </trkpt>
   <trkpt lat="48.982580" lon="4.320960">
    <ele>80.6</ele>
   </trkpt>
   <trkpt lat="48.982400" lon="4.321340">
    <ele>80.6</ele>
   </trkpt>
   <trkpt lat="48.982330" lon="4.321620">
    <ele>80.1</ele>
   </trkpt>
   <trkpt lat="48.981903" lon="4.322668">
    <ele>79.8</ele>
   </trkpt>
   <trkpt lat="48.981475" lon="4.323715">
    <ele>79.8</ele>
   </trkpt>
   <trkpt lat="48.981048" lon="4.324763">
    <ele>79.9</ele>
   </trkpt>
   <trkpt lat="48.980620" lon="4.325810">
    <ele>79.4</ele>
   </trkpt>
   <trkpt lat="48.980510" lon="4.326170">
    <ele>79.4</ele>
   </trkpt>
   <trkpt lat="48.980250" lon="4.326690">
    <ele>79.9</ele>
   </trkpt>
   <trkpt lat="48.979850" lon="4.327625">
    <ele>79.7</ele>
   </trkpt>
   <trkpt lat="48.979450" lon="4.328560">
    <ele>79.7</ele>
   </trkpt>
   <trkpt lat="48.979060" lon="4.329290">
    <ele>79.6</ele>
   </trkpt>
   <trkpt lat="48.978450" lon="4.330290">
    <ele>79.9</ele>
   </trkpt>
   <trkpt lat="48.978050" lon="4.330810">
    <ele>80.0</ele>
   </trkpt>
   <trkpt lat="48.977650" lon="4.331330">
    <ele>79.9</ele>
   </trkpt>
   <trkpt lat="48.977360" lon="4.331620">
    <ele>79.8</ele>
   </trkpt>
   <trkpt lat="48.977100" lon="4.331980">
    <ele>79.6</ele>
   </trkpt>
   <trkpt lat="48.976463" lon="4.332725">
    <ele>79.4</ele>
   </trkpt>
   <trkpt lat="48.975825" lon="4.333470">
    <ele>79.5</ele>
   </trkpt>
   <trkpt lat="48.975188" lon="4.334215">
    <ele>79.4</ele>
   </trkpt>
   <trkpt lat="48.974550" lon="4.334960">
    <ele>80.2</ele>
   </trkpt>
   <trkpt lat="48.974440" lon="4.335080">
    <ele>80.6</ele>
   </trkpt>
   <trkpt lat="48.974220" lon="4.335230">
    <ele>81.3</ele>
   </trkpt>
   <trkpt lat="48.974520" lon="4.335860">
    <ele>81.1</ele>
   </trkpt>
   <trkpt lat="48.974760" lon="4.336270">
    <ele>79.8</ele>
   </trkpt>
   <trkpt lat="48.975220" lon="4.336800">
    <ele>80.1</ele>
   </trkpt>
   <trkpt lat="48.975630" lon="4.337370">
    <ele>79.9</ele>
   </trkpt>
   <trkpt lat="48.975850" lon="4.337220">
    <ele>79.8</ele>
   </trkpt>
   <trkpt lat="48.976090" lon="4.337080">
    <ele>79.9</ele>
   </trkpt>
   <trkpt lat="48.976580" lon="4.337970">
    <ele>81.7</ele>
   </trkpt>
   <trkpt lat="48.977070" lon="4.338430">
    <ele>82.0</ele>
   </trkpt>
  </trkseg>
 </trk>
</gpx>
