<?xml version="1.0" encoding="UTF-8"?>
<gpx creator="coachAI (Strava route + BRouter splice)" version="1.1" xmlns="http://www.topografix.com/GPX/1/1">
 <metadata><name>Raid J2 Arras - Ognes (v3)</name></metadata>
 <trk>
  <name>Raid J2 Arras - Ognes (v3)</name>
  <type>cycling</type>
  <trkseg>
   <trkpt lat="50.290680" lon="2.777800">
    <ele>73.3</ele>
   </trkpt>
   <trkpt lat="50.290910" lon="2.777140">
    <ele>72.5</ele>
   </trkpt>
   <trkpt lat="50.290880" lon="2.776960">
    <ele>72.3</ele>
   </trkpt>
   <trkpt lat="50.290890" lon="2.776800">
    <ele>72.3</ele>
   </trkpt>
   <trkpt lat="50.290620" lon="2.776340">
    <ele>71.0</ele>
   </trkpt>
   <trkpt lat="50.290370" lon="2.776020">
    <ele>70.5</ele>
   </trkpt>
   <trkpt lat="50.289840" lon="2.775510">
    <ele>69.2</ele>
   </trkpt>
   <trkpt lat="50.289730" lon="2.775370">
    <ele>68.7</ele>
   </trkpt>
   <trkpt lat="50.289470" lon="2.774930">
    <ele>68.1</ele>
   </trkpt>
   <trkpt lat="50.289100" lon="2.775670">
    <ele>69.2</ele>
   </trkpt>
   <trkpt lat="50.288700" lon="2.776610">
    <ele>70.2</ele>
   </trkpt>
   <trkpt lat="50.288330" lon="2.777570">
    <ele>71.3</ele>
   </trkpt>
   <trkpt lat="50.288070" lon="2.778305">
    <ele>72.0</ele>
   </trkpt>
   <trkpt lat="50.287810" lon="2.779040">
    <ele>72.2</ele>
   </trkpt>
   <trkpt lat="50.287330" lon="2.778060">
    <ele>71.4</ele>
   </trkpt>
   <trkpt lat="50.287260" lon="2.777950">
    <ele>71.2</ele>
   </trkpt>
   <trkpt lat="50.287050" lon="2.777770">
    <ele>70.3</ele>
   </trkpt>
   <trkpt lat="50.286940" lon="2.777690">
    <ele>70.4</ele>
   </trkpt>
   <trkpt lat="50.286840" lon="2.777650">
    <ele>70.9</ele>
   </trkpt>
   <trkpt lat="50.286770" lon="2.777650">
    <ele>71.0</ele>
   </trkpt>
   <trkpt lat="50.286540" lon="2.777600">
    <ele>71.8</ele>
   </trkpt>
   <trkpt lat="50.286330" lon="2.777580">
    <ele>72.1</ele>
   </trkpt>
   <trkpt lat="50.286110" lon="2.777580">
    <ele>72.7</ele>
   </trkpt>
   <trkpt lat="50.285950" lon="2.777610">
    <ele>74.3</ele>
   </trkpt>
   <trkpt lat="50.285700" lon="2.777700">
    <ele>75.5</ele>
   </trkpt>
   <trkpt lat="50.285570" lon="2.777780">
    <ele>76.2</ele>
   </trkpt>
   <trkpt lat="50.285070" lon="2.778210">
    <ele>77.9</ele>
   </trkpt>
   <trkpt lat="50.284670" lon="2.778580">
    <ele>77.7</ele>
   </trkpt>
   <trkpt lat="50.284210" lon="2.778980">
    <ele>76.0</ele>
   </trkpt>
   <trkpt lat="50.283990" lon="2.779060">
    <ele>75.2</ele>
   </trkpt>
   <trkpt lat="50.283800" lon="2.779210">
    <ele>74.7</ele>
   </trkpt>
   <trkpt lat="50.283740" lon="2.779330">
    <ele>74.7</ele>
   </trkpt>
   <trkpt lat="50.283510" lon="2.779500">
    <ele>74.8</ele>
   </trkpt>
   <trkpt lat="50.282980" lon="2.779800">
    <ele>75.8</ele>
   </trkpt>
   <trkpt lat="50.282400" lon="2.780080">
    <ele>77.0</ele>
   </trkpt>
   <trkpt lat="50.282300" lon="2.780100">
    <ele>77.0</ele>
   </trkpt>
   <trkpt lat="50.282080" lon="2.780190">
    <ele>77.7</ele>
   </trkpt>
   <trkpt lat="50.282010" lon="2.780260">
    <ele>77.7</ele>
   </trkpt>
   <trkpt lat="50.281470" lon="2.780560">
    <ele>79.6</ele>
   </trkpt>
   <trkpt lat="50.281300" lon="2.780620">
    <ele>79.9</ele>
   </trkpt>
   <trkpt lat="50.281080" lon="2.780760">
    <ele>80.5</ele>
   </trkpt>
   <trkpt lat="50.280930" lon="2.780920">
    <ele>80.9</ele>
   </trkpt>
   <trkpt lat="50.280460" lon="2.781230">
    <ele>82.5</ele>
   </trkpt>
   <trkpt lat="50.280310" lon="2.781270">
    <ele>82.9</ele>
   </trkpt>
   <trkpt lat="50.279770" lon="2.781550">
    <ele>84.7</ele>
   </trkpt>
   <trkpt lat="50.279560" lon="2.781620">
    <ele>85.8</ele>
   </trkpt>
   <trkpt lat="50.279490" lon="2.781680">
    <ele>85.8</ele>
   </trkpt>
   <trkpt lat="50.278620" lon="2.781750">
    <ele>86.7</ele>
   </trkpt>
   <trkpt lat="50.278400" lon="2.781780">
    <ele>86.4</ele>
   </trkpt>
   <trkpt lat="50.278090" lon="2.781890">
    <ele>86.0</ele>
   </trkpt>
   <trkpt lat="50.277820" lon="2.782000">
    <ele>85.3</ele>
   </trkpt>
   <trkpt lat="50.277500" lon="2.782150">
    <ele>85.3</ele>
   </trkpt>
   <trkpt lat="50.276995" lon="2.782370">
    <ele>85.0</ele>
   </trkpt>
   <trkpt lat="50.276490" lon="2.782590">
    <ele>84.7</ele>
   </trkpt>
   <trkpt lat="50.276170" lon="2.782680">
    <ele>84.7</ele>
   </trkpt>
   <trkpt lat="50.275550" lon="2.782940">
    <ele>84.7</ele>
   </trkpt>
   <trkpt lat="50.274930" lon="2.783200">
    <ele>84.7</ele>
   </trkpt>
   <trkpt lat="50.274760" lon="2.783300">
    <ele>84.7</ele>
   </trkpt>
   <trkpt lat="50.274400" lon="2.783460">
    <ele>84.8</ele>
   </trkpt>
   <trkpt lat="50.273690" lon="2.783760">
    <ele>84.9</ele>
   </trkpt>
   <trkpt lat="50.273270" lon="2.783870">
    <ele>85.1</ele>
   </trkpt>
   <trkpt lat="50.272970" lon="2.783910">
    <ele>85.1</ele>
   </trkpt>
   <trkpt lat="50.272200" lon="2.784100">
    <ele>85.4</ele>
   </trkpt>
   <trkpt lat="50.271470" lon="2.784260">
    <ele>86.2</ele>
   </trkpt>
   <trkpt lat="50.270660" lon="2.784330">
    <ele>87.7</ele>
   </trkpt>
   <trkpt lat="50.270430" lon="2.784300">
    <ele>88.7</ele>
   </trkpt>
   <trkpt lat="50.269610" lon="2.784380">
    <ele>89.9</ele>
   </trkpt>
   <trkpt lat="50.269490" lon="2.784430">
    <ele>89.9</ele>
   </trkpt>
   <trkpt lat="50.269170" lon="2.784500">
    <ele>90.1</ele>
   </trkpt>
   <trkpt lat="50.268570" lon="2.784670">
    <ele>91.5</ele>
   </trkpt>
   <trkpt lat="50.267680" lon="2.784860">
    <ele>93.6</ele>
   </trkpt>
   <trkpt lat="50.267540" lon="2.784860">
    <ele>94.2</ele>
   </trkpt>
   <trkpt lat="50.266760" lon="2.785040">
    <ele>94.8</ele>
   </trkpt>
   <trkpt lat="50.266570" lon="2.785050">
    <ele>94.7</ele>
   </trkpt>
   <trkpt lat="50.266310" lon="2.785010">
    <ele>94.4</ele>
   </trkpt>
   <trkpt lat="50.266060" lon="2.784950">
    <ele>94.0</ele>
   </trkpt>
   <trkpt lat="50.265900" lon="2.784880">
    <ele>94.0</ele>
   </trkpt>
   <trkpt lat="50.265230" lon="2.784350">
    <ele>92.2</ele>
   </trkpt>
   <trkpt lat="50.265120" lon="2.784280">
    <ele>91.5</ele>
   </trkpt>
   <trkpt lat="50.265030" lon="2.784250">
    <ele>91.3</ele>
   </trkpt>
   <trkpt lat="50.264637" lon="2.785403">
    <ele>90.0</ele>
   </trkpt>
   <trkpt lat="50.264243" lon="2.786557">
    <ele>87.8</ele>
   </trkpt>
   <trkpt lat="50.263850" lon="2.787710">
    <ele>88.4</ele>
   </trkpt>
   <trkpt lat="50.263780" lon="2.787810">
    <ele>88.4</ele>
   </trkpt>
   <trkpt lat="50.263580" lon="2.788710">
    <ele>90.5</ele>
   </trkpt>
   <trkpt lat="50.263280" lon="2.789705">
    <ele>93.4</ele>
   </trkpt>
   <trkpt lat="50.262980" lon="2.790700">
    <ele>94.2</ele>
   </trkpt>
   <trkpt lat="50.262725" lon="2.791650">
    <ele>94.8</ele>
   </trkpt>
   <trkpt lat="50.262470" lon="2.792600">
    <ele>95.6</ele>
   </trkpt>
   <trkpt lat="50.262130" lon="2.793680">
    <ele>95.3</ele>
   </trkpt>
   <trkpt lat="50.261930" lon="2.794240">
    <ele>94.9</ele>
   </trkpt>
   <trkpt lat="50.261800" lon="2.794500">
    <ele>94.4</ele>
   </trkpt>
   <trkpt lat="50.261650" lon="2.794650">
    <ele>94.5</ele>
   </trkpt>
   <trkpt lat="50.261490" lon="2.794770">
    <ele>94.3</ele>
   </trkpt>
   <trkpt lat="50.261410" lon="2.794780">
    <ele>94.2</ele>
   </trkpt>
   <trkpt lat="50.261370" lon="2.794800">
    <ele>94.2</ele>
   </trkpt>
   <trkpt lat="50.261280" lon="2.794920">
    <ele>93.8</ele>
   </trkpt>
   <trkpt lat="50.261250" lon="2.795060">
    <ele>93.8</ele>
   </trkpt>
   <trkpt lat="50.261270" lon="2.795200">
    <ele>93.6</ele>
   </trkpt>
   <trkpt lat="50.261350" lon="2.795340">
    <ele>93.1</ele>
   </trkpt>
   <trkpt lat="50.261360" lon="2.795430">
    <ele>93.1</ele>
   </trkpt>
   <trkpt lat="50.261360" lon="2.795580">
    <ele>92.2</ele>
   </trkpt>
   <trkpt lat="50.261330" lon="2.795770">
    <ele>92.2</ele>
   </trkpt>
   <trkpt lat="50.261150" lon="2.796210">
    <ele>90.5</ele>
   </trkpt>
   <trkpt lat="50.260680" lon="2.797160">
    <ele>88.5</ele>
   </trkpt>
   <trkpt lat="50.260340" lon="2.797800">
    <ele>88.1</ele>
   </trkpt>
   <trkpt lat="50.260000" lon="2.798410">
    <ele>87.7</ele>
   </trkpt>
   <trkpt lat="50.259577" lon="2.799083">
    <ele>87.4</ele>
   </trkpt>
   <trkpt lat="50.259153" lon="2.799757">
    <ele>86.7</ele>
   </trkpt>
   <trkpt lat="50.258730" lon="2.800430">
    <ele>85.6</ele>
   </trkpt>
   <trkpt lat="50.258135" lon="2.801280">
    <ele>83.5</ele>
   </trkpt>
   <trkpt lat="50.257540" lon="2.802130">
    <ele>80.0</ele>
   </trkpt>
   <trkpt lat="50.256925" lon="2.802875">
    <ele>77.5</ele>
   </trkpt>
   <trkpt lat="50.256310" lon="2.803620">
    <ele>75.2</ele>
   </trkpt>
   <trkpt lat="50.255695" lon="2.804365">
    <ele>73.2</ele>
   </trkpt>
   <trkpt lat="50.255080" lon="2.805110">
    <ele>72.2</ele>
   </trkpt>
   <trkpt lat="50.254439" lon="2.805853">
    <ele>71.8</ele>
   </trkpt>
   <trkpt lat="50.253798" lon="2.806595">
    <ele>71.4</ele>
   </trkpt>
   <trkpt lat="50.253156" lon="2.807338">
    <ele>70.8</ele>
   </trkpt>
   <trkpt lat="50.252515" lon="2.808080">
    <ele>70.5</ele>
   </trkpt>
   <trkpt lat="50.251874" lon="2.808823">
    <ele>70.6</ele>
   </trkpt>
   <trkpt lat="50.251233" lon="2.809565">
    <ele>71.4</ele>
   </trkpt>
   <trkpt lat="50.250591" lon="2.810308">
    <ele>72.1</ele>
   </trkpt>
   <trkpt lat="50.249950" lon="2.811050">
    <ele>73.4</ele>
   </trkpt>
   <trkpt lat="50.249500" lon="2.811520">
    <ele>74.4</ele>
   </trkpt>
   <trkpt lat="50.248903" lon="2.812100">
    <ele>76.6</ele>
   </trkpt>
   <trkpt lat="50.248305" lon="2.812680">
    <ele>81.3</ele>
   </trkpt>
   <trkpt lat="50.247708" lon="2.813260">
    <ele>82.9</ele>
   </trkpt>
   <trkpt lat="50.247110" lon="2.813840">
    <ele>86.7</ele>
   </trkpt>
   <trkpt lat="50.246760" lon="2.814250">
    <ele>88.2</ele>
   </trkpt>
   <trkpt lat="50.246490" lon="2.814650">
    <ele>89.1</ele>
   </trkpt>
   <trkpt lat="50.245990" lon="2.815600">
    <ele>89.5</ele>
   </trkpt>
   <trkpt lat="50.245630" lon="2.816330">
    <ele>88.4</ele>
   </trkpt>
   <trkpt lat="50.245270" lon="2.816995">
    <ele>86.3</ele>
   </trkpt>
   <trkpt lat="50.244910" lon="2.817660">
    <ele>84.1</ele>
   </trkpt>
   <trkpt lat="50.244410" lon="2.818410">
    <ele>82.2</ele>
   </trkpt>
   <trkpt lat="50.243910" lon="2.819160">
    <ele>78.3</ele>
   </trkpt>
   <trkpt lat="50.243660" lon="2.819500">
    <ele>77.3</ele>
   </trkpt>
   <trkpt lat="50.243130" lon="2.820140">
    <ele>76.8</ele>
   </trkpt>
   <trkpt lat="50.242715" lon="2.820570">
    <ele>76.7</ele>
   </trkpt>
   <trkpt lat="50.242300" lon="2.821000">
    <ele>77.2</ele>
   </trkpt>
   <trkpt lat="50.241895" lon="2.821400">
    <ele>77.7</ele>
   </trkpt>
   <trkpt lat="50.241490" lon="2.821800">
    <ele>77.9</ele>
   </trkpt>
   <trkpt lat="50.241340" lon="2.821890">
    <ele>78.2</ele>
   </trkpt>
   <trkpt lat="50.241190" lon="2.822070">
    <ele>78.2</ele>
   </trkpt>
   <trkpt lat="50.241120" lon="2.822170">
    <ele>78.1</ele>
   </trkpt>
   <trkpt lat="50.240380" lon="2.822913">
    <ele>78.8</ele>
   </trkpt>
   <trkpt lat="50.239640" lon="2.823655">
    <ele>81.0</ele>
   </trkpt>
   <trkpt lat="50.238900" lon="2.824398">
    <ele>83.4</ele>
   </trkpt>
   <trkpt lat="50.238160" lon="2.825140">
    <ele>87.2</ele>
   </trkpt>
   <trkpt lat="50.237700" lon="2.825520">
    <ele>89.7</ele>
   </trkpt>
   <trkpt lat="50.236935" lon="2.825980">
    <ele>92.9</ele>
   </trkpt>
   <trkpt lat="50.236170" lon="2.826440">
    <ele>92.6</ele>
   </trkpt>
   <trkpt lat="50.235570" lon="2.826850">
    <ele>90.5</ele>
   </trkpt>
   <trkpt lat="50.234913" lon="2.827328">
    <ele>86.4</ele>
   </trkpt>
   <trkpt lat="50.234255" lon="2.827805">
    <ele>84.2</ele>
   </trkpt>
   <trkpt lat="50.233598" lon="2.828283">
    <ele>79.5</ele>
   </trkpt>
   <trkpt lat="50.232940" lon="2.828760">
    <ele>76.5</ele>
   </trkpt>
   <trkpt lat="50.232180" lon="2.829340">
    <ele>74.8</ele>
   </trkpt>
   <trkpt lat="50.231420" lon="2.829920">
    <ele>73.8</ele>
   </trkpt>
   <trkpt lat="50.230660" lon="2.830500">
    <ele>73.7</ele>
   </trkpt>
   <trkpt lat="50.229900" lon="2.831080">
    <ele>73.9</ele>
   </trkpt>
   <trkpt lat="50.229090" lon="2.831670">
    <ele>74.8</ele>
   </trkpt>
   <trkpt lat="50.228640" lon="2.832035">
    <ele>74.3</ele>
   </trkpt>
   <trkpt lat="50.228190" lon="2.832400">
    <ele>72.7</ele>
   </trkpt>
   <trkpt lat="50.227507" lon="2.833110">
    <ele>68.5</ele>
   </trkpt>
   <trkpt lat="50.226823" lon="2.833820">
    <ele>65.9</ele>
   </trkpt>
   <trkpt lat="50.226140" lon="2.834530">
    <ele>65.0</ele>
   </trkpt>
   <trkpt lat="50.225500" lon="2.835130">
    <ele>65.1</ele>
   </trkpt>
   <trkpt lat="50.224975" lon="2.835565">
    <ele>65.4</ele>
   </trkpt>
   <trkpt lat="50.224450" lon="2.836000">
    <ele>65.4</ele>
   </trkpt>
   <trkpt lat="50.224270" lon="2.836230">
    <ele>65.4</ele>
   </trkpt>
   <trkpt lat="50.224220" lon="2.836370">
    <ele>65.3</ele>
   </trkpt>
   <trkpt lat="50.224160" lon="2.836250">
    <ele>65.3</ele>
   </trkpt>
   <trkpt lat="50.224120" lon="2.836220">
    <ele>65.3</ele>
   </trkpt>
   <trkpt lat="50.223930" lon="2.836250">
    <ele>65.4</ele>
   </trkpt>
   <trkpt lat="50.223820" lon="2.836310">
    <ele>65.5</ele>
   </trkpt>
   <trkpt lat="50.223570" lon="2.836500">
    <ele>65.8</ele>
   </trkpt>
   <trkpt lat="50.223070" lon="2.836995">
    <ele>66.7</ele>
   </trkpt>
   <trkpt lat="50.222570" lon="2.837490">
    <ele>67.9</ele>
   </trkpt>
   <trkpt lat="50.222000" lon="2.837975">
    <ele>70.4</ele>
   </trkpt>
   <trkpt lat="50.221430" lon="2.838460">
    <ele>72.7</ele>
   </trkpt>
   <trkpt lat="50.220850" lon="2.838910">
    <ele>74.3</ele>
   </trkpt>
   <trkpt lat="50.220150" lon="2.839400">
    <ele>75.8</ele>
   </trkpt>
   <trkpt lat="50.219445" lon="2.839760">
    <ele>76.7</ele>
   </trkpt>
   <trkpt lat="50.218740" lon="2.840120">
    <ele>77.5</ele>
   </trkpt>
   <trkpt lat="50.218255" lon="2.840325">
    <ele>77.7</ele>
   </trkpt>
   <trkpt lat="50.217770" lon="2.840530">
    <ele>76.8</ele>
   </trkpt>
   <trkpt lat="50.217325" lon="2.840860">
    <ele>76.0</ele>
   </trkpt>
   <trkpt lat="50.216880" lon="2.841190">
    <ele>75.4</ele>
   </trkpt>
   <trkpt lat="50.216480" lon="2.841520">
    <ele>75.5</ele>
   </trkpt>
   <trkpt lat="50.215755" lon="2.842085">
    <ele>77.9</ele>
   </trkpt>
   <trkpt lat="50.215030" lon="2.842650">
    <ele>78.7</ele>
   </trkpt>
   <trkpt lat="50.214390" lon="2.843067">
    <ele>77.6</ele>
   </trkpt>
   <trkpt lat="50.213750" lon="2.843483">
    <ele>75.2</ele>
   </trkpt>
   <trkpt lat="50.213110" lon="2.843900">
    <ele>73.6</ele>
   </trkpt>
   <trkpt lat="50.212595" lon="2.844290">
    <ele>72.7</ele>
   </trkpt>
   <trkpt lat="50.212080" lon="2.844680">
    <ele>72.3</ele>
   </trkpt>
   <trkpt lat="50.211590" lon="2.845145">
    <ele>72.7</ele>
   </trkpt>
   <trkpt lat="50.211100" lon="2.845610">
    <ele>73.3</ele>
   </trkpt>
   <trkpt lat="50.210690" lon="2.846025">
    <ele>73.3</ele>
   </trkpt>
   <trkpt lat="50.210280" lon="2.846440">
    <ele>73.9</ele>
   </trkpt>
   <trkpt lat="50.209680" lon="2.846963">
    <ele>74.8</ele>
   </trkpt>
   <trkpt lat="50.209080" lon="2.847487">
    <ele>77.0</ele>
   </trkpt>
   <trkpt lat="50.208480" lon="2.848010">
    <ele>78.4</ele>
   </trkpt>
   <trkpt lat="50.207850" lon="2.848610">
    <ele>77.8</ele>
   </trkpt>
   <trkpt lat="50.207220" lon="2.849210">
    <ele>77.4</ele>
   </trkpt>
   <trkpt lat="50.206715" lon="2.849565">
    <ele>77.3</ele>
   </trkpt>
   <trkpt lat="50.206210" lon="2.849920">
    <ele>77.4</ele>
   </trkpt>
   <trkpt lat="50.205477" lon="2.850507">
    <ele>77.8</ele>
   </trkpt>
   <trkpt lat="50.204743" lon="2.851093">
    <ele>78.3</ele>
   </trkpt>
   <trkpt lat="50.204010" lon="2.851680">
    <ele>79.4</ele>
   </trkpt>
   <trkpt lat="50.203220" lon="2.852190">
    <ele>81.0</ele>
   </trkpt>
   <trkpt lat="50.202890" lon="2.852370">
    <ele>81.5</ele>
   </trkpt>
   <trkpt lat="50.202110" lon="2.852850">
    <ele>83.9</ele>
   </trkpt>
   <trkpt lat="50.201565" lon="2.853145">
    <ele>86.6</ele>
   </trkpt>
   <trkpt lat="50.201020" lon="2.853440">
    <ele>88.2</ele>
   </trkpt>
   <trkpt lat="50.200235" lon="2.853610">
    <ele>89.9</ele>
   </trkpt>
   <trkpt lat="50.199450" lon="2.853780">
    <ele>92.1</ele>
   </trkpt>
   <trkpt lat="50.198847" lon="2.854040">
    <ele>93.4</ele>
   </trkpt>
   <trkpt lat="50.198243" lon="2.854300">
    <ele>94.5</ele>
   </trkpt>
   <trkpt lat="50.197640" lon="2.854560">
    <ele>96.3</ele>
   </trkpt>
   <trkpt lat="50.197470" lon="2.854650">
    <ele>97.0</ele>
   </trkpt>
   <trkpt lat="50.196695" lon="2.855165">
    <ele>100.4</ele>
   </trkpt>
   <trkpt lat="50.195920" lon="2.855680">
    <ele>104.3</ele>
   </trkpt>
   <trkpt lat="50.195470" lon="2.855810">
    <ele>106.1</ele>
   </trkpt>
   <trkpt lat="50.194810" lon="2.855960">
    <ele>107.1</ele>
   </trkpt>
   <trkpt lat="50.193960" lon="2.856175">
    <ele>105.2</ele>
   </trkpt>
   <trkpt lat="50.193110" lon="2.856390">
    <ele>102.0</ele>
   </trkpt>
   <trkpt lat="50.192635" lon="2.856530">
    <ele>100.7</ele>
   </trkpt>
   <trkpt lat="50.192160" lon="2.856670">
    <ele>99.4</ele>
   </trkpt>
   <trkpt lat="50.191550" lon="2.856890">
    <ele>97.4</ele>
   </trkpt>
   <trkpt lat="50.191100" lon="2.857000">
    <ele>96.1</ele>
   </trkpt>
   <trkpt lat="50.190650" lon="2.857110">
    <ele>95.5</ele>
   </trkpt>
   <trkpt lat="50.190100" lon="2.857190">
    <ele>93.4</ele>
   </trkpt>
   <trkpt lat="50.189297" lon="2.857363">
    <ele>89.6</ele>
   </trkpt>
   <trkpt lat="50.188493" lon="2.857537">
    <ele>86.5</ele>
   </trkpt>
   <trkpt lat="50.187690" lon="2.857710">
    <ele>80.4</ele>
   </trkpt>
   <trkpt lat="50.186920" lon="2.858020">
    <ele>76.4</ele>
   </trkpt>
   <trkpt lat="50.186780" lon="2.858090">
    <ele>74.9</ele>
   </trkpt>
   <trkpt lat="50.186550" lon="2.858280">
    <ele>74.5</ele>
   </trkpt>
   <trkpt lat="50.185970" lon="2.858780">
    <ele>73.4</ele>
   </trkpt>
   <trkpt lat="50.185390" lon="2.859280">
    <ele>74.0</ele>
   </trkpt>
   <trkpt lat="50.184870" lon="2.859610">
    <ele>77.3</ele>
   </trkpt>
   <trkpt lat="50.184550" lon="2.859840">
    <ele>78.7</ele>
   </trkpt>
   <trkpt lat="50.183927" lon="2.860123">
    <ele>83.0</ele>
   </trkpt>
   <trkpt lat="50.183303" lon="2.860407">
    <ele>87.6</ele>
   </trkpt>
   <trkpt lat="50.182680" lon="2.860690">
    <ele>93.9</ele>
   </trkpt>
   <trkpt lat="50.182340" lon="2.860810">
    <ele>95.1</ele>
   </trkpt>
   <trkpt lat="50.182010" lon="2.860960">
    <ele>97.9</ele>
   </trkpt>
   <trkpt lat="50.181363" lon="2.861443">
    <ele>101.8</ele>
   </trkpt>
   <trkpt lat="50.180717" lon="2.861927">
    <ele>105.3</ele>
   </trkpt>
   <trkpt lat="50.180070" lon="2.862410">
    <ele>108.2</ele>
   </trkpt>
   <trkpt lat="50.179780" lon="2.862590">
    <ele>108.7</ele>
   </trkpt>
   <trkpt lat="50.179420" lon="2.862770">
    <ele>108.8</ele>
   </trkpt>
   <trkpt lat="50.178840" lon="2.862940">
    <ele>108.5</ele>
   </trkpt>
   <trkpt lat="50.178210" lon="2.863090">
    <ele>107.9</ele>
   </trkpt>
   <trkpt lat="50.177520" lon="2.863160">
    <ele>107.5</ele>
   </trkpt>
   <trkpt lat="50.177260" lon="2.863100">
    <ele>107.5</ele>
   </trkpt>
   <trkpt lat="50.176780" lon="2.862500">
    <ele>108.3</ele>
   </trkpt>
   <trkpt lat="50.176580" lon="2.862320">
    <ele>108.4</ele>
   </trkpt>
   <trkpt lat="50.176050" lon="2.862010">
    <ele>108.5</ele>
   </trkpt>
   <trkpt lat="50.175425" lon="2.861670">
    <ele>108.7</ele>
   </trkpt>
   <trkpt lat="50.174800" lon="2.861330">
    <ele>108.8</ele>
   </trkpt>
   <trkpt lat="50.174177" lon="2.861017">
    <ele>108.4</ele>
   </trkpt>
   <trkpt lat="50.173553" lon="2.860703">
    <ele>108.0</ele>
   </trkpt>
   <trkpt lat="50.172930" lon="2.860390">
    <ele>106.9</ele>
   </trkpt>
   <trkpt lat="50.172160" lon="2.860040">
    <ele>106.3</ele>
   </trkpt>
   <trkpt lat="50.171470" lon="2.859750">
    <ele>106.2</ele>
   </trkpt>
   <trkpt lat="50.171220" lon="2.859620">
    <ele>106.0</ele>
   </trkpt>
   <trkpt lat="50.170640" lon="2.859270">
    <ele>106.4</ele>
   </trkpt>
   <trkpt lat="50.170090" lon="2.858850">
    <ele>106.5</ele>
   </trkpt>
   <trkpt lat="50.169370" lon="2.858190">
    <ele>106.7</ele>
   </trkpt>
   <trkpt lat="50.168650" lon="2.857530">
    <ele>107.1</ele>
   </trkpt>
   <trkpt lat="50.167930" lon="2.856870">
    <ele>107.7</ele>
   </trkpt>
   <trkpt lat="50.167430" lon="2.856385">
    <ele>108.3</ele>
   </trkpt>
   <trkpt lat="50.166930" lon="2.855900">
    <ele>109.2</ele>
   </trkpt>
   <trkpt lat="50.166430" lon="2.855590">
    <ele>111.1</ele>
   </trkpt>
   <trkpt lat="50.165930" lon="2.855280">
    <ele>113.8</ele>
   </trkpt>
   <trkpt lat="50.165485" lon="2.854935">
    <ele>116.0</ele>
   </trkpt>
   <trkpt lat="50.165040" lon="2.854590">
    <ele>118.2</ele>
   </trkpt>
   <trkpt lat="50.164640" lon="2.854350">
    <ele>120.4</ele>
   </trkpt>
   <trkpt lat="50.164040" lon="2.854070">
    <ele>121.1</ele>
   </trkpt>
   <trkpt lat="50.163750" lon="2.853970">
    <ele>120.7</ele>
   </trkpt>
   <trkpt lat="50.163340" lon="2.853930">
    <ele>118.8</ele>
   </trkpt>
   <trkpt lat="50.162795" lon="2.853980">
    <ele>116.9</ele>
   </trkpt>
   <trkpt lat="50.162250" lon="2.854030">
    <ele>113.4</ele>
   </trkpt>
   <trkpt lat="50.161627" lon="2.854063">
    <ele>111.2</ele>
   </trkpt>
   <trkpt lat="50.161003" lon="2.854097">
    <ele>108.6</ele>
   </trkpt>
   <trkpt lat="50.160380" lon="2.854130">
    <ele>107.0</ele>
   </trkpt>
   <trkpt lat="50.159580" lon="2.854190">
    <ele>104.4</ele>
   </trkpt>
   <trkpt lat="50.159400" lon="2.854220">
    <ele>104.1</ele>
   </trkpt>
   <trkpt lat="50.158820" lon="2.854260">
    <ele>101.9</ele>
   </trkpt>
   <trkpt lat="50.158530" lon="2.854250">
    <ele>100.8</ele>
   </trkpt>
   <trkpt lat="50.158230" lon="2.854140">
    <ele>99.7</ele>
   </trkpt>
   <trkpt lat="50.158120" lon="2.854130">
    <ele>99.7</ele>
   </trkpt>
   <trkpt lat="50.157810" lon="2.854190">
    <ele>98.3</ele>
   </trkpt>
   <trkpt lat="50.157450" lon="2.854300">
    <ele>96.5</ele>
   </trkpt>
   <trkpt lat="50.157260" lon="2.854310">
    <ele>94.6</ele>
   </trkpt>
   <trkpt lat="50.156700" lon="2.854300">
    <ele>91.8</ele>
   </trkpt>
   <trkpt lat="50.156580" lon="2.854280">
    <ele>91.8</ele>
   </trkpt>
   <trkpt lat="50.156400" lon="2.854180">
    <ele>91.0</ele>
   </trkpt>
   <trkpt lat="50.156070" lon="2.853910">
    <ele>90.4</ele>
   </trkpt>
   <trkpt lat="50.155900" lon="2.853800">
    <ele>90.4</ele>
   </trkpt>
   <trkpt lat="50.155680" lon="2.853770">
    <ele>90.4</ele>
   </trkpt>
   <trkpt lat="50.155540" lon="2.853880">
    <ele>90.5</ele>
   </trkpt>
   <trkpt lat="50.155045" lon="2.854530">
    <ele>91.8</ele>
   </trkpt>
   <trkpt lat="50.154550" lon="2.855180">
    <ele>92.6</ele>
   </trkpt>
   <trkpt lat="50.154310" lon="2.855450">
    <ele>92.1</ele>
   </trkpt>
   <trkpt lat="50.153950" lon="2.855360">
    <ele>92.0</ele>
   </trkpt>
   <trkpt lat="50.153720" lon="2.855240">
    <ele>91.8</ele>
   </trkpt>
   <trkpt lat="50.153560" lon="2.855230">
    <ele>91.6</ele>
   </trkpt>
   <trkpt lat="50.153410" lon="2.855300">
    <ele>91.6</ele>
   </trkpt>
   <trkpt lat="50.153320" lon="2.855380">
    <ele>91.6</ele>
   </trkpt>
   <trkpt lat="50.153180" lon="2.855630">
    <ele>91.7</ele>
   </trkpt>
   <trkpt lat="50.153000" lon="2.855880">
    <ele>91.7</ele>
   </trkpt>
   <trkpt lat="50.152830" lon="2.856020">
    <ele>91.7</ele>
   </trkpt>
   <trkpt lat="50.152390" lon="2.856040">
    <ele>92.0</ele>
   </trkpt>
   <trkpt lat="50.151550" lon="2.855970">
    <ele>92.3</ele>
   </trkpt>
   <trkpt lat="50.151340" lon="2.855900">
    <ele>92.5</ele>
   </trkpt>
   <trkpt lat="50.150910" lon="2.855720">
    <ele>93.0</ele>
   </trkpt>
   <trkpt lat="50.150420" lon="2.855390">
    <ele>93.8</ele>
   </trkpt>
   <trkpt lat="50.150290" lon="2.855320">
    <ele>93.8</ele>
   </trkpt>
   <trkpt lat="50.149900" lon="2.855230">
    <ele>94.5</ele>
   </trkpt>
   <trkpt lat="50.149420" lon="2.855080">
    <ele>96.1</ele>
   </trkpt>
   <trkpt lat="50.149220" lon="2.854980">
    <ele>96.9</ele>
   </trkpt>
   <trkpt lat="50.148760" lon="2.854680">
    <ele>99.7</ele>
   </trkpt>
   <trkpt lat="50.148570" lon="2.854650">
    <ele>100.3</ele>
   </trkpt>
   <trkpt lat="50.147720" lon="2.854810">
    <ele>99.2</ele>
   </trkpt>
   <trkpt lat="50.147380" lon="2.854720">
    <ele>98.2</ele>
   </trkpt>
   <trkpt lat="50.147110" lon="2.854730">
    <ele>97.4</ele>
   </trkpt>
   <trkpt lat="50.146760" lon="2.854840">
    <ele>96.5</ele>
   </trkpt>
   <trkpt lat="50.146330" lon="2.855065">
    <ele>95.5</ele>
   </trkpt>
   <trkpt lat="50.145900" lon="2.855290">
    <ele>95.5</ele>
   </trkpt>
   <trkpt lat="50.145295" lon="2.855520">
    <ele>96.2</ele>
   </trkpt>
   <trkpt lat="50.144690" lon="2.855750">
    <ele>97.2</ele>
   </trkpt>
   <trkpt lat="50.144065" lon="2.855920">
    <ele>97.4</ele>
   </trkpt>
   <trkpt lat="50.143440" lon="2.856090">
    <ele>97.1</ele>
   </trkpt>
   <trkpt lat="50.142980" lon="2.856150">
    <ele>96.1</ele>
   </trkpt>
   <trkpt lat="50.142620" lon="2.856150">
    <ele>95.7</ele>
   </trkpt>
   <trkpt lat="50.142260" lon="2.856100">
    <ele>95.8</ele>
   </trkpt>
   <trkpt lat="50.141840" lon="2.855950">
    <ele>97.0</ele>
   </trkpt>
   <trkpt lat="50.141660" lon="2.855870">
    <ele>97.6</ele>
   </trkpt>
   <trkpt lat="50.141080" lon="2.855550">
    <ele>99.5</ele>
   </trkpt>
   <trkpt lat="50.140640" lon="2.855350">
    <ele>99.9</ele>
   </trkpt>
   <trkpt lat="50.140370" lon="2.855320">
    <ele>99.2</ele>
   </trkpt>
   <trkpt lat="50.140120" lon="2.855330">
    <ele>99.0</ele>
   </trkpt>
   <trkpt lat="50.139890" lon="2.855370">
    <ele>98.6</ele>
   </trkpt>
   <trkpt lat="50.139250" lon="2.855530">
    <ele>97.3</ele>
   </trkpt>
   <trkpt lat="50.138775" lon="2.855665">
    <ele>97.0</ele>
   </trkpt>
   <trkpt lat="50.138300" lon="2.855800">
    <ele>96.8</ele>
   </trkpt>
   <trkpt lat="50.137570" lon="2.855890">
    <ele>97.1</ele>
   </trkpt>
   <trkpt lat="50.136920" lon="2.855933">
    <ele>97.5</ele>
   </trkpt>
   <trkpt lat="50.136270" lon="2.855977">
    <ele>97.7</ele>
   </trkpt>
   <trkpt lat="50.135620" lon="2.856020">
    <ele>97.9</ele>
   </trkpt>
   <trkpt lat="50.135035" lon="2.856015">
    <ele>98.1</ele>
   </trkpt>
   <trkpt lat="50.134450" lon="2.856010">
    <ele>98.9</ele>
   </trkpt>
   <trkpt lat="50.133915" lon="2.856070">
    <ele>99.6</ele>
   </trkpt>
   <trkpt lat="50.133380" lon="2.856130">
    <ele>100.1</ele>
   </trkpt>
   <trkpt lat="50.132680" lon="2.856280">
    <ele>101.4</ele>
   </trkpt>
   <trkpt lat="50.132120" lon="2.856435">
    <ele>102.6</ele>
   </trkpt>
   <trkpt lat="50.131560" lon="2.856590">
    <ele>104.2</ele>
   </trkpt>
   <trkpt lat="50.131020" lon="2.856645">
    <ele>106.4</ele>
   </trkpt>
   <trkpt lat="50.130480" lon="2.856700">
    <ele>107.8</ele>
   </trkpt>
   <trkpt lat="50.129720" lon="2.856660">
    <ele>110.5</ele>
   </trkpt>
   <trkpt lat="50.129230" lon="2.856600">
    <ele>112.2</ele>
   </trkpt>
   <trkpt lat="50.128740" lon="2.856540">
    <ele>113.3</ele>
   </trkpt>
   <trkpt lat="50.127960" lon="2.856520">
    <ele>113.9</ele>
   </trkpt>
   <trkpt lat="50.127180" lon="2.856500">
    <ele>113.7</ele>
   </trkpt>
   <trkpt lat="50.126685" lon="2.856445">
    <ele>113.0</ele>
   </trkpt>
   <trkpt lat="50.126190" lon="2.856390">
    <ele>111.6</ele>
   </trkpt>
   <trkpt lat="50.125660" lon="2.856350">
    <ele>110.6</ele>
   </trkpt>
   <trkpt lat="50.125070" lon="2.856340">
    <ele>110.3</ele>
   </trkpt>
   <trkpt lat="50.124500" lon="2.856370">
    <ele>110.2</ele>
   </trkpt>
   <trkpt lat="50.124050" lon="2.856430">
    <ele>110.5</ele>
   </trkpt>
   <trkpt lat="50.123350" lon="2.856580">
    <ele>111.5</ele>
   </trkpt>
   <trkpt lat="50.122620" lon="2.856770">
    <ele>112.3</ele>
   </trkpt>
   <trkpt lat="50.121890" lon="2.856960">
    <ele>113.0</ele>
   </trkpt>
   <trkpt lat="50.121690" lon="2.857020">
    <ele>113.1</ele>
   </trkpt>
   <trkpt lat="50.120840" lon="2.857370">
    <ele>114.9</ele>
   </trkpt>
   <trkpt lat="50.120233" lon="2.857367">
    <ele>115.7</ele>
   </trkpt>
   <trkpt lat="50.119627" lon="2.857363">
    <ele>115.0</ele>
   </trkpt>
   <trkpt lat="50.119020" lon="2.857360">
    <ele>114.4</ele>
   </trkpt>
   <trkpt lat="50.118545" lon="2.857270">
    <ele>113.9</ele>
   </trkpt>
   <trkpt lat="50.118070" lon="2.857180">
    <ele>113.8</ele>
   </trkpt>
   <trkpt lat="50.117750" lon="2.857150">
    <ele>114.0</ele>
   </trkpt>
   <trkpt lat="50.117280" lon="2.857210">
    <ele>114.1</ele>
   </trkpt>
   <trkpt lat="50.116460" lon="2.857400">
    <ele>114.9</ele>
   </trkpt>
   <trkpt lat="50.115960" lon="2.857470">
    <ele>115.2</ele>
   </trkpt>
   <trkpt lat="50.115510" lon="2.857470">
    <ele>116.0</ele>
   </trkpt>
   <trkpt lat="50.114960" lon="2.857300">
    <ele>116.8</ele>
   </trkpt>
   <trkpt lat="50.114410" lon="2.857130">
    <ele>118.0</ele>
   </trkpt>
   <trkpt lat="50.113870" lon="2.856990">
    <ele>118.7</ele>
   </trkpt>
   <trkpt lat="50.113300" lon="2.856910">
    <ele>118.9</ele>
   </trkpt>
   <trkpt lat="50.113040" lon="2.856980">
    <ele>119.1</ele>
   </trkpt>
   <trkpt lat="50.112950" lon="2.857050">
    <ele>119.6</ele>
   </trkpt>
   <trkpt lat="50.112840" lon="2.857200">
    <ele>119.6</ele>
   </trkpt>
   <trkpt lat="50.112750" lon="2.857480">
    <ele>120.0</ele>
   </trkpt>
   <trkpt lat="50.112603" lon="2.858261">
    <ele>120.8</ele>
   </trkpt>
   <trkpt lat="50.112459" lon="2.859047">
    <ele>123.0</ele>
   </trkpt>
   <trkpt lat="50.112399" lon="2.859272">
    <ele>123.5</ele>
   </trkpt>
   <trkpt lat="50.112348" lon="2.859401">
    <ele>123.8</ele>
   </trkpt>
   <trkpt lat="50.112292" lon="2.859489">
    <ele>124.0</ele>
   </trkpt>
   <trkpt lat="50.112208" lon="2.859577">
    <ele>124.0</ele>
   </trkpt>
   <trkpt lat="50.112130" lon="2.859621">
    <ele>124.2</ele>
   </trkpt>
   <trkpt lat="50.112048" lon="2.859654">
    <ele>124.5</ele>
   </trkpt>
   <trkpt lat="50.112000" lon="2.859643">
    <ele>124.8</ele>
   </trkpt>
   <trkpt lat="50.111893" lon="2.859618">
    <ele>125.0</ele>
   </trkpt>
   <trkpt lat="50.111842" lon="2.859595">
    <ele>125.0</ele>
   </trkpt>
   <trkpt lat="50.111798" lon="2.859524">
    <ele>125.0</ele>
   </trkpt>
   <trkpt lat="50.111757" lon="2.859486">
    <ele>125.0</ele>
   </trkpt>
   <trkpt lat="50.111712" lon="2.859465">
    <ele>125.0</ele>
   </trkpt>
   <trkpt lat="50.111664" lon="2.859461">
    <ele>125.0</ele>
   </trkpt>
   <trkpt lat="50.111618" lon="2.859476">
    <ele>125.0</ele>
   </trkpt>
   <trkpt lat="50.111572" lon="2.859509">
    <ele>125.0</ele>
   </trkpt>
   <trkpt lat="50.111521" lon="2.859503">
    <ele>125.0</ele>
   </trkpt>
   <trkpt lat="50.111453" lon="2.859481">
    <ele>125.0</ele>
   </trkpt>
   <trkpt lat="50.111361" lon="2.859447">
    <ele>124.8</ele>
   </trkpt>
   <trkpt lat="50.110976" lon="2.859078">
    <ele>124.2</ele>
   </trkpt>
   <trkpt lat="50.110902" lon="2.858992">
    <ele>124.2</ele>
   </trkpt>
   <trkpt lat="50.110713" lon="2.858777">
    <ele>124.2</ele>
   </trkpt>
   <trkpt lat="50.110394" lon="2.858371">
    <ele>124.0</ele>
   </trkpt>
   <trkpt lat="50.110163" lon="2.858096">
    <ele>124.0</ele>
   </trkpt>
   <trkpt lat="50.110018" lon="2.857912">
    <ele>124.0</ele>
   </trkpt>
   <trkpt lat="50.109969" lon="2.857862">
    <ele>123.8</ele>
   </trkpt>
   <trkpt lat="50.109809" lon="2.857672">
    <ele>123.2</ele>
   </trkpt>
   <trkpt lat="50.109701" lon="2.857546">
    <ele>123.0</ele>
   </trkpt>
   <trkpt lat="50.109154" lon="2.856870">
    <ele>122.0</ele>
   </trkpt>
   <trkpt lat="50.109041" lon="2.856715">
    <ele>122.0</ele>
   </trkpt>
   <trkpt lat="50.109014" lon="2.856684">
    <ele>122.0</ele>
   </trkpt>
   <trkpt lat="50.108924" lon="2.856578">
    <ele>122.2</ele>
   </trkpt>
   <trkpt lat="50.108855" lon="2.856484">
    <ele>122.8</ele>
   </trkpt>
   <trkpt lat="50.108699" lon="2.856269">
    <ele>123.5</ele>
   </trkpt>
   <trkpt lat="50.108447" lon="2.855839">
    <ele>123.2</ele>
   </trkpt>
   <trkpt lat="50.108161" lon="2.855306">
    <ele>124.0</ele>
   </trkpt>
   <trkpt lat="50.108447" lon="2.855839">
    <ele>123.2</ele>
   </trkpt>
   <trkpt lat="50.108699" lon="2.856269">
    <ele>123.5</ele>
   </trkpt>
   <trkpt lat="50.108855" lon="2.856484">
    <ele>122.8</ele>
   </trkpt>
   <trkpt lat="50.108831" lon="2.856522">
    <ele>122.5</ele>
   </trkpt>
   <trkpt lat="50.108601" lon="2.856794">
    <ele>123.2</ele>
   </trkpt>
   <trkpt lat="50.108561" lon="2.856828">
    <ele>123.5</ele>
   </trkpt>
   <trkpt lat="50.108253" lon="2.857177">
    <ele>123.8</ele>
   </trkpt>
   <trkpt lat="50.108131" lon="2.857333">
    <ele>123.2</ele>
   </trkpt>
   <trkpt lat="50.107920" lon="2.857716">
    <ele>123.5</ele>
   </trkpt>
   <trkpt lat="50.107727" lon="2.858097">
    <ele>123.0</ele>
   </trkpt>
   <trkpt lat="50.107580" lon="2.858356">
    <ele>122.5</ele>
   </trkpt>
   <trkpt lat="50.107409" lon="2.858780">
    <ele>121.5</ele>
   </trkpt>
   <trkpt lat="50.107355" lon="2.858953">
    <ele>121.2</ele>
   </trkpt>
   <trkpt lat="50.107252" lon="2.859250">
    <ele>121.0</ele>
   </trkpt>
   <trkpt lat="50.107226" lon="2.859337">
    <ele>121.0</ele>
   </trkpt>
   <trkpt lat="50.107082" lon="2.859736">
    <ele>121.2</ele>
   </trkpt>
   <trkpt lat="50.106968" lon="2.860005">
    <ele>121.0</ele>
   </trkpt>
   <trkpt lat="50.106739" lon="2.860408">
    <ele>121.0</ele>
   </trkpt>
   <trkpt lat="50.106565" lon="2.860656">
    <ele>121.0</ele>
   </trkpt>
   <trkpt lat="50.106319" lon="2.860938">
    <ele>121.5</ele>
   </trkpt>
   <trkpt lat="50.106123" lon="2.861149">
    <ele>122.0</ele>
   </trkpt>
   <trkpt lat="50.105301" lon="2.862008">
    <ele>123.8</ele>
   </trkpt>
   <trkpt lat="50.105194" lon="2.862089">
    <ele>124.0</ele>
   </trkpt>
   <trkpt lat="50.105046" lon="2.862234">
    <ele>124.0</ele>
   </trkpt>
   <trkpt lat="50.104993" lon="2.862353">
    <ele>124.2</ele>
   </trkpt>
   <trkpt lat="50.104973" lon="2.862373">
    <ele>124.5</ele>
   </trkpt>
   <trkpt lat="50.104933" lon="2.862396">
    <ele>124.5</ele>
   </trkpt>
   <trkpt lat="50.104918" lon="2.862361">
    <ele>124.5</ele>
   </trkpt>
   <trkpt lat="50.104900" lon="2.862342">
    <ele>124.5</ele>
   </trkpt>
   <trkpt lat="50.104861" lon="2.862331">
    <ele>124.5</ele>
   </trkpt>
   <trkpt lat="50.104825" lon="2.862356">
    <ele>124.8</ele>
   </trkpt>
   <trkpt lat="50.104805" lon="2.862404">
    <ele>124.8</ele>
   </trkpt>
   <trkpt lat="50.104755" lon="2.862441">
    <ele>124.8</ele>
   </trkpt>
   <trkpt lat="50.104675" lon="2.862508">
    <ele>125.0</ele>
   </trkpt>
   <trkpt lat="50.104382" lon="2.862745">
    <ele>126.0</ele>
   </trkpt>
   <trkpt lat="50.103971" lon="2.863110">
    <ele>127.8</ele>
   </trkpt>
   <trkpt lat="50.103774" lon="2.863266">
    <ele>128.0</ele>
   </trkpt>
   <trkpt lat="50.103239" lon="2.863690">
    <ele>128.0</ele>
   </trkpt>
   <trkpt lat="50.102975" lon="2.863897">
    <ele>128.8</ele>
   </trkpt>
   <trkpt lat="50.102854" lon="2.863978">
    <ele>128.8</ele>
   </trkpt>
   <trkpt lat="50.102210" lon="2.864407">
    <ele>128.8</ele>
   </trkpt>
   <trkpt lat="50.101915" lon="2.864584">
    <ele>128.0</ele>
   </trkpt>
   <trkpt lat="50.101717" lon="2.864713">
    <ele>128.0</ele>
   </trkpt>
   <trkpt lat="50.101191" lon="2.865016">
    <ele>127.2</ele>
   </trkpt>
   <trkpt lat="50.100569" lon="2.865415">
    <ele>128.0</ele>
   </trkpt>
   <trkpt lat="50.100477" lon="2.865479">
    <ele>128.0</ele>
   </trkpt>
   <trkpt lat="50.099718" lon="2.865962">
    <ele>129.5</ele>
   </trkpt>
   <trkpt lat="50.099295" lon="2.866211">
    <ele>130.5</ele>
   </trkpt>
   <trkpt lat="50.099186" lon="2.866280">
    <ele>130.8</ele>
   </trkpt>
   <trkpt lat="50.098620" lon="2.866623">
    <ele>131.0</ele>
   </trkpt>
   <trkpt lat="50.098346" lon="2.866789">
    <ele>130.8</ele>
   </trkpt>
   <trkpt lat="50.098197" lon="2.866795">
    <ele>130.8</ele>
   </trkpt>
   <trkpt lat="50.098195" lon="2.866758">
    <ele>130.8</ele>
   </trkpt>
   <trkpt lat="50.098184" lon="2.866725">
    <ele>130.8</ele>
   </trkpt>
   <trkpt lat="50.098167" lon="2.866699">
    <ele>130.8</ele>
   </trkpt>
   <trkpt lat="50.098128" lon="2.866682">
    <ele>130.8</ele>
   </trkpt>
   <trkpt lat="50.098099" lon="2.866691">
    <ele>130.8</ele>
   </trkpt>
   <trkpt lat="50.098080" lon="2.866713">
    <ele>130.8</ele>
   </trkpt>
   <trkpt lat="50.098066" lon="2.866744">
    <ele>130.5</ele>
   </trkpt>
   <trkpt lat="50.098060" lon="2.866779">
    <ele>130.5</ele>
   </trkpt>
   <trkpt lat="50.098063" lon="2.866816">
    <ele>130.2</ele>
   </trkpt>
   <trkpt lat="50.098073" lon="2.866850">
    <ele>130.2</ele>
   </trkpt>
   <trkpt lat="50.098090" lon="2.866875">
    <ele>130.2</ele>
   </trkpt>
   <trkpt lat="50.098112" lon="2.866891">
    <ele>130.2</ele>
   </trkpt>
   <trkpt lat="50.098057" lon="2.867206">
    <ele>130.0</ele>
   </trkpt>
   <trkpt lat="50.097886" lon="2.868433">
    <ele>129.2</ele>
   </trkpt>
   <trkpt lat="50.097804" lon="2.868982">
    <ele>128.0</ele>
   </trkpt>
   <trkpt lat="50.097692" lon="2.869872">
    <ele>126.2</ele>
   </trkpt>
   <trkpt lat="50.097606" lon="2.870463">
    <ele>124.0</ele>
   </trkpt>
   <trkpt lat="50.097585" lon="2.870624">
    <ele>124.0</ele>
   </trkpt>
   <trkpt lat="50.097509" lon="2.871216">
    <ele>127.5</ele>
   </trkpt>
   <trkpt lat="50.097421" lon="2.871930">
    <ele>126.0</ele>
   </trkpt>
   <trkpt lat="50.097271" lon="2.873028">
    <ele>127.5</ele>
   </trkpt>
   <trkpt lat="50.097209" lon="2.873438">
    <ele>126.8</ele>
   </trkpt>
   <trkpt lat="50.097181" lon="2.873713">
    <ele>126.8</ele>
   </trkpt>
   <trkpt lat="50.097118" lon="2.873628">
    <ele>126.5</ele>
   </trkpt>
   <trkpt lat="50.097045" lon="2.873271">
    <ele>126.2</ele>
   </trkpt>
   <trkpt lat="50.097028" lon="2.872971">
    <ele>126.5</ele>
   </trkpt>
   <trkpt lat="50.096960" lon="2.872367">
    <ele>126.0</ele>
   </trkpt>
   <trkpt lat="50.096941" lon="2.872276">
    <ele>126.0</ele>
   </trkpt>
   <trkpt lat="50.096896" lon="2.872213">
    <ele>126.0</ele>
   </trkpt>
   <trkpt lat="50.096826" lon="2.872150">
    <ele>126.2</ele>
   </trkpt>
   <trkpt lat="50.096084" lon="2.872287">
    <ele>125.0</ele>
   </trkpt>
   <trkpt lat="50.095981" lon="2.872432">
    <ele>125.2</ele>
   </trkpt>
   <trkpt lat="50.095835" lon="2.872774">
    <ele>125.0</ele>
   </trkpt>
   <trkpt lat="50.095635" lon="2.873086">
    <ele>124.2</ele>
   </trkpt>
   <trkpt lat="50.095367" lon="2.873418">
    <ele>123.0</ele>
   </trkpt>
   <trkpt lat="50.094624" lon="2.874126">
    <ele>120.0</ele>
   </trkpt>
   <trkpt lat="50.093949" lon="2.874489">
    <ele>118.8</ele>
   </trkpt>
   <trkpt lat="50.093619" lon="2.874856">
    <ele>118.8</ele>
   </trkpt>
   <trkpt lat="50.091926" lon="2.877536">
    <ele>126.8</ele>
   </trkpt>
   <trkpt lat="50.091238" lon="2.878160">
    <ele>128.2</ele>
   </trkpt>
   <trkpt lat="50.089878" lon="2.879914">
    <ele>130.5</ele>
   </trkpt>
   <trkpt lat="50.089392" lon="2.880512">
    <ele>130.2</ele>
   </trkpt>
   <trkpt lat="50.088993" lon="2.881066">
    <ele>131.0</ele>
   </trkpt>
   <trkpt lat="50.088783" lon="2.881504">
    <ele>132.0</ele>
   </trkpt>
   <trkpt lat="50.088691" lon="2.881623">
    <ele>132.0</ele>
   </trkpt>
   <trkpt lat="50.088681" lon="2.881909">
    <ele>132.0</ele>
   </trkpt>
   <trkpt lat="50.088649" lon="2.882096">
    <ele>131.5</ele>
   </trkpt>
   <trkpt lat="50.088564" lon="2.882422">
    <ele>131.0</ele>
   </trkpt>
   <trkpt lat="50.088424" lon="2.882854">
    <ele>130.8</ele>
   </trkpt>
   <trkpt lat="50.088290" lon="2.883208">
    <ele>129.5</ele>
   </trkpt>
   <trkpt lat="50.088212" lon="2.883337">
    <ele>129.2</ele>
   </trkpt>
   <trkpt lat="50.088107" lon="2.883460">
    <ele>129.2</ele>
   </trkpt>
   <trkpt lat="50.087859" lon="2.883669">
    <ele>129.5</ele>
   </trkpt>
   <trkpt lat="50.087431" lon="2.883998">
    <ele>126.8</ele>
   </trkpt>
   <trkpt lat="50.087263" lon="2.884146">
    <ele>126.0</ele>
   </trkpt>
   <trkpt lat="50.087146" lon="2.884316">
    <ele>125.5</ele>
   </trkpt>
   <trkpt lat="50.087005" lon="2.884549">
    <ele>125.2</ele>
   </trkpt>
   <trkpt lat="50.086582" lon="2.885161">
    <ele>126.2</ele>
   </trkpt>
   <trkpt lat="50.086001" lon="2.886031">
    <ele>128.0</ele>
   </trkpt>
   <trkpt lat="50.085903" lon="2.886208">
    <ele>128.5</ele>
   </trkpt>
   <trkpt lat="50.085838" lon="2.886374">
    <ele>128.0</ele>
   </trkpt>
   <trkpt lat="50.085780" lon="2.886577">
    <ele>128.5</ele>
   </trkpt>
   <trkpt lat="50.085716" lon="2.886918">
    <ele>129.0</ele>
   </trkpt>
   <trkpt lat="50.085508" lon="2.888377">
    <ele>128.5</ele>
   </trkpt>
   <trkpt lat="50.085460" lon="2.888673">
    <ele>128.0</ele>
   </trkpt>
   <trkpt lat="50.085141" lon="2.890187">
    <ele>127.2</ele>
   </trkpt>
   <trkpt lat="50.084869" lon="2.891429">
    <ele>127.5</ele>
   </trkpt>
   <trkpt lat="50.084689" lon="2.892251">
    <ele>127.0</ele>
   </trkpt>
   <trkpt lat="50.084598" lon="2.892749">
    <ele>127.5</ele>
   </trkpt>
   <trkpt lat="50.084578" lon="2.892949">
    <ele>127.8</ele>
   </trkpt>
   <trkpt lat="50.084566" lon="2.893234">
    <ele>128.0</ele>
   </trkpt>
   <trkpt lat="50.084559" lon="2.893737">
    <ele>128.0</ele>
   </trkpt>
   <trkpt lat="50.084545" lon="2.893928">
    <ele>128.2</ele>
   </trkpt>
   <trkpt lat="50.084506" lon="2.894154">
    <ele>128.0</ele>
   </trkpt>
   <trkpt lat="50.084444" lon="2.894347">
    <ele>128.0</ele>
   </trkpt>
   <trkpt lat="50.084386" lon="2.894491">
    <ele>128.0</ele>
   </trkpt>
   <trkpt lat="50.084308" lon="2.894632">
    <ele>128.0</ele>
   </trkpt>
   <trkpt lat="50.084191" lon="2.894790">
    <ele>128.0</ele>
   </trkpt>
   <trkpt lat="50.084116" lon="2.894870">
    <ele>128.0</ele>
   </trkpt>
   <trkpt lat="50.083116" lon="2.895807">
    <ele>126.0</ele>
   </trkpt>
   <trkpt lat="50.082929" lon="2.896006">
    <ele>125.8</ele>
   </trkpt>
   <trkpt lat="50.082813" lon="2.896164">
    <ele>125.5</ele>
   </trkpt>
   <trkpt lat="50.082238" lon="2.897066">
    <ele>125.8</ele>
   </trkpt>
   <trkpt lat="50.081569" lon="2.898109">
    <ele>128.8</ele>
   </trkpt>
   <trkpt lat="50.081339" lon="2.898502">
    <ele>128.8</ele>
   </trkpt>
   <trkpt lat="50.081133" lon="2.898896">
    <ele>128.0</ele>
   </trkpt>
   <trkpt lat="50.080864" lon="2.899518">
    <ele>126.8</ele>
   </trkpt>
   <trkpt lat="50.080795" lon="2.899715">
    <ele>126.0</ele>
   </trkpt>
   <trkpt lat="50.080748" lon="2.899874">
    <ele>126.0</ele>
   </trkpt>
   <trkpt lat="50.080456" lon="2.900891">
    <ele>123.5</ele>
   </trkpt>
   <trkpt lat="50.080428" lon="2.900987">
    <ele>123.0</ele>
   </trkpt>
   <trkpt lat="50.080409" lon="2.901054">
    <ele>123.0</ele>
   </trkpt>
   <trkpt lat="50.080394" lon="2.901041">
    <ele>123.0</ele>
   </trkpt>
   <trkpt lat="50.080377" lon="2.901039">
    <ele>123.0</ele>
   </trkpt>
   <trkpt lat="50.080347" lon="2.901064">
    <ele>123.0</ele>
   </trkpt>
   <trkpt lat="50.080339" lon="2.901096">
    <ele>123.0</ele>
   </trkpt>
   <trkpt lat="50.080341" lon="2.901130">
    <ele>123.0</ele>
   </trkpt>
   <trkpt lat="50.080354" lon="2.901158">
    <ele>123.0</ele>
   </trkpt>
   <trkpt lat="50.080367" lon="2.901170">
    <ele>123.0</ele>
   </trkpt>
   <trkpt lat="50.080336" lon="2.901292">
    <ele>123.0</ele>
   </trkpt>
   <trkpt lat="50.080287" lon="2.901517">
    <ele>122.5</ele>
   </trkpt>
   <trkpt lat="50.080243" lon="2.901795">
    <ele>122.0</ele>
   </trkpt>
   <trkpt lat="50.080214" lon="2.902053">
    <ele>122.0</ele>
   </trkpt>
   <trkpt lat="50.080196" lon="2.902444">
    <ele>121.8</ele>
   </trkpt>
   <trkpt lat="50.080184" lon="2.902584">
    <ele>121.5</ele>
   </trkpt>
   <trkpt lat="50.080191" lon="2.902873">
    <ele>121.5</ele>
   </trkpt>
   <trkpt lat="50.080220" lon="2.903064">
    <ele>121.8</ele>
   </trkpt>
   <trkpt lat="50.080254" lon="2.903183">
    <ele>121.2</ele>
   </trkpt>
   <trkpt lat="50.080300" lon="2.903293">
    <ele>121.0</ele>
   </trkpt>
   <trkpt lat="50.080216" lon="2.903298">
    <ele>121.0</ele>
   </trkpt>
   <trkpt lat="50.079969" lon="2.903364">
    <ele>121.0</ele>
   </trkpt>
   <trkpt lat="50.079865" lon="2.903404">
    <ele>121.0</ele>
   </trkpt>
   <trkpt lat="50.079640" lon="2.903491">
    <ele>121.2</ele>
   </trkpt>
   <trkpt lat="50.079446" lon="2.903620">
    <ele>121.8</ele>
   </trkpt>
   <trkpt lat="50.079293" lon="2.903733">
    <ele>122.2</ele>
   </trkpt>
   <trkpt lat="50.079232" lon="2.903812">
    <ele>122.5</ele>
   </trkpt>
   <trkpt lat="50.079076" lon="2.904648">
    <ele>123.5</ele>
   </trkpt>
   <trkpt lat="50.079038" lon="2.904755">
    <ele>123.8</ele>
   </trkpt>
   <trkpt lat="50.078739" lon="2.905271">
    <ele>123.0</ele>
   </trkpt>
   <trkpt lat="50.078482" lon="2.905649">
    <ele>122.2</ele>
   </trkpt>
   <trkpt lat="50.078346" lon="2.905851">
    <ele>121.8</ele>
   </trkpt>
   <trkpt lat="50.078219" lon="2.906008">
    <ele>121.0</ele>
   </trkpt>
   <trkpt lat="50.077698" lon="2.906583">
    <ele>120.0</ele>
   </trkpt>
   <trkpt lat="50.077564" lon="2.906744">
    <ele>120.0</ele>
   </trkpt>
   <trkpt lat="50.077456" lon="2.906906">
    <ele>120.2</ele>
   </trkpt>
   <trkpt lat="50.077319" lon="2.907171">
    <ele>121.5</ele>
   </trkpt>
   <trkpt lat="50.077212" lon="2.907449">
    <ele>122.0</ele>
   </trkpt>
   <trkpt lat="50.077099" lon="2.907699">
    <ele>123.5</ele>
   </trkpt>
   <trkpt lat="50.076959" lon="2.907893">
    <ele>124.5</ele>
   </trkpt>
   <trkpt lat="50.076705" lon="2.908280">
    <ele>124.2</ele>
   </trkpt>
   <trkpt lat="50.076363" lon="2.908847">
    <ele>122.0</ele>
   </trkpt>
   <trkpt lat="50.076062" lon="2.909379">
    <ele>120.2</ele>
   </trkpt>
   <trkpt lat="50.075768" lon="2.910046">
    <ele>121.2</ele>
   </trkpt>
   <trkpt lat="50.075652" lon="2.910289">
    <ele>122.5</ele>
   </trkpt>
   <trkpt lat="50.075187" lon="2.911104">
    <ele>124.2</ele>
   </trkpt>
   <trkpt lat="50.075150" lon="2.911196">
    <ele>124.0</ele>
   </trkpt>
   <trkpt lat="50.075131" lon="2.911305">
    <ele>123.2</ele>
   </trkpt>
   <trkpt lat="50.075138" lon="2.911392">
    <ele>122.8</ele>
   </trkpt>
   <trkpt lat="50.075206" lon="2.911602">
    <ele>122.0</ele>
   </trkpt>
   <trkpt lat="50.075836" lon="2.912782">
    <ele>120.0</ele>
   </trkpt>
   <trkpt lat="50.075877" lon="2.912880">
    <ele>120.0</ele>
   </trkpt>
   <trkpt lat="50.075907" lon="2.912976">
    <ele>120.0</ele>
   </trkpt>
   <trkpt lat="50.075915" lon="2.913158">
    <ele>120.5</ele>
   </trkpt>
   <trkpt lat="50.075896" lon="2.913262">
    <ele>120.8</ele>
   </trkpt>
   <trkpt lat="50.075858" lon="2.913327">
    <ele>121.0</ele>
   </trkpt>
   <trkpt lat="50.075437" lon="2.913729">
    <ele>121.8</ele>
   </trkpt>
   <trkpt lat="50.075052" lon="2.914124">
    <ele>122.0</ele>
   </trkpt>
   <trkpt lat="50.074983" lon="2.914257">
    <ele>122.2</ele>
   </trkpt>
   <trkpt lat="50.074978" lon="2.914319">
    <ele>122.2</ele>
   </trkpt>
   <trkpt lat="50.074856" lon="2.914331">
    <ele>122.0</ele>
   </trkpt>
   <trkpt lat="50.074679" lon="2.914510">
    <ele>122.0</ele>
   </trkpt>
   <trkpt lat="50.074017" lon="2.915107">
    <ele>123.0</ele>
   </trkpt>
   <trkpt lat="50.072866" lon="2.916002">
    <ele>124.5</ele>
   </trkpt>
   <trkpt lat="50.072088" lon="2.916663">
    <ele>125.8</ele>
   </trkpt>
   <trkpt lat="50.071442" lon="2.917160">
    <ele>127.8</ele>
   </trkpt>
   <trkpt lat="50.071125" lon="2.917344">
    <ele>128.2</ele>
   </trkpt>
   <trkpt lat="50.070813" lon="2.917483">
    <ele>129.8</ele>
   </trkpt>
   <trkpt lat="50.070496" lon="2.917600">
    <ele>130.2</ele>
   </trkpt>
   <trkpt lat="50.069579" lon="2.917879">
    <ele>132.0</ele>
   </trkpt>
   <trkpt lat="50.069346" lon="2.917976">
    <ele>132.5</ele>
   </trkpt>
   <trkpt lat="50.068699" lon="2.918310">
    <ele>132.8</ele>
   </trkpt>
   <trkpt lat="50.068180" lon="2.918641">
    <ele>133.0</ele>
   </trkpt>
   <trkpt lat="50.067891" lon="2.918848">
    <ele>132.8</ele>
   </trkpt>
   <trkpt lat="50.067809" lon="2.918917">
    <ele>132.8</ele>
   </trkpt>
   <trkpt lat="50.065982" lon="2.920512">
    <ele>128.2</ele>
   </trkpt>
   <trkpt lat="50.065209" lon="2.921152">
    <ele>128.8</ele>
   </trkpt>
   <trkpt lat="50.063711" lon="2.922421">
    <ele>130.8</ele>
   </trkpt>
   <trkpt lat="50.063613" lon="2.922470">
    <ele>130.8</ele>
   </trkpt>
   <trkpt lat="50.063282" lon="2.922777">
    <ele>131.5</ele>
   </trkpt>
   <trkpt lat="50.063121" lon="2.922957">
    <ele>130.8</ele>
   </trkpt>
   <trkpt lat="50.063008" lon="2.923070">
    <ele>131.0</ele>
   </trkpt>
   <trkpt lat="50.062798" lon="2.923351">
    <ele>131.0</ele>
   </trkpt>
   <trkpt lat="50.062447" lon="2.923740">
    <ele>132.0</ele>
   </trkpt>
   <trkpt lat="50.062381" lon="2.923803">
    <ele>132.0</ele>
   </trkpt>
   <trkpt lat="50.062116" lon="2.924110">
    <ele>132.8</ele>
   </trkpt>
   <trkpt lat="50.061830" lon="2.924566">
    <ele>133.0</ele>
   </trkpt>
   <trkpt lat="50.061602" lon="2.924827">
    <ele>133.0</ele>
   </trkpt>
   <trkpt lat="50.061371" lon="2.925224">
    <ele>133.8</ele>
   </trkpt>
   <trkpt lat="50.061278" lon="2.925401">
    <ele>133.5</ele>
   </trkpt>
   <trkpt lat="50.061224" lon="2.925567">
    <ele>133.5</ele>
   </trkpt>
   <trkpt lat="50.061165" lon="2.925596">
    <ele>133.8</ele>
   </trkpt>
   <trkpt lat="50.061112" lon="2.925655">
    <ele>133.8</ele>
   </trkpt>
   <trkpt lat="50.060748" lon="2.926443">
    <ele>133.0</ele>
   </trkpt>
   <trkpt lat="50.060164" lon="2.927826">
    <ele>133.0</ele>
   </trkpt>
   <trkpt lat="50.060005" lon="2.928241">
    <ele>133.0</ele>
   </trkpt>
   <trkpt lat="50.059933" lon="2.928370">
    <ele>133.0</ele>
   </trkpt>
   <trkpt lat="50.059861" lon="2.928460">
    <ele>133.0</ele>
   </trkpt>
   <trkpt lat="50.059755" lon="2.928514">
    <ele>133.0</ele>
   </trkpt>
   <trkpt lat="50.059726" lon="2.928402">
    <ele>133.0</ele>
   </trkpt>
   <trkpt lat="50.059434" lon="2.927588">
    <ele>133.0</ele>
   </trkpt>
   <trkpt lat="50.059368" lon="2.927401">
    <ele>133.2</ele>
   </trkpt>
   <trkpt lat="50.059205" lon="2.927001">
    <ele>133.0</ele>
   </trkpt>
   <trkpt lat="50.059184" lon="2.926949">
    <ele>133.0</ele>
   </trkpt>
   <trkpt lat="50.058619" lon="2.925724">
    <ele>132.0</ele>
   </trkpt>
   <trkpt lat="50.058255" lon="2.925064">
    <ele>130.8</ele>
   </trkpt>
   <trkpt lat="50.058126" lon="2.924832">
    <ele>129.5</ele>
   </trkpt>
   <trkpt lat="50.058105" lon="2.924868">
    <ele>129.5</ele>
   </trkpt>
   <trkpt lat="50.057653" lon="2.925653">
    <ele>131.5</ele>
   </trkpt>
   <trkpt lat="50.056962" lon="2.926472">
    <ele>131.0</ele>
   </trkpt>
   <trkpt lat="50.056838" lon="2.926665">
    <ele>131.0</ele>
   </trkpt>
   <trkpt lat="50.056643" lon="2.927022">
    <ele>131.2</ele>
   </trkpt>
   <trkpt lat="50.056464" lon="2.927407">
    <ele>131.2</ele>
   </trkpt>
   <trkpt lat="50.056339" lon="2.927623">
    <ele>131.2</ele>
   </trkpt>
   <trkpt lat="50.056267" lon="2.927709">
    <ele>131.2</ele>
   </trkpt>
   <trkpt lat="50.056130" lon="2.927708">
    <ele>131.0</ele>
   </trkpt>
   <trkpt lat="50.055584" lon="2.927779">
    <ele>131.0</ele>
   </trkpt>
   <trkpt lat="50.055191" lon="2.927905">
    <ele>130.8</ele>
   </trkpt>
   <trkpt lat="50.055003" lon="2.927944">
    <ele>130.5</ele>
   </trkpt>
   <trkpt lat="50.054644" lon="2.928070">
    <ele>130.0</ele>
   </trkpt>
   <trkpt lat="50.054591" lon="2.928097">
    <ele>130.0</ele>
   </trkpt>
   <trkpt lat="50.054220" lon="2.928185">
    <ele>130.2</ele>
   </trkpt>
   <trkpt lat="50.053891" lon="2.928246">
    <ele>129.5</ele>
   </trkpt>
   <trkpt lat="50.053521" lon="2.928260">
    <ele>129.5</ele>
   </trkpt>
   <trkpt lat="50.053163" lon="2.928182">
    <ele>129.8</ele>
   </trkpt>
   <trkpt lat="50.052758" lon="2.928065">
    <ele>130.0</ele>
   </trkpt>
   <trkpt lat="50.052365" lon="2.927875">
    <ele>130.0</ele>
   </trkpt>
   <trkpt lat="50.051740" lon="2.927506">
    <ele>130.8</ele>
   </trkpt>
   <trkpt lat="50.051174" lon="2.927184">
    <ele>131.5</ele>
   </trkpt>
   <trkpt lat="50.050829" lon="2.926920">
    <ele>132.0</ele>
   </trkpt>
   <trkpt lat="50.049890" lon="2.926056">
    <ele>133.5</ele>
   </trkpt>
   <trkpt lat="50.049546" lon="2.925755">
    <ele>134.0</ele>
   </trkpt>
   <trkpt lat="50.049010" lon="2.925415">
    <ele>131.2</ele>
   </trkpt>
   <trkpt lat="50.048748" lon="2.925272">
    <ele>130.5</ele>
   </trkpt>
   <trkpt lat="50.048474" lon="2.925139">
    <ele>130.0</ele>
   </trkpt>
   <trkpt lat="50.048063" lon="2.925032">
    <ele>129.8</ele>
   </trkpt>
   <trkpt lat="50.047359" lon="2.924968">
    <ele>130.0</ele>
   </trkpt>
   <trkpt lat="50.046019" lon="2.924608">
    <ele>133.2</ele>
   </trkpt>
   <trkpt lat="50.045681" lon="2.924566">
    <ele>133.2</ele>
   </trkpt>
   <trkpt lat="50.044603" lon="2.925112">
    <ele>132.2</ele>
   </trkpt>
   <trkpt lat="50.044546" lon="2.925151">
    <ele>131.2</ele>
   </trkpt>
   <trkpt lat="50.044009" lon="2.925446">
    <ele>134.0</ele>
   </trkpt>
   <trkpt lat="50.043921" lon="2.925495">
    <ele>134.5</ele>
   </trkpt>
   <trkpt lat="50.043697" lon="2.925574">
    <ele>134.2</ele>
   </trkpt>
   <trkpt lat="50.043563" lon="2.925603">
    <ele>134.0</ele>
   </trkpt>
   <trkpt lat="50.043430" lon="2.925615">
    <ele>134.0</ele>
   </trkpt>
   <trkpt lat="50.043311" lon="2.925588">
    <ele>133.8</ele>
   </trkpt>
   <trkpt lat="50.042610" lon="2.925058">
    <ele>132.0</ele>
   </trkpt>
   <trkpt lat="50.042362" lon="2.924919">
    <ele>131.2</ele>
   </trkpt>
   <trkpt lat="50.042144" lon="2.924835">
    <ele>131.0</ele>
   </trkpt>
   <trkpt lat="50.042007" lon="2.924809">
    <ele>131.0</ele>
   </trkpt>
   <trkpt lat="50.035140" lon="2.923983">
    <ele>140.0</ele>
   </trkpt>
   <trkpt lat="50.032836" lon="2.923463">
    <ele>146.2</ele>
   </trkpt>
   <trkpt lat="50.030728" lon="2.922388">
    <ele>148.5</ele>
   </trkpt>
   <trkpt lat="50.029848" lon="2.922043">
    <ele>149.8</ele>
   </trkpt>
   <trkpt lat="50.029237" lon="2.921984">
    <ele>149.8</ele>
   </trkpt>
   <trkpt lat="50.029064" lon="2.922005">
    <ele>149.8</ele>
   </trkpt>
   <trkpt lat="50.028967" lon="2.922061">
    <ele>149.5</ele>
   </trkpt>
   <trkpt lat="50.028909" lon="2.922031">
    <ele>149.5</ele>
   </trkpt>
   <trkpt lat="50.028836" lon="2.922013">
    <ele>149.8</ele>
   </trkpt>
   <trkpt lat="50.028299" lon="2.922036">
    <ele>150.5</ele>
   </trkpt>
   <trkpt lat="50.028007" lon="2.921982">
    <ele>151.0</ele>
   </trkpt>
   <trkpt lat="50.027777" lon="2.921931">
    <ele>152.0</ele>
   </trkpt>
   <trkpt lat="50.027046" lon="2.921690">
    <ele>153.2</ele>
   </trkpt>
   <trkpt lat="50.026570" lon="2.921536">
    <ele>153.2</ele>
   </trkpt>
   <trkpt lat="50.026400" lon="2.921464">
    <ele>153.0</ele>
   </trkpt>
   <trkpt lat="50.026388" lon="2.921536">
    <ele>153.0</ele>
   </trkpt>
   <trkpt lat="50.026163" lon="2.922922">
    <ele>153.5</ele>
   </trkpt>
   <trkpt lat="50.026055" lon="2.923643">
    <ele>153.0</ele>
   </trkpt>
   <trkpt lat="50.025923" lon="2.924213">
    <ele>152.8</ele>
   </trkpt>
   <trkpt lat="50.025795" lon="2.924716">
    <ele>151.8</ele>
   </trkpt>
   <trkpt lat="50.025723" lon="2.924942">
    <ele>151.0</ele>
   </trkpt>
   <trkpt lat="50.025557" lon="2.925190">
    <ele>150.2</ele>
   </trkpt>
   <trkpt lat="50.025447" lon="2.925328">
    <ele>149.8</ele>
   </trkpt>
   <trkpt lat="50.025043" lon="2.925593">
    <ele>148.0</ele>
   </trkpt>
   <trkpt lat="50.024572" lon="2.925939">
    <ele>145.5</ele>
   </trkpt>
   <trkpt lat="50.024429" lon="2.926024">
    <ele>144.5</ele>
   </trkpt>
   <trkpt lat="50.023113" lon="2.926869">
    <ele>145.0</ele>
   </trkpt>
   <trkpt lat="50.021666" lon="2.927812">
    <ele>151.0</ele>
   </trkpt>
   <trkpt lat="50.021043" lon="2.928197">
    <ele>150.1</ele>
   </trkpt>
   <trkpt lat="50.020427" lon="2.928583">
    <ele>148.0</ele>
   </trkpt>
   <trkpt lat="50.019810" lon="2.928970">
    <ele>146.9</ele>
   </trkpt>
   <trkpt lat="50.019600" lon="2.929200">
    <ele>146.6</ele>
   </trkpt>
   <trkpt lat="50.019183" lon="2.930153">
    <ele>145.7</ele>
   </trkpt>
   <trkpt lat="50.018767" lon="2.931107">
    <ele>145.2</ele>
   </trkpt>
   <trkpt lat="50.018350" lon="2.932060">
    <ele>146.0</ele>
   </trkpt>
   <trkpt lat="50.018100" lon="2.932953">
    <ele>147.8</ele>
   </trkpt>
   <trkpt lat="50.017850" lon="2.933847">
    <ele>149.3</ele>
   </trkpt>
   <trkpt lat="50.017600" lon="2.934740">
    <ele>150.3</ele>
   </trkpt>
   <trkpt lat="50.017325" lon="2.935510">
    <ele>150.8</ele>
   </trkpt>
   <trkpt lat="50.017050" lon="2.936280">
    <ele>150.4</ele>
   </trkpt>
   <trkpt lat="50.016950" lon="2.936830">
    <ele>150.3</ele>
   </trkpt>
   <trkpt lat="50.017094" lon="2.937998">
    <ele>150.5</ele>
   </trkpt>
   <trkpt lat="50.017238" lon="2.939166">
    <ele>150.1</ele>
   </trkpt>
   <trkpt lat="50.017382" lon="2.940334">
    <ele>149.6</ele>
   </trkpt>
   <trkpt lat="50.017526" lon="2.941502">
    <ele>148.5</ele>
   </trkpt>
   <trkpt lat="50.017670" lon="2.942670">
    <ele>147.1</ele>
   </trkpt>
   <trkpt lat="50.017838" lon="2.943965">
    <ele>145.8</ele>
   </trkpt>
   <trkpt lat="50.018005" lon="2.945260">
    <ele>145.1</ele>
   </trkpt>
   <trkpt lat="50.018173" lon="2.946555">
    <ele>144.4</ele>
   </trkpt>
   <trkpt lat="50.018340" lon="2.947850">
    <ele>143.8</ele>
   </trkpt>
   <trkpt lat="50.017880" lon="2.948470">
    <ele>141.6</ele>
   </trkpt>
   <trkpt lat="50.017700" lon="2.948650">
    <ele>141.2</ele>
   </trkpt>
   <trkpt lat="50.016970" lon="2.949210">
    <ele>136.5</ele>
   </trkpt>
   <trkpt lat="50.016340" lon="2.949970">
    <ele>133.2</ele>
   </trkpt>
   <trkpt lat="50.016040" lon="2.950280">
    <ele>131.8</ele>
   </trkpt>
   <trkpt lat="50.015810" lon="2.950350">
    <ele>130.3</ele>
   </trkpt>
   <trkpt lat="50.015260" lon="2.950230">
    <ele>127.8</ele>
   </trkpt>
   <trkpt lat="50.014655" lon="2.949775">
    <ele>123.5</ele>
   </trkpt>
   <trkpt lat="50.014050" lon="2.949320">
    <ele>120.4</ele>
   </trkpt>
   <trkpt lat="50.013750" lon="2.949400">
    <ele>119.8</ele>
   </trkpt>
   <trkpt lat="50.013440" lon="2.949600">
    <ele>119.0</ele>
   </trkpt>
   <trkpt lat="50.012895" lon="2.950155">
    <ele>118.4</ele>
   </trkpt>
   <trkpt lat="50.012350" lon="2.950710">
    <ele>119.9</ele>
   </trkpt>
   <trkpt lat="50.011850" lon="2.951070">
    <ele>123.2</ele>
   </trkpt>
   <trkpt lat="50.011300" lon="2.951290">
    <ele>125.1</ele>
   </trkpt>
   <trkpt lat="50.010680" lon="2.951810">
    <ele>127.7</ele>
   </trkpt>
   <trkpt lat="50.009950" lon="2.952100">
    <ele>127.4</ele>
   </trkpt>
   <trkpt lat="50.009290" lon="2.952440">
    <ele>123.8</ele>
   </trkpt>
   <trkpt lat="50.009100" lon="2.952500">
    <ele>123.4</ele>
   </trkpt>
   <trkpt lat="50.008970" lon="2.952540">
    <ele>123.1</ele>
   </trkpt>
   <trkpt lat="50.008250" lon="2.952560">
    <ele>122.7</ele>
   </trkpt>
   <trkpt lat="50.007780" lon="2.952670">
    <ele>124.2</ele>
   </trkpt>
   <trkpt lat="50.007310" lon="2.952780">
    <ele>125.3</ele>
   </trkpt>
   <trkpt lat="50.006660" lon="2.953105">
    <ele>126.6</ele>
   </trkpt>
   <trkpt lat="50.006010" lon="2.953430">
    <ele>126.4</ele>
   </trkpt>
   <trkpt lat="50.005680" lon="2.953630">
    <ele>126.4</ele>
   </trkpt>
   <trkpt lat="50.005400" lon="2.953940">
    <ele>126.4</ele>
   </trkpt>
   <trkpt lat="50.005150" lon="2.954490">
    <ele>126.5</ele>
   </trkpt>
   <trkpt lat="50.004910" lon="2.955400">
    <ele>126.7</ele>
   </trkpt>
   <trkpt lat="50.004615" lon="2.956135">
    <ele>127.2</ele>
   </trkpt>
   <trkpt lat="50.004320" lon="2.956870">
    <ele>127.9</ele>
   </trkpt>
   <trkpt lat="50.004170" lon="2.957340">
    <ele>129.3</ele>
   </trkpt>
   <trkpt lat="50.004000" lon="2.958170">
    <ele>129.1</ele>
   </trkpt>
   <trkpt lat="50.003900" lon="2.958440">
    <ele>128.6</ele>
   </trkpt>
   <trkpt lat="50.003700" lon="2.958750">
    <ele>127.5</ele>
   </trkpt>
   <trkpt lat="50.003185" lon="2.959420">
    <ele>123.4</ele>
   </trkpt>
   <trkpt lat="50.002670" lon="2.960090">
    <ele>117.9</ele>
   </trkpt>
   <trkpt lat="50.002520" lon="2.960230">
    <ele>117.1</ele>
   </trkpt>
   <trkpt lat="50.002015" lon="2.960585">
    <ele>112.9</ele>
   </trkpt>
   <trkpt lat="50.001510" lon="2.960940">
    <ele>110.1</ele>
   </trkpt>
   <trkpt lat="50.000960" lon="2.961190">
    <ele>107.7</ele>
   </trkpt>
   <trkpt lat="50.000350" lon="2.961350">
    <ele>105.5</ele>
   </trkpt>
   <trkpt lat="49.999580" lon="2.961630">
    <ele>103.8</ele>
   </trkpt>
   <trkpt lat="49.999310" lon="2.961780">
    <ele>103.0</ele>
   </trkpt>
   <trkpt lat="49.998830" lon="2.962000">
    <ele>101.6</ele>
   </trkpt>
   <trkpt lat="49.998350" lon="2.962220">
    <ele>100.5</ele>
   </trkpt>
   <trkpt lat="49.998110" lon="2.962290">
    <ele>100.0</ele>
   </trkpt>
   <trkpt lat="49.997950" lon="2.962280">
    <ele>99.7</ele>
   </trkpt>
   <trkpt lat="49.997320" lon="2.962050">
    <ele>97.9</ele>
   </trkpt>
   <trkpt lat="49.996690" lon="2.961820">
    <ele>96.1</ele>
   </trkpt>
   <trkpt lat="49.995990" lon="2.961600">
    <ele>93.8</ele>
   </trkpt>
   <trkpt lat="49.995730" lon="2.961580">
    <ele>92.9</ele>
   </trkpt>
   <trkpt lat="49.994995" lon="2.961610">
    <ele>91.9</ele>
   </trkpt>
   <trkpt lat="49.994260" lon="2.961640">
    <ele>91.3</ele>
   </trkpt>
   <trkpt lat="49.993800" lon="2.961735">
    <ele>91.2</ele>
   </trkpt>
   <trkpt lat="49.993340" lon="2.961830">
    <ele>91.2</ele>
   </trkpt>
   <trkpt lat="49.992600" lon="2.961910">
    <ele>89.4</ele>
   </trkpt>
   <trkpt lat="49.991730" lon="2.962200">
    <ele>84.4</ele>
   </trkpt>
   <trkpt lat="49.991300" lon="2.962570">
    <ele>80.6</ele>
   </trkpt>
   <trkpt lat="49.991150" lon="2.962660">
    <ele>79.0</ele>
   </trkpt>
   <trkpt lat="49.991010" lon="2.962700">
    <ele>77.1</ele>
   </trkpt>
   <trkpt lat="49.990520" lon="2.962725">
    <ele>73.9</ele>
   </trkpt>
   <trkpt lat="49.990030" lon="2.962750">
    <ele>72.6</ele>
   </trkpt>
   <trkpt lat="49.989900" lon="2.962850">
    <ele>72.1</ele>
   </trkpt>
   <trkpt lat="49.989570" lon="2.963730">
    <ele>71.5</ele>
   </trkpt>
   <trkpt lat="49.989510" lon="2.963990">
    <ele>71.6</ele>
   </trkpt>
   <trkpt lat="49.989520" lon="2.964250">
    <ele>71.4</ele>
   </trkpt>
   <trkpt lat="49.989620" lon="2.964490">
    <ele>71.4</ele>
   </trkpt>
   <trkpt lat="49.989830" lon="2.964780">
    <ele>71.7</ele>
   </trkpt>
   <trkpt lat="49.989880" lon="2.964950">
    <ele>71.6</ele>
   </trkpt>
   <trkpt lat="49.989650" lon="2.964940">
    <ele>71.4</ele>
   </trkpt>
   <trkpt lat="49.989050" lon="2.964730">
    <ele>71.2</ele>
   </trkpt>
   <trkpt lat="49.988340" lon="2.964390">
    <ele>71.1</ele>
   </trkpt>
   <trkpt lat="49.988050" lon="2.964340">
    <ele>71.1</ele>
   </trkpt>
   <trkpt lat="49.987830" lon="2.964350">
    <ele>71.2</ele>
   </trkpt>
   <trkpt lat="49.987040" lon="2.964500">
    <ele>71.6</ele>
   </trkpt>
   <trkpt lat="49.986250" lon="2.964650">
    <ele>72.0</ele>
   </trkpt>
   <trkpt lat="49.986090" lon="2.964710">
    <ele>72.2</ele>
   </trkpt>
   <trkpt lat="49.985890" lon="2.964860">
    <ele>72.4</ele>
   </trkpt>
   <trkpt lat="49.985790" lon="2.965000">
    <ele>73.2</ele>
   </trkpt>
   <trkpt lat="49.985700" lon="2.965230">
    <ele>73.5</ele>
   </trkpt>
   <trkpt lat="49.985510" lon="2.965860">
    <ele>74.9</ele>
   </trkpt>
   <trkpt lat="49.985520" lon="2.965960">
    <ele>74.9</ele>
   </trkpt>
   <trkpt lat="49.985450" lon="2.966480">
    <ele>75.8</ele>
   </trkpt>
   <trkpt lat="49.985323" lon="2.967450">
    <ele>79.8</ele>
   </trkpt>
   <trkpt lat="49.985197" lon="2.968420">
    <ele>83.9</ele>
   </trkpt>
   <trkpt lat="49.985070" lon="2.969390">
    <ele>86.4</ele>
   </trkpt>
   <trkpt lat="49.984960" lon="2.970070">
    <ele>86.9</ele>
   </trkpt>
   <trkpt lat="49.984890" lon="2.970330">
    <ele>88.0</ele>
   </trkpt>
   <trkpt lat="49.984470" lon="2.971240">
    <ele>88.7</ele>
   </trkpt>
   <trkpt lat="49.984320" lon="2.971690">
    <ele>89.5</ele>
   </trkpt>
   <trkpt lat="49.984120" lon="2.972920">
    <ele>92.4</ele>
   </trkpt>
   <trkpt lat="49.983900" lon="2.973930">
    <ele>93.5</ele>
   </trkpt>
   <trkpt lat="49.983650" lon="2.974800">
    <ele>94.9</ele>
   </trkpt>
   <trkpt lat="49.983265" lon="2.975970">
    <ele>96.1</ele>
   </trkpt>
   <trkpt lat="49.982880" lon="2.977140">
    <ele>97.5</ele>
   </trkpt>
   <trkpt lat="49.982605" lon="2.977725">
    <ele>99.0</ele>
   </trkpt>
   <trkpt lat="49.982330" lon="2.978310">
    <ele>101.4</ele>
   </trkpt>
   <trkpt lat="49.982100" lon="2.978945">
    <ele>104.6</ele>
   </trkpt>
   <trkpt lat="49.981870" lon="2.979580">
    <ele>108.9</ele>
   </trkpt>
   <trkpt lat="49.981480" lon="2.980410">
    <ele>113.2</ele>
   </trkpt>
   <trkpt lat="49.980930" lon="2.981385">
    <ele>119.9</ele>
   </trkpt>
   <trkpt lat="49.980380" lon="2.982360">
    <ele>124.0</ele>
   </trkpt>
   <trkpt lat="49.980190" lon="2.982640">
    <ele>125.0</ele>
   </trkpt>
   <trkpt lat="49.979770" lon="2.983170">
    <ele>126.1</ele>
   </trkpt>
   <trkpt lat="49.979510" lon="2.983690">
    <ele>128.8</ele>
   </trkpt>
   <trkpt lat="49.979330" lon="2.984120">
    <ele>129.5</ele>
   </trkpt>
   <trkpt lat="49.978885" lon="2.985295">
    <ele>131.8</ele>
   </trkpt>
   <trkpt lat="49.978440" lon="2.986470">
    <ele>137.6</ele>
   </trkpt>
   <trkpt lat="49.978100" lon="2.987560">
    <ele>140.8</ele>
   </trkpt>
   <trkpt lat="49.977730" lon="2.988510">
    <ele>143.4</ele>
   </trkpt>
   <trkpt lat="49.977360" lon="2.989580">
    <ele>145.2</ele>
   </trkpt>
   <trkpt lat="49.977190" lon="2.990140">
    <ele>145.4</ele>
   </trkpt>
   <trkpt lat="49.977130" lon="2.990480">
    <ele>145.4</ele>
   </trkpt>
   <trkpt lat="49.977045" lon="2.991230">
    <ele>144.6</ele>
   </trkpt>
   <trkpt lat="49.976960" lon="2.991980">
    <ele>143.4</ele>
   </trkpt>
   <trkpt lat="49.976830" lon="2.992840">
    <ele>141.2</ele>
   </trkpt>
   <trkpt lat="49.976680" lon="2.993270">
    <ele>140.3</ele>
   </trkpt>
   <trkpt lat="49.976420" lon="2.993940">
    <ele>139.5</ele>
   </trkpt>
   <trkpt lat="49.976160" lon="2.994610">
    <ele>140.0</ele>
   </trkpt>
   <trkpt lat="49.975800" lon="2.994290">
    <ele>138.9</ele>
   </trkpt>
   <trkpt lat="49.975760" lon="2.994490">
    <ele>138.5</ele>
   </trkpt>
   <trkpt lat="49.975760" lon="2.994640">
    <ele>138.2</ele>
   </trkpt>
   <trkpt lat="49.975835" lon="2.995445">
    <ele>136.9</ele>
   </trkpt>
   <trkpt lat="49.975910" lon="2.996250">
    <ele>136.6</ele>
   </trkpt>
   <trkpt lat="49.976050" lon="2.997450">
    <ele>137.7</ele>
   </trkpt>
   <trkpt lat="49.976110" lon="2.998510">
    <ele>138.0</ele>
   </trkpt>
   <trkpt lat="49.976238" lon="2.999595">
    <ele>136.9</ele>
   </trkpt>
   <trkpt lat="49.976365" lon="3.000680">
    <ele>136.0</ele>
   </trkpt>
   <trkpt lat="49.976493" lon="3.001765">
    <ele>135.1</ele>
   </trkpt>
   <trkpt lat="49.976620" lon="3.002850">
    <ele>133.5</ele>
   </trkpt>
   <trkpt lat="49.976610" lon="3.003070">
    <ele>133.0</ele>
   </trkpt>
   <trkpt lat="49.976540" lon="3.003420">
    <ele>131.6</ele>
   </trkpt>
   <trkpt lat="49.976370" lon="3.003830">
    <ele>128.4</ele>
   </trkpt>
   <trkpt lat="49.976000" lon="3.004815">
    <ele>127.0</ele>
   </trkpt>
   <trkpt lat="49.975630" lon="3.005800">
    <ele>130.3</ele>
   </trkpt>
   <trkpt lat="49.975132" lon="3.006929">
    <ele>135.5</ele>
   </trkpt>
   <trkpt lat="49.974634" lon="3.008058">
    <ele>139.8</ele>
   </trkpt>
   <trkpt lat="49.974136" lon="3.009187">
    <ele>137.5</ele>
   </trkpt>
   <trkpt lat="49.973638" lon="3.010316">
    <ele>132.9</ele>
   </trkpt>
   <trkpt lat="49.973140" lon="3.011445">
    <ele>131.7</ele>
   </trkpt>
   <trkpt lat="49.972642" lon="3.012574">
    <ele>133.1</ele>
   </trkpt>
   <trkpt lat="49.972144" lon="3.013703">
    <ele>134.8</ele>
   </trkpt>
   <trkpt lat="49.971646" lon="3.014832">
    <ele>134.8</ele>
   </trkpt>
   <trkpt lat="49.971148" lon="3.015961">
    <ele>133.9</ele>
   </trkpt>
   <trkpt lat="49.970650" lon="3.017090">
    <ele>132.3</ele>
   </trkpt>
   <trkpt lat="49.970370" lon="3.017620">
    <ele>131.4</ele>
   </trkpt>
   <trkpt lat="49.969970" lon="3.018240">
    <ele>130.2</ele>
   </trkpt>
   <trkpt lat="49.969570" lon="3.018860">
    <ele>129.7</ele>
   </trkpt>
   <trkpt lat="49.968995" lon="3.019335">
    <ele>128.7</ele>
   </trkpt>
   <trkpt lat="49.968420" lon="3.019810">
    <ele>125.4</ele>
   </trkpt>
   <trkpt lat="49.967930" lon="3.020110">
    <ele>121.0</ele>
   </trkpt>
   <trkpt lat="49.967830" lon="3.020200">
    <ele>121.0</ele>
   </trkpt>
   <trkpt lat="49.967660" lon="3.020400">
    <ele>117.6</ele>
   </trkpt>
   <trkpt lat="49.967145" lon="3.021205">
    <ele>111.6</ele>
   </trkpt>
   <trkpt lat="49.966630" lon="3.022010">
    <ele>105.8</ele>
   </trkpt>
   <trkpt lat="49.966290" lon="3.022330">
    <ele>104.4</ele>
   </trkpt>
   <trkpt lat="49.965785" lon="3.022765">
    <ele>103.5</ele>
   </trkpt>
   <trkpt lat="49.965280" lon="3.023200">
    <ele>105.1</ele>
   </trkpt>
   <trkpt lat="49.964800" lon="3.023550">
    <ele>105.8</ele>
   </trkpt>
   <trkpt lat="49.964670" lon="3.023600">
    <ele>105.5</ele>
   </trkpt>
   <trkpt lat="49.964490" lon="3.023620">
    <ele>105.3</ele>
   </trkpt>
   <trkpt lat="49.964290" lon="3.023610">
    <ele>104.6</ele>
   </trkpt>
   <trkpt lat="49.963707" lon="3.023327">
    <ele>102.5</ele>
   </trkpt>
   <trkpt lat="49.963123" lon="3.023043">
    <ele>100.4</ele>
   </trkpt>
   <trkpt lat="49.962540" lon="3.022760">
    <ele>97.1</ele>
   </trkpt>
   <trkpt lat="49.962410" lon="3.022720">
    <ele>95.8</ele>
   </trkpt>
   <trkpt lat="49.962300" lon="3.022730">
    <ele>94.8</ele>
   </trkpt>
   <trkpt lat="49.961555" lon="3.023050">
    <ele>88.6</ele>
   </trkpt>
   <trkpt lat="49.960810" lon="3.023370">
    <ele>83.6</ele>
   </trkpt>
   <trkpt lat="49.960400" lon="3.023510">
    <ele>79.6</ele>
   </trkpt>
   <trkpt lat="49.960230" lon="3.023520">
    <ele>78.5</ele>
   </trkpt>
   <trkpt lat="49.959376" lon="3.023660">
    <ele>76.7</ele>
   </trkpt>
   <trkpt lat="49.958522" lon="3.023800">
    <ele>81.0</ele>
   </trkpt>
   <trkpt lat="49.957668" lon="3.023940">
    <ele>88.3</ele>
   </trkpt>
   <trkpt lat="49.956814" lon="3.024080">
    <ele>96.5</ele>
   </trkpt>
   <trkpt lat="49.955960" lon="3.024220">
    <ele>104.3</ele>
   </trkpt>
   <trkpt lat="49.955670" lon="3.024390">
    <ele>105.4</ele>
   </trkpt>
   <trkpt lat="49.955600" lon="3.024540">
    <ele>106.6</ele>
   </trkpt>
   <trkpt lat="49.955040" lon="3.025560">
    <ele>112.8</ele>
   </trkpt>
   <trkpt lat="49.954480" lon="3.026580">
    <ele>119.9</ele>
   </trkpt>
   <trkpt lat="49.954210" lon="3.027150">
    <ele>123.0</ele>
   </trkpt>
   <trkpt lat="49.953857" lon="3.028067">
    <ele>125.3</ele>
   </trkpt>
   <trkpt lat="49.953503" lon="3.028983">
    <ele>127.5</ele>
   </trkpt>
   <trkpt lat="49.953150" lon="3.029900">
    <ele>128.4</ele>
   </trkpt>
   <trkpt lat="49.952870" lon="3.030485">
    <ele>127.9</ele>
   </trkpt>
   <trkpt lat="49.952590" lon="3.031070">
    <ele>126.7</ele>
   </trkpt>
   <trkpt lat="49.952440" lon="3.031320">
    <ele>125.9</ele>
   </trkpt>
   <trkpt lat="49.952270" lon="3.031540">
    <ele>125.0</ele>
   </trkpt>
   <trkpt lat="49.951930" lon="3.031860">
    <ele>124.1</ele>
   </trkpt>
   <trkpt lat="49.951325" lon="3.032370">
    <ele>121.4</ele>
   </trkpt>
   <trkpt lat="49.950720" lon="3.032880">
    <ele>117.8</ele>
   </trkpt>
   <trkpt lat="49.950540" lon="3.033080">
    <ele>116.9</ele>
   </trkpt>
   <trkpt lat="49.950023" lon="3.033803">
    <ele>113.8</ele>
   </trkpt>
   <trkpt lat="49.949507" lon="3.034527">
    <ele>111.4</ele>
   </trkpt>
   <trkpt lat="49.948990" lon="3.035250">
    <ele>108.4</ele>
   </trkpt>
   <trkpt lat="49.948432" lon="3.036274">
    <ele>102.5</ele>
   </trkpt>
   <trkpt lat="49.947874" lon="3.037298">
    <ele>97.6</ele>
   </trkpt>
   <trkpt lat="49.947316" lon="3.038322">
    <ele>90.2</ele>
   </trkpt>
   <trkpt lat="49.946758" lon="3.039346">
    <ele>81.1</ele>
   </trkpt>
   <trkpt lat="49.946200" lon="3.040370">
    <ele>74.0</ele>
   </trkpt>
   <trkpt lat="49.945940" lon="3.040730">
    <ele>72.6</ele>
   </trkpt>
   <trkpt lat="49.945460" lon="3.041150">
    <ele>71.6</ele>
   </trkpt>
   <trkpt lat="49.944775" lon="3.041700">
    <ele>71.3</ele>
   </trkpt>
   <trkpt lat="49.944090" lon="3.042250">
    <ele>71.2</ele>
   </trkpt>
   <trkpt lat="49.943405" lon="3.042800">
    <ele>71.9</ele>
   </trkpt>
   <trkpt lat="49.942720" lon="3.043350">
    <ele>75.3</ele>
   </trkpt>
   <trkpt lat="49.942500" lon="3.043390">
    <ele>76.5</ele>
   </trkpt>
   <trkpt lat="49.942430" lon="3.043420">
    <ele>76.5</ele>
   </trkpt>
   <trkpt lat="49.942285" lon="3.044420">
    <ele>77.5</ele>
   </trkpt>
   <trkpt lat="49.942140" lon="3.045420">
    <ele>79.3</ele>
   </trkpt>
   <trkpt lat="49.941960" lon="3.046560">
    <ele>79.1</ele>
   </trkpt>
   <trkpt lat="49.941930" lon="3.046930">
    <ele>78.7</ele>
   </trkpt>
   <trkpt lat="49.941940" lon="3.047190">
    <ele>78.7</ele>
   </trkpt>
   <trkpt lat="49.942030" lon="3.047730">
    <ele>78.6</ele>
   </trkpt>
   <trkpt lat="49.942258" lon="3.048905">
    <ele>78.0</ele>
   </trkpt>
   <trkpt lat="49.942485" lon="3.050080">
    <ele>77.6</ele>
   </trkpt>
   <trkpt lat="49.942713" lon="3.051255">
    <ele>76.5</ele>
   </trkpt>
   <trkpt lat="49.942940" lon="3.052430">
    <ele>75.6</ele>
   </trkpt>
   <trkpt lat="49.943168" lon="3.053605">
    <ele>74.8</ele>
   </trkpt>
   <trkpt lat="49.943395" lon="3.054780">
    <ele>72.0</ele>
   </trkpt>
   <trkpt lat="49.943623" lon="3.055955">
    <ele>69.8</ele>
   </trkpt>
   <trkpt lat="49.943850" lon="3.057130">
    <ele>69.0</ele>
   </trkpt>
   <trkpt lat="49.943930" lon="3.057690">
    <ele>70.3</ele>
   </trkpt>
   <trkpt lat="49.943960" lon="3.058030">
    <ele>70.3</ele>
   </trkpt>
   <trkpt lat="49.943970" lon="3.058530">
    <ele>71.6</ele>
   </trkpt>
   <trkpt lat="49.943983" lon="3.059890">
    <ele>73.9</ele>
   </trkpt>
   <trkpt lat="49.943996" lon="3.061250">
    <ele>73.9</ele>
   </trkpt>
   <trkpt lat="49.944009" lon="3.062610">
    <ele>72.8</ele>
   </trkpt>
   <trkpt lat="49.944022" lon="3.063970">
    <ele>71.7</ele>
   </trkpt>
   <trkpt lat="49.944034" lon="3.065330">
    <ele>72.3</ele>
   </trkpt>
   <trkpt lat="49.944047" lon="3.066690">
    <ele>73.3</ele>
   </trkpt>
   <trkpt lat="49.944060" lon="3.068050">
    <ele>74.5</ele>
   </trkpt>
   <trkpt lat="49.944050" lon="3.068780">
    <ele>74.3</ele>
   </trkpt>
   <trkpt lat="49.944080" lon="3.069320">
    <ele>74.3</ele>
   </trkpt>
   <trkpt lat="49.944110" lon="3.069610">
    <ele>74.3</ele>
   </trkpt>
   <trkpt lat="49.944200" lon="3.070000">
    <ele>74.6</ele>
   </trkpt>
   <trkpt lat="49.944430" lon="3.070860">
    <ele>74.4</ele>
   </trkpt>
   <trkpt lat="49.944490" lon="3.071565">
    <ele>73.7</ele>
   </trkpt>
   <trkpt lat="49.944550" lon="3.072270">
    <ele>72.0</ele>
   </trkpt>
   <trkpt lat="49.944530" lon="3.072620">
    <ele>71.5</ele>
   </trkpt>
   <trkpt lat="49.944400" lon="3.073780">
    <ele>70.1</ele>
   </trkpt>
   <trkpt lat="49.944390" lon="3.074130">
    <ele>70.0</ele>
   </trkpt>
   <trkpt lat="49.944485" lon="3.075510">
    <ele>69.6</ele>
   </trkpt>
   <trkpt lat="49.944580" lon="3.076890">
    <ele>69.9</ele>
   </trkpt>
   <trkpt lat="49.944720" lon="3.078085">
    <ele>71.6</ele>
   </trkpt>
   <trkpt lat="49.944860" lon="3.079280">
    <ele>72.8</ele>
   </trkpt>
   <trkpt lat="49.945000" lon="3.080475">
    <ele>74.8</ele>
   </trkpt>
   <trkpt lat="49.945140" lon="3.081670">
    <ele>76.0</ele>
   </trkpt>
   <trkpt lat="49.945263" lon="3.082795">
    <ele>76.1</ele>
   </trkpt>
   <trkpt lat="49.945385" lon="3.083920">
    <ele>76.4</ele>
   </trkpt>
   <trkpt lat="49.945508" lon="3.085045">
    <ele>77.0</ele>
   </trkpt>
   <trkpt lat="49.945630" lon="3.086170">
    <ele>76.7</ele>
   </trkpt>
   <trkpt lat="49.945730" lon="3.086820">
    <ele>76.0</ele>
   </trkpt>
   <trkpt lat="49.945983" lon="3.087763">
    <ele>73.7</ele>
   </trkpt>
   <trkpt lat="49.946237" lon="3.088707">
    <ele>72.7</ele>
   </trkpt>
   <trkpt lat="49.946490" lon="3.089650">
    <ele>72.7</ele>
   </trkpt>
   <trkpt lat="49.946610" lon="3.089910">
    <ele>72.9</ele>
   </trkpt>
   <trkpt lat="49.946930" lon="3.090350">
    <ele>73.2</ele>
   </trkpt>
   <trkpt lat="49.946980" lon="3.090440">
    <ele>73.2</ele>
   </trkpt>
   <trkpt lat="49.947030" lon="3.090600">
    <ele>73.3</ele>
   </trkpt>
   <trkpt lat="49.947050" lon="3.090820">
    <ele>73.3</ele>
   </trkpt>
   <trkpt lat="49.947040" lon="3.091140">
    <ele>73.2</ele>
   </trkpt>
   <trkpt lat="49.947000" lon="3.091480">
    <ele>72.9</ele>
   </trkpt>
   <trkpt lat="49.946865" lon="3.092265">
    <ele>73.0</ele>
   </trkpt>
   <trkpt lat="49.946730" lon="3.093050">
    <ele>73.2</ele>
   </trkpt>
   <trkpt lat="49.946630" lon="3.093835">
    <ele>73.7</ele>
   </trkpt>
   <trkpt lat="49.946530" lon="3.094620">
    <ele>74.5</ele>
   </trkpt>
   <trkpt lat="49.946480" lon="3.094850">
    <ele>74.8</ele>
   </trkpt>
   <trkpt lat="49.946300" lon="3.095410">
    <ele>75.7</ele>
   </trkpt>
   <trkpt lat="49.946240" lon="3.095670">
    <ele>75.7</ele>
   </trkpt>
   <trkpt lat="49.946300" lon="3.096750">
    <ele>77.2</ele>
   </trkpt>
   <trkpt lat="49.946060" lon="3.097850">
    <ele>77.7</ele>
   </trkpt>
   <trkpt lat="49.945970" lon="3.098030">
    <ele>77.9</ele>
   </trkpt>
   <trkpt lat="49.945320" lon="3.098860">
    <ele>78.7</ele>
   </trkpt>
   <trkpt lat="49.945290" lon="3.098930">
    <ele>78.7</ele>
   </trkpt>
   <trkpt lat="49.945270" lon="3.099020">
    <ele>78.9</ele>
   </trkpt>
   <trkpt lat="49.944595" lon="3.099880">
    <ele>80.1</ele>
   </trkpt>
   <trkpt lat="49.943920" lon="3.100740">
    <ele>80.4</ele>
   </trkpt>
   <trkpt lat="49.943305" lon="3.101355">
    <ele>80.3</ele>
   </trkpt>
   <trkpt lat="49.942690" lon="3.101970">
    <ele>80.9</ele>
   </trkpt>
   <trkpt lat="49.942075" lon="3.102585">
    <ele>83.6</ele>
   </trkpt>
   <trkpt lat="49.941460" lon="3.103200">
    <ele>87.7</ele>
   </trkpt>
   <trkpt lat="49.941220" lon="3.103470">
    <ele>90.3</ele>
   </trkpt>
   <trkpt lat="49.940820" lon="3.103995">
    <ele>93.6</ele>
   </trkpt>
   <trkpt lat="49.940420" lon="3.104520">
    <ele>95.4</ele>
   </trkpt>
   <trkpt lat="49.940270" lon="3.104770">
    <ele>96.1</ele>
   </trkpt>
   <trkpt lat="49.939960" lon="3.105370">
    <ele>96.1</ele>
   </trkpt>
   <trkpt lat="49.939710" lon="3.105780">
    <ele>95.4</ele>
   </trkpt>
   <trkpt lat="49.939217" lon="3.106420">
    <ele>91.7</ele>
   </trkpt>
   <trkpt lat="49.938723" lon="3.107060">
    <ele>89.9</ele>
   </trkpt>
   <trkpt lat="49.938230" lon="3.107700">
    <ele>87.7</ele>
   </trkpt>
   <trkpt lat="49.937730" lon="3.108370">
    <ele>86.3</ele>
   </trkpt>
   <trkpt lat="49.937480" lon="3.108830">
    <ele>85.4</ele>
   </trkpt>
   <trkpt lat="49.937120" lon="3.109660">
    <ele>85.0</ele>
   </trkpt>
   <trkpt lat="49.936760" lon="3.110490">
    <ele>83.7</ele>
   </trkpt>
   <trkpt lat="49.936290" lon="3.111380">
    <ele>82.4</ele>
   </trkpt>
   <trkpt lat="49.935765" lon="3.112185">
    <ele>81.5</ele>
   </trkpt>
   <trkpt lat="49.935240" lon="3.112990">
    <ele>80.1</ele>
   </trkpt>
   <trkpt lat="49.934707" lon="3.113527">
    <ele>79.8</ele>
   </trkpt>
   <trkpt lat="49.934173" lon="3.114063">
    <ele>79.5</ele>
   </trkpt>
   <trkpt lat="49.933640" lon="3.114600">
    <ele>80.7</ele>
   </trkpt>
   <trkpt lat="49.933310" lon="3.114870">
    <ele>82.8</ele>
   </trkpt>
   <trkpt lat="49.933100" lon="3.114980">
    <ele>82.8</ele>
   </trkpt>
   <trkpt lat="49.932770" lon="3.115100">
    <ele>85.5</ele>
   </trkpt>
   <trkpt lat="49.932020" lon="3.115325">
    <ele>88.6</ele>
   </trkpt>
   <trkpt lat="49.931270" lon="3.115550">
    <ele>93.9</ele>
   </trkpt>
   <trkpt lat="49.930745" lon="3.115695">
    <ele>96.7</ele>
   </trkpt>
   <trkpt lat="49.930220" lon="3.115840">
    <ele>98.5</ele>
   </trkpt>
   <trkpt lat="49.929420" lon="3.116007">
    <ele>99.1</ele>
   </trkpt>
   <trkpt lat="49.928620" lon="3.116173">
    <ele>97.2</ele>
   </trkpt>
   <trkpt lat="49.927820" lon="3.116340">
    <ele>95.7</ele>
   </trkpt>
   <trkpt lat="49.927213" lon="3.116467">
    <ele>94.5</ele>
   </trkpt>
   <trkpt lat="49.926607" lon="3.116593">
    <ele>93.8</ele>
   </trkpt>
   <trkpt lat="49.926000" lon="3.116720">
    <ele>93.1</ele>
   </trkpt>
   <trkpt lat="49.925780" lon="3.116820">
    <ele>92.9</ele>
   </trkpt>
   <trkpt lat="49.925610" lon="3.116970">
    <ele>92.6</ele>
   </trkpt>
   <trkpt lat="49.925250" lon="3.117440">
    <ele>91.0</ele>
   </trkpt>
   <trkpt lat="49.924687" lon="3.118227">
    <ele>88.9</ele>
   </trkpt>
   <trkpt lat="49.924123" lon="3.119013">
    <ele>85.8</ele>
   </trkpt>
   <trkpt lat="49.923560" lon="3.119800">
    <ele>82.3</ele>
   </trkpt>
   <trkpt lat="49.923440" lon="3.119950">
    <ele>81.2</ele>
   </trkpt>
   <trkpt lat="49.923290" lon="3.120090">
    <ele>80.5</ele>
   </trkpt>
   <trkpt lat="49.923130" lon="3.120190">
    <ele>80.1</ele>
   </trkpt>
   <trkpt lat="49.922920" lon="3.120270">
    <ele>79.8</ele>
   </trkpt>
   <trkpt lat="49.922600" lon="3.120330">
    <ele>79.3</ele>
   </trkpt>
   <trkpt lat="49.922050" lon="3.120390">
    <ele>79.2</ele>
   </trkpt>
   <trkpt lat="49.921190" lon="3.120470">
    <ele>79.8</ele>
   </trkpt>
   <trkpt lat="49.921090" lon="3.120500">
    <ele>79.8</ele>
   </trkpt>
   <trkpt lat="49.920930" lon="3.120490">
    <ele>80.0</ele>
   </trkpt>
   <trkpt lat="49.920880" lon="3.120500">
    <ele>80.0</ele>
   </trkpt>
   <trkpt lat="49.920620" lon="3.120610">
    <ele>80.0</ele>
   </trkpt>
   <trkpt lat="49.920370" lon="3.120740">
    <ele>80.1</ele>
   </trkpt>
   <trkpt lat="49.919960" lon="3.121020">
    <ele>80.4</ele>
   </trkpt>
   <trkpt lat="49.919650" lon="3.121290">
    <ele>80.7</ele>
   </trkpt>
   <trkpt lat="49.919460" lon="3.121500">
    <ele>80.8</ele>
   </trkpt>
   <trkpt lat="49.918980" lon="3.122220">
    <ele>81.3</ele>
   </trkpt>
   <trkpt lat="49.918900" lon="3.122370">
    <ele>81.3</ele>
   </trkpt>
   <trkpt lat="49.918770" lon="3.122540">
    <ele>81.5</ele>
   </trkpt>
   <trkpt lat="49.918440" lon="3.123070">
    <ele>81.7</ele>
   </trkpt>
   <trkpt lat="49.918065" lon="3.123620">
    <ele>82.3</ele>
   </trkpt>
   <trkpt lat="49.917690" lon="3.124170">
    <ele>82.6</ele>
   </trkpt>
   <trkpt lat="49.917430" lon="3.124460">
    <ele>82.9</ele>
   </trkpt>
   <trkpt lat="49.917080" lon="3.124800">
    <ele>84.0</ele>
   </trkpt>
   <trkpt lat="49.916790" lon="3.125020">
    <ele>85.3</ele>
   </trkpt>
   <trkpt lat="49.916100" lon="3.125480">
    <ele>88.7</ele>
   </trkpt>
   <trkpt lat="49.915680" lon="3.125690">
    <ele>90.3</ele>
   </trkpt>
   <trkpt lat="49.915290" lon="3.125810">
    <ele>92.0</ele>
   </trkpt>
   <trkpt lat="49.914980" lon="3.125870">
    <ele>93.7</ele>
   </trkpt>
   <trkpt lat="49.914650" lon="3.125910">
    <ele>95.2</ele>
   </trkpt>
   <trkpt lat="49.913987" lon="3.125930">
    <ele>99.3</ele>
   </trkpt>
   <trkpt lat="49.913323" lon="3.125950">
    <ele>101.4</ele>
   </trkpt>
   <trkpt lat="49.912660" lon="3.125970">
    <ele>106.1</ele>
   </trkpt>
   <trkpt lat="49.912030" lon="3.126100">
    <ele>109.3</ele>
   </trkpt>
   <trkpt lat="49.911630" lon="3.126250">
    <ele>111.4</ele>
   </trkpt>
   <trkpt lat="49.911450" lon="3.126340">
    <ele>111.4</ele>
   </trkpt>
   <trkpt lat="49.911100" lon="3.126560">
    <ele>113.0</ele>
   </trkpt>
   <trkpt lat="49.910540" lon="3.126960">
    <ele>114.7</ele>
   </trkpt>
   <trkpt lat="49.909828" lon="3.127615">
    <ele>115.2</ele>
   </trkpt>
   <trkpt lat="49.909115" lon="3.128270">
    <ele>115.0</ele>
   </trkpt>
   <trkpt lat="49.908403" lon="3.128925">
    <ele>114.6</ele>
   </trkpt>
   <trkpt lat="49.907690" lon="3.129580">
    <ele>113.9</ele>
   </trkpt>
   <trkpt lat="49.907095" lon="3.130145">
    <ele>112.8</ele>
   </trkpt>
   <trkpt lat="49.906500" lon="3.130710">
    <ele>112.1</ele>
   </trkpt>
   <trkpt lat="49.905810" lon="3.131180">
    <ele>111.3</ele>
   </trkpt>
   <trkpt lat="49.904986" lon="3.131444">
    <ele>110.4</ele>
   </trkpt>
   <trkpt lat="49.904162" lon="3.131708">
    <ele>109.8</ele>
   </trkpt>
   <trkpt lat="49.903338" lon="3.131972">
    <ele>110.0</ele>
   </trkpt>
   <trkpt lat="49.902514" lon="3.132236">
    <ele>110.4</ele>
   </trkpt>
   <trkpt lat="49.901690" lon="3.132500">
    <ele>110.7</ele>
   </trkpt>
   <trkpt lat="49.900842" lon="3.132688">
    <ele>110.9</ele>
   </trkpt>
   <trkpt lat="49.899993" lon="3.132877">
    <ele>111.2</ele>
   </trkpt>
   <trkpt lat="49.899145" lon="3.133065">
    <ele>110.7</ele>
   </trkpt>
   <trkpt lat="49.898297" lon="3.133253">
    <ele>110.1</ele>
   </trkpt>
   <trkpt lat="49.897448" lon="3.133442">
    <ele>109.4</ele>
   </trkpt>
   <trkpt lat="49.896600" lon="3.133630">
    <ele>108.8</ele>
   </trkpt>
   <trkpt lat="49.895850" lon="3.133818">
    <ele>108.6</ele>
   </trkpt>
   <trkpt lat="49.895100" lon="3.134005">
    <ele>108.9</ele>
   </trkpt>
   <trkpt lat="49.894350" lon="3.134193">
    <ele>109.3</ele>
   </trkpt>
   <trkpt lat="49.893600" lon="3.134380">
    <ele>109.6</ele>
   </trkpt>
   <trkpt lat="49.892840" lon="3.134560">
    <ele>109.7</ele>
   </trkpt>
   <trkpt lat="49.892068" lon="3.134930">
    <ele>109.7</ele>
   </trkpt>
   <trkpt lat="49.891297" lon="3.135300">
    <ele>109.8</ele>
   </trkpt>
   <trkpt lat="49.890525" lon="3.135670">
    <ele>109.5</ele>
   </trkpt>
   <trkpt lat="49.889753" lon="3.136040">
    <ele>109.1</ele>
   </trkpt>
   <trkpt lat="49.888982" lon="3.136410">
    <ele>108.8</ele>
   </trkpt>
   <trkpt lat="49.888210" lon="3.136780">
    <ele>108.5</ele>
   </trkpt>
   <trkpt lat="49.887392" lon="3.137118">
    <ele>108.8</ele>
   </trkpt>
   <trkpt lat="49.886573" lon="3.137457">
    <ele>108.6</ele>
   </trkpt>
   <trkpt lat="49.885755" lon="3.137795">
    <ele>108.0</ele>
   </trkpt>
   <trkpt lat="49.884937" lon="3.138133">
    <ele>107.3</ele>
   </trkpt>
   <trkpt lat="49.884118" lon="3.138472">
    <ele>106.6</ele>
   </trkpt>
   <trkpt lat="49.883300" lon="3.138810">
    <ele>106.0</ele>
   </trkpt>
   <trkpt lat="49.882550" lon="3.139110">
    <ele>105.4</ele>
   </trkpt>
   <trkpt lat="49.881800" lon="3.139410">
    <ele>105.1</ele>
   </trkpt>
   <trkpt lat="49.881350" lon="3.139670">
    <ele>104.7</ele>
   </trkpt>
   <trkpt lat="49.880567" lon="3.140197">
    <ele>103.9</ele>
   </trkpt>
   <trkpt lat="49.879783" lon="3.140723">
    <ele>104.4</ele>
   </trkpt>
   <trkpt lat="49.879000" lon="3.141250">
    <ele>103.7</ele>
   </trkpt>
   <trkpt lat="49.878316" lon="3.142046">
    <ele>101.0</ele>
   </trkpt>
   <trkpt lat="49.877632" lon="3.142842">
    <ele>98.9</ele>
   </trkpt>
   <trkpt lat="49.876948" lon="3.143638">
    <ele>97.6</ele>
   </trkpt>
   <trkpt lat="49.876264" lon="3.144434">
    <ele>96.9</ele>
   </trkpt>
   <trkpt lat="49.875580" lon="3.145230">
    <ele>97.5</ele>
   </trkpt>
   <trkpt lat="49.875107" lon="3.145803">
    <ele>96.1</ele>
   </trkpt>
   <trkpt lat="49.874633" lon="3.146377">
    <ele>90.6</ele>
   </trkpt>
   <trkpt lat="49.874160" lon="3.146950">
    <ele>81.8</ele>
   </trkpt>
   <trkpt lat="49.873850" lon="3.147480">
    <ele>79.3</ele>
   </trkpt>
   <trkpt lat="49.873460" lon="3.148355">
    <ele>74.6</ele>
   </trkpt>
   <trkpt lat="49.873070" lon="3.149230">
    <ele>72.3</ele>
   </trkpt>
   <trkpt lat="49.872670" lon="3.150450">
    <ele>71.0</ele>
   </trkpt>
   <trkpt lat="49.872420" lon="3.151070">
    <ele>70.7</ele>
   </trkpt>
   <trkpt lat="49.872040" lon="3.151900">
    <ele>70.8</ele>
   </trkpt>
   <trkpt lat="49.871725" lon="3.152400">
    <ele>71.6</ele>
   </trkpt>
   <trkpt lat="49.871410" lon="3.152900">
    <ele>72.1</ele>
   </trkpt>
   <trkpt lat="49.870920" lon="3.153780">
    <ele>73.1</ele>
   </trkpt>
   <trkpt lat="49.870740" lon="3.153650">
    <ele>73.4</ele>
   </trkpt>
   <trkpt lat="49.870540" lon="3.153620">
    <ele>73.5</ele>
   </trkpt>
   <trkpt lat="49.870270" lon="3.153630">
    <ele>73.8</ele>
   </trkpt>
   <trkpt lat="49.869770" lon="3.153670">
    <ele>75.5</ele>
   </trkpt>
   <trkpt lat="49.869270" lon="3.153710">
    <ele>76.4</ele>
   </trkpt>
   <trkpt lat="49.868590" lon="3.153520">
    <ele>76.8</ele>
   </trkpt>
   <trkpt lat="49.868440" lon="3.153520">
    <ele>76.8</ele>
   </trkpt>
   <trkpt lat="49.867845" lon="3.154035">
    <ele>77.8</ele>
   </trkpt>
   <trkpt lat="49.867250" lon="3.154550">
    <ele>78.0</ele>
   </trkpt>
   <trkpt lat="49.867130" lon="3.154610">
    <ele>78.0</ele>
   </trkpt>
   <trkpt lat="49.866770" lon="3.154770">
    <ele>77.7</ele>
   </trkpt>
   <trkpt lat="49.866100" lon="3.154960">
    <ele>79.1</ele>
   </trkpt>
   <trkpt lat="49.865430" lon="3.155150">
    <ele>82.3</ele>
   </trkpt>
   <trkpt lat="49.865190" lon="3.155260">
    <ele>85.2</ele>
   </trkpt>
   <trkpt lat="49.865050" lon="3.155350">
    <ele>86.0</ele>
   </trkpt>
   <trkpt lat="49.864880" lon="3.155560">
    <ele>88.0</ele>
   </trkpt>
   <trkpt lat="49.864330" lon="3.156380">
    <ele>93.2</ele>
   </trkpt>
   <trkpt lat="49.864090" lon="3.156610">
    <ele>95.3</ele>
   </trkpt>
   <trkpt lat="49.863670" lon="3.156895">
    <ele>96.6</ele>
   </trkpt>
   <trkpt lat="49.863250" lon="3.157180">
    <ele>97.3</ele>
   </trkpt>
   <trkpt lat="49.862870" lon="3.157500">
    <ele>98.6</ele>
   </trkpt>
   <trkpt lat="49.862460" lon="3.157890">
    <ele>99.1</ele>
   </trkpt>
   <trkpt lat="49.862110" lon="3.158360">
    <ele>99.7</ele>
   </trkpt>
   <trkpt lat="49.861650" lon="3.159060">
    <ele>101.1</ele>
   </trkpt>
   <trkpt lat="49.861220" lon="3.159880">
    <ele>101.4</ele>
   </trkpt>
   <trkpt lat="49.860755" lon="3.160985">
    <ele>102.7</ele>
   </trkpt>
   <trkpt lat="49.860290" lon="3.162090">
    <ele>103.9</ele>
   </trkpt>
   <trkpt lat="49.859825" lon="3.163195">
    <ele>104.8</ele>
   </trkpt>
   <trkpt lat="49.859360" lon="3.164300">
    <ele>106.0</ele>
   </trkpt>
   <trkpt lat="49.858895" lon="3.165405">
    <ele>106.7</ele>
   </trkpt>
   <trkpt lat="49.858430" lon="3.166510">
    <ele>108.3</ele>
   </trkpt>
   <trkpt lat="49.858070" lon="3.167260">
    <ele>109.7</ele>
   </trkpt>
   <trkpt lat="49.857710" lon="3.168010">
    <ele>111.8</ele>
   </trkpt>
   <trkpt lat="49.857400" lon="3.168610">
    <ele>114.4</ele>
   </trkpt>
   <trkpt lat="49.857210" lon="3.169250">
    <ele>115.6</ele>
   </trkpt>
   <trkpt lat="49.857060" lon="3.169440">
    <ele>115.6</ele>
   </trkpt>
   <trkpt lat="49.857060" lon="3.169430">
    <ele>115.6</ele>
   </trkpt>
   <trkpt lat="49.856700" lon="3.168657">
    <ele>116.1</ele>
   </trkpt>
   <trkpt lat="49.856340" lon="3.167883">
    <ele>116.6</ele>
   </trkpt>
   <trkpt lat="49.855980" lon="3.167110">
    <ele>116.6</ele>
   </trkpt>
   <trkpt lat="49.855680" lon="3.166520">
    <ele>116.5</ele>
   </trkpt>
   <trkpt lat="49.855260" lon="3.165610">
    <ele>115.9</ele>
   </trkpt>
   <trkpt lat="49.854750" lon="3.164640">
    <ele>115.3</ele>
   </trkpt>
   <trkpt lat="49.854540" lon="3.164330">
    <ele>115.4</ele>
   </trkpt>
   <trkpt lat="49.854320" lon="3.164160">
    <ele>115.7</ele>
   </trkpt>
   <trkpt lat="49.853850" lon="3.163900">
    <ele>115.9</ele>
   </trkpt>
   <trkpt lat="49.853300" lon="3.163640">
    <ele>112.1</ele>
   </trkpt>
   <trkpt lat="49.852477" lon="3.163300">
    <ele>104.3</ele>
   </trkpt>
   <trkpt lat="49.851653" lon="3.162960">
    <ele>100.9</ele>
   </trkpt>
   <trkpt lat="49.850830" lon="3.162620">
    <ele>101.5</ele>
   </trkpt>
   <trkpt lat="49.850217" lon="3.162373">
    <ele>103.3</ele>
   </trkpt>
   <trkpt lat="49.849603" lon="3.162127">
    <ele>106.4</ele>
   </trkpt>
   <trkpt lat="49.848990" lon="3.161880">
    <ele>110.7</ele>
   </trkpt>
   <trkpt lat="49.848710" lon="3.161830">
    <ele>111.3</ele>
   </trkpt>
   <trkpt lat="49.848530" lon="3.161900">
    <ele>111.5</ele>
   </trkpt>
   <trkpt lat="49.848030" lon="3.162205">
    <ele>111.1</ele>
   </trkpt>
   <trkpt lat="49.847530" lon="3.162510">
    <ele>110.8</ele>
   </trkpt>
   <trkpt lat="49.847140" lon="3.162830">
    <ele>110.7</ele>
   </trkpt>
   <trkpt lat="49.846670" lon="3.163275">
    <ele>110.0</ele>
   </trkpt>
   <trkpt lat="49.846200" lon="3.163720">
    <ele>108.6</ele>
   </trkpt>
   <trkpt lat="49.845760" lon="3.164090">
    <ele>107.3</ele>
   </trkpt>
   <trkpt lat="49.845290" lon="3.164440">
    <ele>105.9</ele>
   </trkpt>
   <trkpt lat="49.844480" lon="3.164870">
    <ele>104.8</ele>
   </trkpt>
   <trkpt lat="49.844060" lon="3.165190">
    <ele>104.5</ele>
   </trkpt>
   <trkpt lat="49.843640" lon="3.165510">
    <ele>104.2</ele>
   </trkpt>
   <trkpt lat="49.842955" lon="3.165990">
    <ele>103.4</ele>
   </trkpt>
   <trkpt lat="49.842270" lon="3.166470">
    <ele>103.0</ele>
   </trkpt>
   <trkpt lat="49.841410" lon="3.166850">
    <ele>103.0</ele>
   </trkpt>
   <trkpt lat="49.840770" lon="3.167107">
    <ele>100.7</ele>
   </trkpt>
   <trkpt lat="49.840130" lon="3.167363">
    <ele>98.4</ele>
   </trkpt>
   <trkpt lat="49.839490" lon="3.167620">
    <ele>98.0</ele>
   </trkpt>
   <trkpt lat="49.839110" lon="3.167730">
    <ele>97.8</ele>
   </trkpt>
   <trkpt lat="49.838690" lon="3.167640">
    <ele>97.7</ele>
   </trkpt>
   <trkpt lat="49.838030" lon="3.167360">
    <ele>97.0</ele>
   </trkpt>
   <trkpt lat="49.837820" lon="3.167240">
    <ele>96.4</ele>
   </trkpt>
   <trkpt lat="49.837103" lon="3.166513">
    <ele>93.5</ele>
   </trkpt>
   <trkpt lat="49.836387" lon="3.165787">
    <ele>90.9</ele>
   </trkpt>
   <trkpt lat="49.835670" lon="3.165060">
    <ele>89.3</ele>
   </trkpt>
   <trkpt lat="49.835140" lon="3.164600">
    <ele>89.6</ele>
   </trkpt>
   <trkpt lat="49.834500" lon="3.164220">
    <ele>90.1</ele>
   </trkpt>
   <trkpt lat="49.834240" lon="3.164010">
    <ele>90.0</ele>
   </trkpt>
   <trkpt lat="49.833660" lon="3.163470">
    <ele>89.0</ele>
   </trkpt>
   <trkpt lat="49.832990" lon="3.162910">
    <ele>89.5</ele>
   </trkpt>
   <trkpt lat="49.832870" lon="3.162760">
    <ele>89.8</ele>
   </trkpt>
   <trkpt lat="49.832730" lon="3.162530">
    <ele>90.2</ele>
   </trkpt>
   <trkpt lat="49.832470" lon="3.161780">
    <ele>91.8</ele>
   </trkpt>
   <trkpt lat="49.832180" lon="3.161070">
    <ele>93.3</ele>
   </trkpt>
   <trkpt lat="49.832015" lon="3.160400">
    <ele>94.0</ele>
   </trkpt>
   <trkpt lat="49.831850" lon="3.159730">
    <ele>95.0</ele>
   </trkpt>
   <trkpt lat="49.831800" lon="3.159660">
    <ele>95.0</ele>
   </trkpt>
   <trkpt lat="49.831750" lon="3.159620">
    <ele>95.0</ele>
   </trkpt>
   <trkpt lat="49.831610" lon="3.159590">
    <ele>95.0</ele>
   </trkpt>
   <trkpt lat="49.831075" lon="3.159610">
    <ele>97.0</ele>
   </trkpt>
   <trkpt lat="49.830540" lon="3.159630">
    <ele>97.1</ele>
   </trkpt>
   <trkpt lat="49.830350" lon="3.159600">
    <ele>97.1</ele>
   </trkpt>
   <trkpt lat="49.830220" lon="3.159610">
    <ele>97.1</ele>
   </trkpt>
   <trkpt lat="49.830100" lon="3.159670">
    <ele>97.1</ele>
   </trkpt>
   <trkpt lat="49.829800" lon="3.159970">
    <ele>97.1</ele>
   </trkpt>
   <trkpt lat="49.829640" lon="3.160100">
    <ele>97.1</ele>
   </trkpt>
   <trkpt lat="49.829490" lon="3.160170">
    <ele>97.0</ele>
   </trkpt>
   <trkpt lat="49.828850" lon="3.160290">
    <ele>96.4</ele>
   </trkpt>
   <trkpt lat="49.828720" lon="3.159180">
    <ele>96.0</ele>
   </trkpt>
   <trkpt lat="49.828017" lon="3.159123">
    <ele>96.2</ele>
   </trkpt>
   <trkpt lat="49.827313" lon="3.159067">
    <ele>96.8</ele>
   </trkpt>
   <trkpt lat="49.826610" lon="3.159010">
    <ele>97.5</ele>
   </trkpt>
   <trkpt lat="49.826310" lon="3.159040">
    <ele>97.8</ele>
   </trkpt>
   <trkpt lat="49.825800" lon="3.159145">
    <ele>98.5</ele>
   </trkpt>
   <trkpt lat="49.825290" lon="3.159250">
    <ele>99.0</ele>
   </trkpt>
   <trkpt lat="49.824565" lon="3.159370">
    <ele>99.9</ele>
   </trkpt>
   <trkpt lat="49.823840" lon="3.159490">
    <ele>100.2</ele>
   </trkpt>
   <trkpt lat="49.823325" lon="3.159540">
    <ele>100.5</ele>
   </trkpt>
   <trkpt lat="49.822810" lon="3.159590">
    <ele>100.6</ele>
   </trkpt>
   <trkpt lat="49.822380" lon="3.159590">
    <ele>100.6</ele>
   </trkpt>
   <trkpt lat="49.821580" lon="3.159520">
    <ele>99.7</ele>
   </trkpt>
   <trkpt lat="49.821100" lon="3.159430">
    <ele>99.4</ele>
   </trkpt>
   <trkpt lat="49.820620" lon="3.159340">
    <ele>99.2</ele>
   </trkpt>
   <trkpt lat="49.820160" lon="3.159230">
    <ele>99.0</ele>
   </trkpt>
   <trkpt lat="49.819700" lon="3.159120">
    <ele>99.0</ele>
   </trkpt>
   <trkpt lat="49.819490" lon="3.159050">
    <ele>99.0</ele>
   </trkpt>
   <trkpt lat="49.819315" lon="3.160285">
    <ele>99.5</ele>
   </trkpt>
   <trkpt lat="49.819140" lon="3.161520">
    <ele>100.0</ele>
   </trkpt>
   <trkpt lat="49.819040" lon="3.162030">
    <ele>100.1</ele>
   </trkpt>
   <trkpt lat="49.818910" lon="3.162450">
    <ele>100.1</ele>
   </trkpt>
   <trkpt lat="49.818740" lon="3.162900">
    <ele>100.0</ele>
   </trkpt>
   <trkpt lat="49.818410" lon="3.163620">
    <ele>99.6</ele>
   </trkpt>
   <trkpt lat="49.818080" lon="3.164340">
    <ele>99.2</ele>
   </trkpt>
   <trkpt lat="49.817574" lon="3.165391">
    <ele>98.3</ele>
   </trkpt>
   <trkpt lat="49.817068" lon="3.166442">
    <ele>97.7</ele>
   </trkpt>
   <trkpt lat="49.816562" lon="3.167493">
    <ele>97.2</ele>
   </trkpt>
   <trkpt lat="49.816056" lon="3.168544">
    <ele>96.9</ele>
   </trkpt>
   <trkpt lat="49.815550" lon="3.169595">
    <ele>96.6</ele>
   </trkpt>
   <trkpt lat="49.815044" lon="3.170646">
    <ele>96.2</ele>
   </trkpt>
   <trkpt lat="49.814538" lon="3.171697">
    <ele>95.6</ele>
   </trkpt>
   <trkpt lat="49.814032" lon="3.172748">
    <ele>95.0</ele>
   </trkpt>
   <trkpt lat="49.813526" lon="3.173799">
    <ele>94.9</ele>
   </trkpt>
   <trkpt lat="49.813020" lon="3.174850">
    <ele>95.3</ele>
   </trkpt>
   <trkpt lat="49.812690" lon="3.175480">
    <ele>95.5</ele>
   </trkpt>
   <trkpt lat="49.812200" lon="3.176290">
    <ele>95.3</ele>
   </trkpt>
   <trkpt lat="49.811760" lon="3.176930">
    <ele>94.8</ele>
   </trkpt>
   <trkpt lat="49.811320" lon="3.177570">
    <ele>94.2</ele>
   </trkpt>
   <trkpt lat="49.810687" lon="3.178333">
    <ele>93.7</ele>
   </trkpt>
   <trkpt lat="49.810053" lon="3.179097">
    <ele>93.2</ele>
   </trkpt>
   <trkpt lat="49.809420" lon="3.179860">
    <ele>93.2</ele>
   </trkpt>
   <trkpt lat="49.809120" lon="3.180120">
    <ele>93.2</ele>
   </trkpt>
   <trkpt lat="49.808980" lon="3.180280">
    <ele>93.1</ele>
   </trkpt>
   <trkpt lat="49.808890" lon="3.180510">
    <ele>93.2</ele>
   </trkpt>
   <trkpt lat="49.808230" lon="3.181295">
    <ele>93.5</ele>
   </trkpt>
   <trkpt lat="49.807570" lon="3.182080">
    <ele>94.3</ele>
   </trkpt>
   <trkpt lat="49.806910" lon="3.182865">
    <ele>95.1</ele>
   </trkpt>
   <trkpt lat="49.806250" lon="3.183650">
    <ele>96.1</ele>
   </trkpt>
   <trkpt lat="49.805515" lon="3.184425">
    <ele>95.9</ele>
   </trkpt>
   <trkpt lat="49.804780" lon="3.185200">
    <ele>95.6</ele>
   </trkpt>
   <trkpt lat="49.804045" lon="3.185975">
    <ele>95.7</ele>
   </trkpt>
   <trkpt lat="49.803310" lon="3.186750">
    <ele>95.9</ele>
   </trkpt>
   <trkpt lat="49.802575" lon="3.187525">
    <ele>96.2</ele>
   </trkpt>
   <trkpt lat="49.801840" lon="3.188300">
    <ele>96.0</ele>
   </trkpt>
   <trkpt lat="49.801159" lon="3.189051">
    <ele>93.9</ele>
   </trkpt>
   <trkpt lat="49.800478" lon="3.189803">
    <ele>92.5</ele>
   </trkpt>
   <trkpt lat="49.799796" lon="3.190554">
    <ele>89.5</ele>
   </trkpt>
   <trkpt lat="49.799115" lon="3.191305">
    <ele>87.1</ele>
   </trkpt>
   <trkpt lat="49.798434" lon="3.192056">
    <ele>85.5</ele>
   </trkpt>
   <trkpt lat="49.797753" lon="3.192808">
    <ele>86.0</ele>
   </trkpt>
   <trkpt lat="49.797071" lon="3.193559">
    <ele>89.7</ele>
   </trkpt>
   <trkpt lat="49.796390" lon="3.194310">
    <ele>92.3</ele>
   </trkpt>
   <trkpt lat="49.795933" lon="3.194920">
    <ele>92.7</ele>
   </trkpt>
   <trkpt lat="49.795477" lon="3.195530">
    <ele>92.8</ele>
   </trkpt>
   <trkpt lat="49.795020" lon="3.196140">
    <ele>93.0</ele>
   </trkpt>
   <trkpt lat="49.794405" lon="3.196940">
    <ele>93.1</ele>
   </trkpt>
   <trkpt lat="49.793790" lon="3.197740">
    <ele>93.2</ele>
   </trkpt>
   <trkpt lat="49.793175" lon="3.198540">
    <ele>93.3</ele>
   </trkpt>
   <trkpt lat="49.792560" lon="3.199340">
    <ele>93.6</ele>
   </trkpt>
   <trkpt lat="49.791945" lon="3.200140">
    <ele>93.7</ele>
   </trkpt>
   <trkpt lat="49.791330" lon="3.200940">
    <ele>93.7</ele>
   </trkpt>
   <trkpt lat="49.790715" lon="3.201740">
    <ele>92.7</ele>
   </trkpt>
   <trkpt lat="49.790100" lon="3.202540">
    <ele>89.9</ele>
   </trkpt>
   <trkpt lat="49.789610" lon="3.203165">
    <ele>88.1</ele>
   </trkpt>
   <trkpt lat="49.789120" lon="3.203790">
    <ele>85.5</ele>
   </trkpt>
   <trkpt lat="49.788740" lon="3.204230">
    <ele>84.1</ele>
   </trkpt>
   <trkpt lat="49.788360" lon="3.204670">
    <ele>82.0</ele>
   </trkpt>
   <trkpt lat="49.788030" lon="3.205100">
    <ele>81.3</ele>
   </trkpt>
   <trkpt lat="49.787740" lon="3.205580">
    <ele>80.0</ele>
   </trkpt>
   <trkpt lat="49.787160" lon="3.206440">
    <ele>77.2</ele>
   </trkpt>
   <trkpt lat="49.786663" lon="3.207243">
    <ele>75.4</ele>
   </trkpt>
   <trkpt lat="49.786167" lon="3.208047">
    <ele>74.3</ele>
   </trkpt>
   <trkpt lat="49.785670" lon="3.208850">
    <ele>72.8</ele>
   </trkpt>
   <trkpt lat="49.785600" lon="3.208940">
    <ele>72.8</ele>
   </trkpt>
   <trkpt lat="49.784900" lon="3.209330">
    <ele>71.1</ele>
   </trkpt>
   <trkpt lat="49.784520" lon="3.209520">
    <ele>70.0</ele>
   </trkpt>
   <trkpt lat="49.783960" lon="3.209910">
    <ele>68.8</ele>
   </trkpt>
   <trkpt lat="49.783400" lon="3.210300">
    <ele>68.3</ele>
   </trkpt>
   <trkpt lat="49.782610" lon="3.210930">
    <ele>68.8</ele>
   </trkpt>
   <trkpt lat="49.781980" lon="3.211650">
    <ele>69.7</ele>
   </trkpt>
   <trkpt lat="49.781840" lon="3.211820">
    <ele>69.8</ele>
   </trkpt>
   <trkpt lat="49.781690" lon="3.211940">
    <ele>69.9</ele>
   </trkpt>
   <trkpt lat="49.781510" lon="3.212040">
    <ele>70.0</ele>
   </trkpt>
   <trkpt lat="49.781300" lon="3.212010">
    <ele>70.2</ele>
   </trkpt>
   <trkpt lat="49.780660" lon="3.211620">
    <ele>70.5</ele>
   </trkpt>
   <trkpt lat="49.780390" lon="3.211520">
    <ele>70.8</ele>
   </trkpt>
   <trkpt lat="49.780190" lon="3.211470">
    <ele>70.8</ele>
   </trkpt>
   <trkpt lat="49.780080" lon="3.211480">
    <ele>71.1</ele>
   </trkpt>
   <trkpt lat="49.779920" lon="3.211580">
    <ele>71.1</ele>
   </trkpt>
   <trkpt lat="49.779330" lon="3.212220">
    <ele>72.1</ele>
   </trkpt>
   <trkpt lat="49.779270" lon="3.212240">
    <ele>72.0</ele>
   </trkpt>
   <trkpt lat="49.779190" lon="3.212160">
    <ele>72.0</ele>
   </trkpt>
   <trkpt lat="49.778900" lon="3.211530">
    <ele>71.6</ele>
   </trkpt>
   <trkpt lat="49.778670" lon="3.211120">
    <ele>71.8</ele>
   </trkpt>
   <trkpt lat="49.778550" lon="3.210980">
    <ele>71.9</ele>
   </trkpt>
   <trkpt lat="49.778450" lon="3.210960">
    <ele>72.2</ele>
   </trkpt>
   <trkpt lat="49.778310" lon="3.211040">
    <ele>72.6</ele>
   </trkpt>
   <trkpt lat="49.777930" lon="3.211850">
    <ele>74.3</ele>
   </trkpt>
   <trkpt lat="49.777830" lon="3.211900">
    <ele>74.8</ele>
   </trkpt>
   <trkpt lat="49.777710" lon="3.211890">
    <ele>74.8</ele>
   </trkpt>
   <trkpt lat="49.777120" lon="3.211580">
    <ele>75.6</ele>
   </trkpt>
   <trkpt lat="49.776860" lon="3.211530">
    <ele>75.5</ele>
   </trkpt>
   <trkpt lat="49.776650" lon="3.211430">
    <ele>74.8</ele>
   </trkpt>
   <trkpt lat="49.776470" lon="3.211300">
    <ele>74.8</ele>
   </trkpt>
   <trkpt lat="49.776015" lon="3.210855">
    <ele>72.5</ele>
   </trkpt>
   <trkpt lat="49.775560" lon="3.210410">
    <ele>72.1</ele>
   </trkpt>
   <trkpt lat="49.774910" lon="3.209740">
    <ele>69.9</ele>
   </trkpt>
   <trkpt lat="49.774260" lon="3.209090">
    <ele>69.1</ele>
   </trkpt>
   <trkpt lat="49.773610" lon="3.208440">
    <ele>69.1</ele>
   </trkpt>
   <trkpt lat="49.772903" lon="3.207812">
    <ele>69.0</ele>
   </trkpt>
   <trkpt lat="49.772195" lon="3.207185">
    <ele>68.8</ele>
   </trkpt>
   <trkpt lat="49.771488" lon="3.206557">
    <ele>69.5</ele>
   </trkpt>
   <trkpt lat="49.770780" lon="3.205930">
    <ele>73.4</ele>
   </trkpt>
   <trkpt lat="49.770530" lon="3.205640">
    <ele>74.5</ele>
   </trkpt>
   <trkpt lat="49.769930" lon="3.204840">
    <ele>80.2</ele>
   </trkpt>
   <trkpt lat="49.769760" lon="3.204490">
    <ele>81.8</ele>
   </trkpt>
   <trkpt lat="49.769426" lon="3.203404">
    <ele>83.4</ele>
   </trkpt>
   <trkpt lat="49.769091" lon="3.202318">
    <ele>83.5</ele>
   </trkpt>
   <trkpt lat="49.768757" lon="3.201233">
    <ele>83.6</ele>
   </trkpt>
   <trkpt lat="49.768423" lon="3.200147">
    <ele>83.7</ele>
   </trkpt>
   <trkpt lat="49.768089" lon="3.199061">
    <ele>84.2</ele>
   </trkpt>
   <trkpt lat="49.767754" lon="3.197976">
    <ele>85.0</ele>
   </trkpt>
   <trkpt lat="49.767420" lon="3.196890">
    <ele>85.1</ele>
   </trkpt>
   <trkpt lat="49.767080" lon="3.195810">
    <ele>82.9</ele>
   </trkpt>
   <trkpt lat="49.766960" lon="3.195540">
    <ele>82.2</ele>
   </trkpt>
   <trkpt lat="49.766670" lon="3.195120">
    <ele>81.3</ele>
   </trkpt>
   <trkpt lat="49.766102" lon="3.194362">
    <ele>81.1</ele>
   </trkpt>
   <trkpt lat="49.765534" lon="3.193604">
    <ele>81.4</ele>
   </trkpt>
   <trkpt lat="49.764966" lon="3.192846">
    <ele>81.6</ele>
   </trkpt>
   <trkpt lat="49.764398" lon="3.192088">
    <ele>82.8</ele>
   </trkpt>
   <trkpt lat="49.763830" lon="3.191330">
    <ele>83.9</ele>
   </trkpt>
   <trkpt lat="49.763200" lon="3.190500">
    <ele>83.2</ele>
   </trkpt>
   <trkpt lat="49.762570" lon="3.189670">
    <ele>81.0</ele>
   </trkpt>
   <trkpt lat="49.761970" lon="3.188840">
    <ele>79.0</ele>
   </trkpt>
   <trkpt lat="49.761490" lon="3.188210">
    <ele>77.7</ele>
   </trkpt>
   <trkpt lat="49.761150" lon="3.187790">
    <ele>76.0</ele>
   </trkpt>
   <trkpt lat="49.760420" lon="3.187300">
    <ele>72.2</ele>
   </trkpt>
   <trkpt lat="49.759690" lon="3.186810">
    <ele>70.9</ele>
   </trkpt>
   <trkpt lat="49.758915" lon="3.186262">
    <ele>70.9</ele>
   </trkpt>
   <trkpt lat="49.758140" lon="3.185715">
    <ele>72.0</ele>
   </trkpt>
   <trkpt lat="49.757365" lon="3.185167">
    <ele>76.4</ele>
   </trkpt>
   <trkpt lat="49.756590" lon="3.184620">
    <ele>79.9</ele>
   </trkpt>
   <trkpt lat="49.756060" lon="3.184260">
    <ele>81.9</ele>
   </trkpt>
   <trkpt lat="49.755530" lon="3.183900">
    <ele>82.7</ele>
   </trkpt>
   <trkpt lat="49.754752" lon="3.183365">
    <ele>83.2</ele>
   </trkpt>
   <trkpt lat="49.753973" lon="3.182830">
    <ele>83.6</ele>
   </trkpt>
   <trkpt lat="49.753195" lon="3.182295">
    <ele>84.2</ele>
   </trkpt>
   <trkpt lat="49.752417" lon="3.181760">
    <ele>85.3</ele>
   </trkpt>
   <trkpt lat="49.751638" lon="3.181225">
    <ele>86.2</ele>
   </trkpt>
   <trkpt lat="49.750860" lon="3.180690">
    <ele>85.1</ele>
   </trkpt>
   <trkpt lat="49.750157" lon="3.180173">
    <ele>81.1</ele>
   </trkpt>
   <trkpt lat="49.749453" lon="3.179657">
    <ele>77.1</ele>
   </trkpt>
   <trkpt lat="49.748750" lon="3.179140">
    <ele>73.0</ele>
   </trkpt>
   <trkpt lat="49.748047" lon="3.178623">
    <ele>69.8</ele>
   </trkpt>
   <trkpt lat="49.747343" lon="3.178107">
    <ele>67.6</ele>
   </trkpt>
   <trkpt lat="49.746640" lon="3.177590">
    <ele>67.2</ele>
   </trkpt>
   <trkpt lat="49.746500" lon="3.177540">
    <ele>66.9</ele>
   </trkpt>
   <trkpt lat="49.745907" lon="3.176503">
    <ele>66.1</ele>
   </trkpt>
   <trkpt lat="49.745313" lon="3.175467">
    <ele>67.9</ele>
   </trkpt>
   <trkpt lat="49.744720" lon="3.174430">
    <ele>72.4</ele>
   </trkpt>
   <trkpt lat="49.744650" lon="3.174270">
    <ele>72.4</ele>
   </trkpt>
   <trkpt lat="49.744210" lon="3.173530">
    <ele>75.1</ele>
   </trkpt>
   <trkpt lat="49.743770" lon="3.172790">
    <ele>76.4</ele>
   </trkpt>
   <trkpt lat="49.743520" lon="3.172340">
    <ele>76.4</ele>
   </trkpt>
   <trkpt lat="49.743470" lon="3.172170">
    <ele>74.1</ele>
   </trkpt>
   <trkpt lat="49.742960" lon="3.172687">
    <ele>70.7</ele>
   </trkpt>
   <trkpt lat="49.742450" lon="3.173203">
    <ele>69.2</ele>
   </trkpt>
   <trkpt lat="49.741940" lon="3.173720">
    <ele>70.1</ele>
   </trkpt>
   <trkpt lat="49.741610" lon="3.174090">
    <ele>69.3</ele>
   </trkpt>
   <trkpt lat="49.741510" lon="3.174310">
    <ele>68.7</ele>
   </trkpt>
   <trkpt lat="49.741260" lon="3.175180">
    <ele>64.7</ele>
   </trkpt>
   <trkpt lat="49.741050" lon="3.175730">
    <ele>64.0</ele>
   </trkpt>
   <trkpt lat="49.740560" lon="3.176710">
    <ele>63.7</ele>
   </trkpt>
   <trkpt lat="49.739990" lon="3.177743">
    <ele>64.0</ele>
   </trkpt>
   <trkpt lat="49.739420" lon="3.178777">
    <ele>64.2</ele>
   </trkpt>
   <trkpt lat="49.738850" lon="3.179810">
    <ele>65.1</ele>
   </trkpt>
   <trkpt lat="49.738660" lon="3.180100">
    <ele>65.8</ele>
   </trkpt>
   <trkpt lat="49.738520" lon="3.180200">
    <ele>65.8</ele>
   </trkpt>
   <trkpt lat="49.737880" lon="3.180520">
    <ele>66.2</ele>
   </trkpt>
   <trkpt lat="49.737240" lon="3.180840">
    <ele>67.2</ele>
   </trkpt>
   <trkpt lat="49.737230" lon="3.180780">
    <ele>67.2</ele>
   </trkpt>
   <trkpt lat="49.736605" lon="3.180315">
    <ele>67.7</ele>
   </trkpt>
   <trkpt lat="49.735980" lon="3.179850">
    <ele>67.8</ele>
   </trkpt>
   <trkpt lat="49.735337" lon="3.179470">
    <ele>67.8</ele>
   </trkpt>
   <trkpt lat="49.734693" lon="3.179090">
    <ele>68.1</ele>
   </trkpt>
   <trkpt lat="49.734050" lon="3.178710">
    <ele>68.3</ele>
   </trkpt>
   <trkpt lat="49.733595" lon="3.178460">
    <ele>68.3</ele>
   </trkpt>
   <trkpt lat="49.733140" lon="3.178210">
    <ele>68.6</ele>
   </trkpt>
   <trkpt lat="49.732445" lon="3.178145">
    <ele>68.5</ele>
   </trkpt>
   <trkpt lat="49.731750" lon="3.178080">
    <ele>68.8</ele>
   </trkpt>
   <trkpt lat="49.731018" lon="3.178155">
    <ele>69.6</ele>
   </trkpt>
   <trkpt lat="49.730285" lon="3.178230">
    <ele>70.4</ele>
   </trkpt>
   <trkpt lat="49.729553" lon="3.178305">
    <ele>69.6</ele>
   </trkpt>
   <trkpt lat="49.728820" lon="3.178380">
    <ele>68.3</ele>
   </trkpt>
   <trkpt lat="49.728070" lon="3.178500">
    <ele>67.6</ele>
   </trkpt>
   <trkpt lat="49.727320" lon="3.178620">
    <ele>66.8</ele>
   </trkpt>
   <trkpt lat="49.726810" lon="3.178530">
    <ele>66.4</ele>
   </trkpt>
   <trkpt lat="49.726295" lon="3.178360">
    <ele>66.1</ele>
   </trkpt>
   <trkpt lat="49.725780" lon="3.178190">
    <ele>65.9</ele>
   </trkpt>
   <trkpt lat="49.725090" lon="3.177940">
    <ele>65.5</ele>
   </trkpt>
   <trkpt lat="49.724930" lon="3.177910">
    <ele>65.5</ele>
   </trkpt>
   <trkpt lat="49.724435" lon="3.177985">
    <ele>65.9</ele>
   </trkpt>
   <trkpt lat="49.723940" lon="3.178060">
    <ele>66.3</ele>
   </trkpt>
   <trkpt lat="49.723760" lon="3.178010">
    <ele>66.5</ele>
   </trkpt>
   <trkpt lat="49.723650" lon="3.178010">
    <ele>66.7</ele>
   </trkpt>
   <trkpt lat="49.723590" lon="3.178080">
    <ele>66.7</ele>
   </trkpt>
   <trkpt lat="49.723430" lon="3.178510">
    <ele>66.7</ele>
   </trkpt>
   <trkpt lat="49.723340" lon="3.178690">
    <ele>67.2</ele>
   </trkpt>
   <trkpt lat="49.723260" lon="3.178780">
    <ele>67.2</ele>
   </trkpt>
   <trkpt lat="49.722730" lon="3.178920">
    <ele>67.7</ele>
   </trkpt>
   <trkpt lat="49.721860" lon="3.178700">
    <ele>67.8</ele>
   </trkpt>
   <trkpt lat="49.720990" lon="3.178480">
    <ele>67.4</ele>
   </trkpt>
   <trkpt lat="49.720120" lon="3.178260">
    <ele>66.7</ele>
   </trkpt>
   <trkpt lat="49.719570" lon="3.178150">
    <ele>66.6</ele>
   </trkpt>
   <trkpt lat="49.719020" lon="3.178040">
    <ele>66.6</ele>
   </trkpt>
   <trkpt lat="49.718820" lon="3.177990">
    <ele>66.6</ele>
   </trkpt>
   <trkpt lat="49.718480" lon="3.177940">
    <ele>66.5</ele>
   </trkpt>
   <trkpt lat="49.718290" lon="3.177980">
    <ele>66.6</ele>
   </trkpt>
   <trkpt lat="49.718200" lon="3.178140">
    <ele>66.6</ele>
   </trkpt>
   <trkpt lat="49.718190" lon="3.178800">
    <ele>67.0</ele>
   </trkpt>
   <trkpt lat="49.718130" lon="3.179640">
    <ele>67.7</ele>
   </trkpt>
   <trkpt lat="49.717490" lon="3.179470">
    <ele>68.4</ele>
   </trkpt>
   <trkpt lat="49.716687" lon="3.179090">
    <ele>68.4</ele>
   </trkpt>
   <trkpt lat="49.715883" lon="3.178710">
    <ele>68.3</ele>
   </trkpt>
   <trkpt lat="49.715080" lon="3.178330">
    <ele>68.5</ele>
   </trkpt>
   <trkpt lat="49.714490" lon="3.178235">
    <ele>68.7</ele>
   </trkpt>
   <trkpt lat="49.713900" lon="3.178140">
    <ele>68.9</ele>
   </trkpt>
   <trkpt lat="49.713245" lon="3.178015">
    <ele>69.3</ele>
   </trkpt>
   <trkpt lat="49.712590" lon="3.177890">
    <ele>70.0</ele>
   </trkpt>
   <trkpt lat="49.712075" lon="3.177830">
    <ele>70.9</ele>
   </trkpt>
   <trkpt lat="49.711560" lon="3.177770">
    <ele>71.1</ele>
   </trkpt>
   <trkpt lat="49.711422" lon="3.176462">
    <ele>71.3</ele>
   </trkpt>
   <trkpt lat="49.711283" lon="3.175153">
    <ele>71.2</ele>
   </trkpt>
   <trkpt lat="49.711145" lon="3.173845">
    <ele>71.0</ele>
   </trkpt>
   <trkpt lat="49.711007" lon="3.172537">
    <ele>70.8</ele>
   </trkpt>
   <trkpt lat="49.710869" lon="3.171228">
    <ele>70.6</ele>
   </trkpt>
   <trkpt lat="49.710730" lon="3.169920">
    <ele>70.5</ele>
   </trkpt>
   <trkpt lat="49.710592" lon="3.168612">
    <ele>70.2</ele>
   </trkpt>
   <trkpt lat="49.710454" lon="3.167303">
    <ele>70.3</ele>
   </trkpt>
   <trkpt lat="49.710315" lon="3.165995">
    <ele>70.3</ele>
   </trkpt>
   <trkpt lat="49.710177" lon="3.164687">
    <ele>70.5</ele>
   </trkpt>
   <trkpt lat="49.710038" lon="3.163378">
    <ele>70.8</ele>
   </trkpt>
   <trkpt lat="49.709900" lon="3.162070">
    <ele>70.9</ele>
   </trkpt>
   <trkpt lat="49.709880" lon="3.161470">
    <ele>70.8</ele>
   </trkpt>
   <trkpt lat="49.709880" lon="3.160600">
    <ele>70.3</ele>
   </trkpt>
   <trkpt lat="49.709700" lon="3.159280">
    <ele>69.7</ele>
   </trkpt>
   <trkpt lat="49.709615" lon="3.158545">
    <ele>69.7</ele>
   </trkpt>
   <trkpt lat="49.709530" lon="3.157810">
    <ele>69.9</ele>
   </trkpt>
   <trkpt lat="49.709460" lon="3.157070">
    <ele>70.2</ele>
   </trkpt>
   <trkpt lat="49.709390" lon="3.156330">
    <ele>70.8</ele>
   </trkpt>
   <trkpt lat="49.708750" lon="3.156310">
    <ele>71.1</ele>
   </trkpt>
   <trkpt lat="49.708110" lon="3.156290">
    <ele>71.2</ele>
   </trkpt>
   <trkpt lat="49.707860" lon="3.156230">
    <ele>71.3</ele>
   </trkpt>
   <trkpt lat="49.707710" lon="3.156130">
    <ele>71.5</ele>
   </trkpt>
   <trkpt lat="49.707620" lon="3.156020">
    <ele>71.5</ele>
   </trkpt>
   <trkpt lat="49.707580" lon="3.155940">
    <ele>71.5</ele>
   </trkpt>
   <trkpt lat="49.707550" lon="3.155740">
    <ele>71.7</ele>
   </trkpt>
   <trkpt lat="49.707570" lon="3.154790">
    <ele>71.9</ele>
   </trkpt>
   <trkpt lat="49.707520" lon="3.153910">
    <ele>72.8</ele>
   </trkpt>
   <trkpt lat="49.707480" lon="3.153730">
    <ele>73.2</ele>
   </trkpt>
   <trkpt lat="49.707430" lon="3.153600">
    <ele>73.2</ele>
   </trkpt>
   <trkpt lat="49.707320" lon="3.153510">
    <ele>73.2</ele>
   </trkpt>
   <trkpt lat="49.706950" lon="3.153320">
    <ele>73.8</ele>
   </trkpt>
   <trkpt lat="49.706870" lon="3.153230">
    <ele>73.8</ele>
   </trkpt>
   <trkpt lat="49.706780" lon="3.153060">
    <ele>73.8</ele>
   </trkpt>
   <trkpt lat="49.706430" lon="3.152460">
    <ele>74.3</ele>
   </trkpt>
   <trkpt lat="49.706390" lon="3.152410">
    <ele>74.3</ele>
   </trkpt>
   <trkpt lat="49.706180" lon="3.152400">
    <ele>74.8</ele>
   </trkpt>
   <trkpt lat="49.705590" lon="3.152410">
    <ele>75.5</ele>
   </trkpt>
   <trkpt lat="49.705100" lon="3.152570">
    <ele>76.6</ele>
   </trkpt>
   <trkpt lat="49.704990" lon="3.152640">
    <ele>77.0</ele>
   </trkpt>
   <trkpt lat="49.704280" lon="3.153230">
    <ele>77.4</ele>
   </trkpt>
   <trkpt lat="49.703980" lon="3.153370">
    <ele>77.9</ele>
   </trkpt>
   <trkpt lat="49.703630" lon="3.153490">
    <ele>78.9</ele>
   </trkpt>
   <trkpt lat="49.703390" lon="3.153500">
    <ele>79.5</ele>
   </trkpt>
   <trkpt lat="49.702860" lon="3.153460">
    <ele>81.7</ele>
   </trkpt>
   <trkpt lat="49.702310" lon="3.153365">
    <ele>83.7</ele>
   </trkpt>
   <trkpt lat="49.701760" lon="3.153270">
    <ele>87.4</ele>
   </trkpt>
   <trkpt lat="49.701250" lon="3.153260">
    <ele>89.2</ele>
   </trkpt>
   <trkpt lat="49.700970" lon="3.153270">
    <ele>89.6</ele>
   </trkpt>
   <trkpt lat="49.700890" lon="3.153310">
    <ele>89.6</ele>
   </trkpt>
   <trkpt lat="49.700680" lon="3.153500">
    <ele>90.1</ele>
   </trkpt>
   <trkpt lat="49.700530" lon="3.153690">
    <ele>90.1</ele>
   </trkpt>
   <trkpt lat="49.700350" lon="3.153820">
    <ele>90.7</ele>
   </trkpt>
   <trkpt lat="49.699785" lon="3.153955">
    <ele>91.3</ele>
   </trkpt>
   <trkpt lat="49.699220" lon="3.154090">
    <ele>92.0</ele>
   </trkpt>
   <trkpt lat="49.698900" lon="3.154280">
    <ele>92.5</ele>
   </trkpt>
   <trkpt lat="49.698650" lon="3.154500">
    <ele>92.8</ele>
   </trkpt>
   <trkpt lat="49.698250" lon="3.154770">
    <ele>92.8</ele>
   </trkpt>
   <trkpt lat="49.697400" lon="3.155180">
    <ele>93.7</ele>
   </trkpt>
   <trkpt lat="49.697110" lon="3.155280">
    <ele>94.0</ele>
   </trkpt>
   <trkpt lat="49.696270" lon="3.155510">
    <ele>95.0</ele>
   </trkpt>
   <trkpt lat="49.696010" lon="3.155540">
    <ele>95.1</ele>
   </trkpt>
   <trkpt lat="49.695850" lon="3.155510">
    <ele>95.1</ele>
   </trkpt>
   <trkpt lat="49.695370" lon="3.155230">
    <ele>94.3</ele>
   </trkpt>
   <trkpt lat="49.695150" lon="3.155140">
    <ele>94.0</ele>
   </trkpt>
   <trkpt lat="49.694800" lon="3.155050">
    <ele>94.0</ele>
   </trkpt>
   <trkpt lat="49.694170" lon="3.154830">
    <ele>95.7</ele>
   </trkpt>
   <trkpt lat="49.693750" lon="3.154660">
    <ele>96.3</ele>
   </trkpt>
   <trkpt lat="49.693540" lon="3.154620">
    <ele>97.6</ele>
   </trkpt>
   <trkpt lat="49.693250" lon="3.154590">
    <ele>98.4</ele>
   </trkpt>
   <trkpt lat="49.692375" lon="3.154745">
    <ele>101.0</ele>
   </trkpt>
   <trkpt lat="49.691500" lon="3.154900">
    <ele>100.4</ele>
   </trkpt>
   <trkpt lat="49.691220" lon="3.154900">
    <ele>100.4</ele>
   </trkpt>
   <trkpt lat="49.690990" lon="3.154850">
    <ele>100.5</ele>
   </trkpt>
   <trkpt lat="49.690320" lon="3.154640">
    <ele>101.4</ele>
   </trkpt>
   <trkpt lat="49.690100" lon="3.154610">
    <ele>101.6</ele>
   </trkpt>
   <trkpt lat="49.689890" lon="3.154610">
    <ele>102.5</ele>
   </trkpt>
   <trkpt lat="49.689590" lon="3.154680">
    <ele>103.7</ele>
   </trkpt>
   <trkpt lat="49.689310" lon="3.154730">
    <ele>105.0</ele>
   </trkpt>
   <trkpt lat="49.688890" lon="3.154720">
    <ele>106.6</ele>
   </trkpt>
   <trkpt lat="49.688590" lon="3.154670">
    <ele>107.9</ele>
   </trkpt>
   <trkpt lat="49.688400" lon="3.154560">
    <ele>109.0</ele>
   </trkpt>
   <trkpt lat="49.688240" lon="3.154500">
    <ele>109.5</ele>
   </trkpt>
   <trkpt lat="49.688140" lon="3.154510">
    <ele>109.7</ele>
   </trkpt>
   <trkpt lat="49.688060" lon="3.154550">
    <ele>109.9</ele>
   </trkpt>
   <trkpt lat="49.687890" lon="3.154590">
    <ele>110.1</ele>
   </trkpt>
   <trkpt lat="49.687530" lon="3.154580">
    <ele>109.9</ele>
   </trkpt>
   <trkpt lat="49.687400" lon="3.154560">
    <ele>109.6</ele>
   </trkpt>
   <trkpt lat="49.687280" lon="3.154580">
    <ele>109.4</ele>
   </trkpt>
   <trkpt lat="49.687170" lon="3.154620">
    <ele>109.4</ele>
   </trkpt>
   <trkpt lat="49.686660" lon="3.155020">
    <ele>107.7</ele>
   </trkpt>
   <trkpt lat="49.686520" lon="3.155100">
    <ele>107.0</ele>
   </trkpt>
   <trkpt lat="49.685830" lon="3.155280">
    <ele>101.8</ele>
   </trkpt>
   <trkpt lat="49.685730" lon="3.155380">
    <ele>101.8</ele>
   </trkpt>
   <trkpt lat="49.685630" lon="3.155530">
    <ele>99.1</ele>
   </trkpt>
   <trkpt lat="49.685390" lon="3.156310">
    <ele>96.3</ele>
   </trkpt>
   <trkpt lat="49.685240" lon="3.156610">
    <ele>96.4</ele>
   </trkpt>
   <trkpt lat="49.685140" lon="3.156710">
    <ele>96.6</ele>
   </trkpt>
   <trkpt lat="49.684990" lon="3.156800">
    <ele>97.3</ele>
   </trkpt>
   <trkpt lat="49.684465" lon="3.157010">
    <ele>101.6</ele>
   </trkpt>
   <trkpt lat="49.683940" lon="3.157220">
    <ele>104.6</ele>
   </trkpt>
   <trkpt lat="49.683680" lon="3.157290">
    <ele>105.9</ele>
   </trkpt>
   <trkpt lat="49.683080" lon="3.157360">
    <ele>109.6</ele>
   </trkpt>
   <trkpt lat="49.682890" lon="3.157360">
    <ele>111.3</ele>
   </trkpt>
   <trkpt lat="49.682750" lon="3.157320">
    <ele>111.3</ele>
   </trkpt>
   <trkpt lat="49.682610" lon="3.157230">
    <ele>112.0</ele>
   </trkpt>
   <trkpt lat="49.682420" lon="3.157030">
    <ele>113.3</ele>
   </trkpt>
   <trkpt lat="49.681920" lon="3.156415">
    <ele>113.1</ele>
   </trkpt>
   <trkpt lat="49.681420" lon="3.155800">
    <ele>109.9</ele>
   </trkpt>
   <trkpt lat="49.681140" lon="3.155340">
    <ele>108.5</ele>
   </trkpt>
   <trkpt lat="49.680855" lon="3.154760">
    <ele>107.7</ele>
   </trkpt>
   <trkpt lat="49.680570" lon="3.154180">
    <ele>107.9</ele>
   </trkpt>
   <trkpt lat="49.680400" lon="3.154000">
    <ele>108.2</ele>
   </trkpt>
   <trkpt lat="49.680130" lon="3.153850">
    <ele>109.5</ele>
   </trkpt>
   <trkpt lat="49.679390" lon="3.153550">
    <ele>113.4</ele>
   </trkpt>
   <trkpt lat="49.678650" lon="3.153250">
    <ele>112.4</ele>
   </trkpt>
   <trkpt lat="49.678420" lon="3.153050">
    <ele>111.9</ele>
   </trkpt>
   <trkpt lat="49.678120" lon="3.152750">
    <ele>109.5</ele>
   </trkpt>
   <trkpt lat="49.677780" lon="3.152580">
    <ele>108.4</ele>
   </trkpt>
   <trkpt lat="49.677580" lon="3.152360">
    <ele>108.0</ele>
   </trkpt>
   <trkpt lat="49.677420" lon="3.152080">
    <ele>108.0</ele>
   </trkpt>
   <trkpt lat="49.677320" lon="3.151740">
    <ele>108.5</ele>
   </trkpt>
   <trkpt lat="49.677170" lon="3.151450">
    <ele>109.2</ele>
   </trkpt>
   <trkpt lat="49.677100" lon="3.151360">
    <ele>109.8</ele>
   </trkpt>
   <trkpt lat="49.677010" lon="3.151290">
    <ele>110.7</ele>
   </trkpt>
   <trkpt lat="49.676910" lon="3.151250">
    <ele>111.4</ele>
   </trkpt>
   <trkpt lat="49.676120" lon="3.151070">
    <ele>117.8</ele>
   </trkpt>
   <trkpt lat="49.675840" lon="3.150960">
    <ele>119.1</ele>
   </trkpt>
   <trkpt lat="49.675390" lon="3.151070">
    <ele>117.6</ele>
   </trkpt>
   <trkpt lat="49.675060" lon="3.151440">
    <ele>115.6</ele>
   </trkpt>
   <trkpt lat="49.674540" lon="3.152230">
    <ele>111.6</ele>
   </trkpt>
   <trkpt lat="49.674250" lon="3.152560">
    <ele>109.7</ele>
   </trkpt>
   <trkpt lat="49.673660" lon="3.153140">
    <ele>103.5</ele>
   </trkpt>
   <trkpt lat="49.673340" lon="3.153560">
    <ele>102.6</ele>
   </trkpt>
   <trkpt lat="49.672975" lon="3.154310">
    <ele>97.1</ele>
   </trkpt>
   <trkpt lat="49.672610" lon="3.155060">
    <ele>94.1</ele>
   </trkpt>
   <trkpt lat="49.672410" lon="3.155390">
    <ele>92.4</ele>
   </trkpt>
   <trkpt lat="49.672190" lon="3.155690">
    <ele>90.9</ele>
   </trkpt>
   <trkpt lat="49.671560" lon="3.156457">
    <ele>87.3</ele>
   </trkpt>
   <trkpt lat="49.670930" lon="3.157223">
    <ele>82.1</ele>
   </trkpt>
   <trkpt lat="49.670300" lon="3.157990">
    <ele>77.8</ele>
   </trkpt>
   <trkpt lat="49.670020" lon="3.158470">
    <ele>76.2</ele>
   </trkpt>
   <trkpt lat="49.669673" lon="3.159365">
    <ele>74.7</ele>
   </trkpt>
   <trkpt lat="49.669325" lon="3.160260">
    <ele>73.5</ele>
   </trkpt>
   <trkpt lat="49.668978" lon="3.161155">
    <ele>73.3</ele>
   </trkpt>
   <trkpt lat="49.668630" lon="3.162050">
    <ele>72.4</ele>
   </trkpt>
   <trkpt lat="49.668320" lon="3.162760">
    <ele>72.4</ele>
   </trkpt>
   <trkpt lat="49.667920" lon="3.163360">
    <ele>71.5</ele>
   </trkpt>
   <trkpt lat="49.667520" lon="3.163960">
    <ele>71.2</ele>
   </trkpt>
   <trkpt lat="49.667170" lon="3.164570">
    <ele>70.3</ele>
   </trkpt>
   <trkpt lat="49.666970" lon="3.164990">
    <ele>70.1</ele>
   </trkpt>
   <trkpt lat="49.666457" lon="3.165957">
    <ele>69.5</ele>
   </trkpt>
   <trkpt lat="49.665943" lon="3.166923">
    <ele>72.7</ele>
   </trkpt>
   <trkpt lat="49.665430" lon="3.167890">
    <ele>77.8</ele>
   </trkpt>
   <trkpt lat="49.665420" lon="3.167910">
    <ele>77.9</ele>
   </trkpt>
   <trkpt lat="49.665200" lon="3.168220">
    <ele>80.2</ele>
   </trkpt>
   <trkpt lat="49.664870" lon="3.168540">
    <ele>82.7</ele>
   </trkpt>
   <trkpt lat="49.664100" lon="3.169195">
    <ele>87.7</ele>
   </trkpt>
   <trkpt lat="49.663330" lon="3.169850">
    <ele>90.9</ele>
   </trkpt>
   <trkpt lat="49.663030" lon="3.170020">
    <ele>91.1</ele>
   </trkpt>
   <trkpt lat="49.662960" lon="3.169680">
    <ele>91.5</ele>
   </trkpt>
   <trkpt lat="49.662575" lon="3.168697">
    <ele>93.2</ele>
   </trkpt>
   <trkpt lat="49.662190" lon="3.167715">
    <ele>95.7</ele>
   </trkpt>
   <trkpt lat="49.661805" lon="3.166732">
    <ele>97.7</ele>
   </trkpt>
   <trkpt lat="49.661420" lon="3.165750">
    <ele>98.2</ele>
   </trkpt>
   <trkpt lat="49.661175" lon="3.165065">
    <ele>98.4</ele>
   </trkpt>
   <trkpt lat="49.660930" lon="3.164380">
    <ele>98.7</ele>
   </trkpt>
   <trkpt lat="49.660735" lon="3.163535">
    <ele>98.6</ele>
   </trkpt>
   <trkpt lat="49.660540" lon="3.162690">
    <ele>97.4</ele>
   </trkpt>
   <trkpt lat="49.660460" lon="3.162550">
    <ele>97.0</ele>
   </trkpt>
   <trkpt lat="49.659885" lon="3.161985">
    <ele>93.2</ele>
   </trkpt>
   <trkpt lat="49.659310" lon="3.161420">
    <ele>90.9</ele>
   </trkpt>
   <trkpt lat="49.659200" lon="3.160655">
    <ele>91.5</ele>
   </trkpt>
   <trkpt lat="49.659090" lon="3.159890">
    <ele>93.4</ele>
   </trkpt>
   <trkpt lat="49.659080" lon="3.159700">
    <ele>93.4</ele>
   </trkpt>
   <trkpt lat="49.659100" lon="3.159460">
    <ele>93.4</ele>
   </trkpt>
   <trkpt lat="49.659150" lon="3.159290">
    <ele>93.2</ele>
   </trkpt>
   <trkpt lat="49.659290" lon="3.158980">
    <ele>92.5</ele>
   </trkpt>
   <trkpt lat="49.659773" lon="3.157843">
    <ele>86.6</ele>
   </trkpt>
   <trkpt lat="49.660257" lon="3.156707">
    <ele>81.8</ele>
   </trkpt>
   <trkpt lat="49.660740" lon="3.155570">
    <ele>83.9</ele>
   </trkpt>
   <trkpt lat="49.660810" lon="3.155120">
    <ele>84.5</ele>
   </trkpt>
   <trkpt lat="49.660800" lon="3.154920">
    <ele>84.5</ele>
   </trkpt>
   <trkpt lat="49.660575" lon="3.153740">
    <ele>90.8</ele>
   </trkpt>
   <trkpt lat="49.660350" lon="3.152560">
    <ele>93.1</ele>
   </trkpt>
   <trkpt lat="49.660190" lon="3.151460">
    <ele>91.0</ele>
   </trkpt>
   <trkpt lat="49.660073" lon="3.150382">
    <ele>88.6</ele>
   </trkpt>
   <trkpt lat="49.659955" lon="3.149305">
    <ele>86.4</ele>
   </trkpt>
   <trkpt lat="49.659838" lon="3.148227">
    <ele>91.3</ele>
   </trkpt>
   <trkpt lat="49.659720" lon="3.147150">
    <ele>94.8</ele>
   </trkpt>
   <trkpt lat="49.659550" lon="3.146160">
    <ele>97.5</ele>
   </trkpt>
   <trkpt lat="49.659480" lon="3.145840">
    <ele>98.0</ele>
   </trkpt>
   <trkpt lat="49.659220" lon="3.145130">
    <ele>99.7</ele>
   </trkpt>
   <trkpt lat="49.658800" lon="3.144020">
    <ele>103.9</ele>
   </trkpt>
   <trkpt lat="49.658460" lon="3.143180">
    <ele>106.0</ele>
   </trkpt>
   <trkpt lat="49.658070" lon="3.142350">
    <ele>107.0</ele>
   </trkpt>
   <trkpt lat="49.657680" lon="3.141520">
    <ele>106.8</ele>
   </trkpt>
   <trkpt lat="49.657310" lon="3.140580">
    <ele>106.9</ele>
   </trkpt>
   <trkpt lat="49.657000" lon="3.139717">
    <ele>108.7</ele>
   </trkpt>
   <trkpt lat="49.656690" lon="3.138853">
    <ele>109.8</ele>
   </trkpt>
   <trkpt lat="49.656380" lon="3.137990">
    <ele>112.2</ele>
   </trkpt>
   <trkpt lat="49.656160" lon="3.137590">
    <ele>113.2</ele>
   </trkpt>
   <trkpt lat="49.655640" lon="3.136910">
    <ele>117.1</ele>
   </trkpt>
   <trkpt lat="49.655490" lon="3.136650">
    <ele>118.6</ele>
   </trkpt>
   <trkpt lat="49.655400" lon="3.136420">
    <ele>118.8</ele>
   </trkpt>
   <trkpt lat="49.655150" lon="3.135430">
    <ele>117.8</ele>
   </trkpt>
   <trkpt lat="49.654900" lon="3.134440">
    <ele>114.6</ele>
   </trkpt>
   <trkpt lat="49.654660" lon="3.133555">
    <ele>110.5</ele>
   </trkpt>
   <trkpt lat="49.654420" lon="3.132670">
    <ele>106.0</ele>
   </trkpt>
   <trkpt lat="49.654035" lon="3.131690">
    <ele>102.9</ele>
   </trkpt>
   <trkpt lat="49.653650" lon="3.130710">
    <ele>103.1</ele>
   </trkpt>
   <trkpt lat="49.653200" lon="3.129510">
    <ele>103.6</ele>
   </trkpt>
   <trkpt lat="49.652850" lon="3.128660">
    <ele>101.8</ele>
   </trkpt>
   <trkpt lat="49.652680" lon="3.128290">
    <ele>100.6</ele>
   </trkpt>
   <trkpt lat="49.652135" lon="3.127685">
    <ele>96.2</ele>
   </trkpt>
   <trkpt lat="49.651590" lon="3.127080">
    <ele>93.8</ele>
   </trkpt>
   <trkpt lat="49.651360" lon="3.126640">
    <ele>93.4</ele>
   </trkpt>
   <trkpt lat="49.651117" lon="3.125485">
    <ele>95.1</ele>
   </trkpt>
   <trkpt lat="49.650873" lon="3.124330">
    <ele>97.2</ele>
   </trkpt>
   <trkpt lat="49.650630" lon="3.123175">
    <ele>95.8</ele>
   </trkpt>
   <trkpt lat="49.650387" lon="3.122020">
    <ele>93.9</ele>
   </trkpt>
   <trkpt lat="49.650143" lon="3.120865">
    <ele>91.4</ele>
   </trkpt>
   <trkpt lat="49.649900" lon="3.119710">
    <ele>91.1</ele>
   </trkpt>
   <trkpt lat="49.649850" lon="3.119600">
    <ele>91.1</ele>
   </trkpt>
   <trkpt lat="49.649760" lon="3.119480">
    <ele>91.7</ele>
   </trkpt>
   <trkpt lat="49.649390" lon="3.119160">
    <ele>93.4</ele>
   </trkpt>
   <trkpt lat="49.649270" lon="3.119090">
    <ele>94.0</ele>
   </trkpt>
   <trkpt lat="49.649190" lon="3.119080">
    <ele>94.0</ele>
   </trkpt>
   <trkpt lat="49.649150" lon="3.119090">
    <ele>94.3</ele>
   </trkpt>
   <trkpt lat="49.649030" lon="3.119150">
    <ele>94.3</ele>
   </trkpt>
   <trkpt lat="49.648660" lon="3.119430">
    <ele>95.3</ele>
   </trkpt>
   <trkpt lat="49.648500" lon="3.119490">
    <ele>95.7</ele>
   </trkpt>
   <trkpt lat="49.648370" lon="3.119480">
    <ele>96.1</ele>
   </trkpt>
   <trkpt lat="49.648260" lon="3.119410">
    <ele>96.5</ele>
   </trkpt>
   <trkpt lat="49.648180" lon="3.119340">
    <ele>96.9</ele>
   </trkpt>
   <trkpt lat="49.648110" lon="3.119240">
    <ele>97.5</ele>
   </trkpt>
   <trkpt lat="49.648070" lon="3.119140">
    <ele>97.5</ele>
   </trkpt>
   <trkpt lat="49.647710" lon="3.119120">
    <ele>98.2</ele>
   </trkpt>
   <trkpt lat="49.647420" lon="3.119180">
    <ele>98.3</ele>
   </trkpt>
   <trkpt lat="49.647270" lon="3.119230">
    <ele>98.4</ele>
   </trkpt>
   <trkpt lat="49.646730" lon="3.119500">
    <ele>98.1</ele>
   </trkpt>
   <trkpt lat="49.646250" lon="3.119780">
    <ele>99.3</ele>
   </trkpt>
   <trkpt lat="49.645980" lon="3.118800">
    <ele>100.4</ele>
   </trkpt>
   <trkpt lat="49.645890" lon="3.118580">
    <ele>100.6</ele>
   </trkpt>
   <trkpt lat="49.645510" lon="3.117860">
    <ele>101.2</ele>
   </trkpt>
   <trkpt lat="49.645410" lon="3.117580">
    <ele>101.1</ele>
   </trkpt>
   <trkpt lat="49.645320" lon="3.117170">
    <ele>100.8</ele>
   </trkpt>
   <trkpt lat="49.645250" lon="3.117010">
    <ele>100.8</ele>
   </trkpt>
   <trkpt lat="49.645100" lon="3.116830">
    <ele>100.7</ele>
   </trkpt>
   <trkpt lat="49.644725" lon="3.116430">
    <ele>99.5</ele>
   </trkpt>
   <trkpt lat="49.644350" lon="3.116030">
    <ele>100.0</ele>
   </trkpt>
   <trkpt lat="49.644100" lon="3.115820">
    <ele>99.4</ele>
   </trkpt>
   <trkpt lat="49.643820" lon="3.115700">
    <ele>99.3</ele>
   </trkpt>
   <trkpt lat="49.643510" lon="3.115690">
    <ele>99.8</ele>
   </trkpt>
   <trkpt lat="49.643080" lon="3.115790">
    <ele>101.6</ele>
   </trkpt>
   <trkpt lat="49.642850" lon="3.115790">
    <ele>102.5</ele>
   </trkpt>
   <trkpt lat="49.642510" lon="3.115730">
    <ele>103.1</ele>
   </trkpt>
   <trkpt lat="49.642150" lon="3.115580">
    <ele>103.5</ele>
   </trkpt>
   <trkpt lat="49.641950" lon="3.115400">
    <ele>103.7</ele>
   </trkpt>
   <trkpt lat="49.641580" lon="3.114800">
    <ele>103.7</ele>
   </trkpt>
   <trkpt lat="49.641280" lon="3.114380">
    <ele>103.8</ele>
   </trkpt>
   <trkpt lat="49.640960" lon="3.114060">
    <ele>103.9</ele>
   </trkpt>
   <trkpt lat="49.640730" lon="3.113890">
    <ele>104.3</ele>
   </trkpt>
   <trkpt lat="49.640153" lon="3.113513">
    <ele>105.2</ele>
   </trkpt>
   <trkpt lat="49.639577" lon="3.113137">
    <ele>106.0</ele>
   </trkpt>
   <trkpt lat="49.639000" lon="3.112760">
    <ele>106.7</ele>
   </trkpt>
   <trkpt lat="49.638730" lon="3.112520">
    <ele>106.2</ele>
   </trkpt>
   <trkpt lat="49.638380" lon="3.112090">
    <ele>103.8</ele>
   </trkpt>
   <trkpt lat="49.638080" lon="3.111650">
    <ele>102.6</ele>
   </trkpt>
   <trkpt lat="49.637820" lon="3.111150">
    <ele>102.0</ele>
   </trkpt>
   <trkpt lat="49.637500" lon="3.110180">
    <ele>102.1</ele>
   </trkpt>
   <trkpt lat="49.637480" lon="3.109930">
    <ele>102.1</ele>
   </trkpt>
   <trkpt lat="49.637500" lon="3.109700">
    <ele>102.1</ele>
   </trkpt>
   <trkpt lat="49.637600" lon="3.109500">
    <ele>102.0</ele>
   </trkpt>
   <trkpt lat="49.638103" lon="3.108840">
    <ele>101.0</ele>
   </trkpt>
   <trkpt lat="49.638607" lon="3.108180">
    <ele>99.7</ele>
   </trkpt>
   <trkpt lat="49.639110" lon="3.107520">
    <ele>97.7</ele>
   </trkpt>
   <trkpt lat="49.639200" lon="3.107320">
    <ele>97.0</ele>
   </trkpt>
   <trkpt lat="49.639360" lon="3.106790">
    <ele>95.9</ele>
   </trkpt>
   <trkpt lat="49.639470" lon="3.106360">
    <ele>95.4</ele>
   </trkpt>
   <trkpt lat="49.639450" lon="3.106180">
    <ele>95.4</ele>
   </trkpt>
   <trkpt lat="49.639400" lon="3.106080">
    <ele>95.4</ele>
   </trkpt>
   <trkpt lat="49.639250" lon="3.105960">
    <ele>94.7</ele>
   </trkpt>
   <trkpt lat="49.638720" lon="3.105160">
    <ele>94.0</ele>
   </trkpt>
   <trkpt lat="49.638430" lon="3.104670">
    <ele>93.6</ele>
   </trkpt>
   <trkpt lat="49.638140" lon="3.104230">
    <ele>92.9</ele>
   </trkpt>
   <trkpt lat="49.637690" lon="3.103810">
    <ele>89.4</ele>
   </trkpt>
   <trkpt lat="49.637580" lon="3.103730">
    <ele>89.2</ele>
   </trkpt>
   <trkpt lat="49.637550" lon="3.103660">
    <ele>88.5</ele>
   </trkpt>
   <trkpt lat="49.637480" lon="3.102600">
    <ele>83.0</ele>
   </trkpt>
   <trkpt lat="49.637260" lon="3.101390">
    <ele>80.6</ele>
   </trkpt>
   <trkpt lat="49.637220" lon="3.100770">
    <ele>81.3</ele>
   </trkpt>
   <trkpt lat="49.637080" lon="3.100880">
    <ele>81.5</ele>
   </trkpt>
   <trkpt lat="49.636820" lon="3.100940">
    <ele>82.0</ele>
   </trkpt>
   <trkpt lat="49.636220" lon="3.100760">
    <ele>84.4</ele>
   </trkpt>
   <trkpt lat="49.636200" lon="3.100760">
    <ele>84.4</ele>
   </trkpt>
   <trkpt lat="49.635450" lon="3.100520">
    <ele>88.5</ele>
   </trkpt>
   <trkpt lat="49.634700" lon="3.100280">
    <ele>93.3</ele>
   </trkpt>
   <trkpt lat="49.633950" lon="3.100040">
    <ele>98.1</ele>
   </trkpt>
   <trkpt lat="49.633200" lon="3.099800">
    <ele>102.6</ele>
   </trkpt>
   <trkpt lat="49.632720" lon="3.099630">
    <ele>105.6</ele>
   </trkpt>
   <trkpt lat="49.632240" lon="3.099460">
    <ele>109.4</ele>
   </trkpt>
   <trkpt lat="49.631510" lon="3.099235">
    <ele>112.9</ele>
   </trkpt>
   <trkpt lat="49.630780" lon="3.099010">
    <ele>119.6</ele>
   </trkpt>
   <trkpt lat="49.630450" lon="3.098960">
    <ele>120.9</ele>
   </trkpt>
   <trkpt lat="49.630290" lon="3.098980">
    <ele>121.9</ele>
   </trkpt>
   <trkpt lat="49.630060" lon="3.099090">
    <ele>123.5</ele>
   </trkpt>
   <trkpt lat="49.629560" lon="3.099510">
    <ele>127.9</ele>
   </trkpt>
   <trkpt lat="49.629400" lon="3.099610">
    <ele>128.6</ele>
   </trkpt>
   <trkpt lat="49.629160" lon="3.099670">
    <ele>130.8</ele>
   </trkpt>
   <trkpt lat="49.628810" lon="3.099680">
    <ele>132.8</ele>
   </trkpt>
   <trkpt lat="49.628680" lon="3.099720">
    <ele>134.9</ele>
   </trkpt>
   <trkpt lat="49.628610" lon="3.099770">
    <ele>134.9</ele>
   </trkpt>
   <trkpt lat="49.628550" lon="3.099850">
    <ele>136.5</ele>
   </trkpt>
   <trkpt lat="49.628490" lon="3.100030">
    <ele>136.5</ele>
   </trkpt>
   <trkpt lat="49.628480" lon="3.100150">
    <ele>138.3</ele>
   </trkpt>
   <trkpt lat="49.628500" lon="3.100330">
    <ele>138.3</ele>
   </trkpt>
   <trkpt lat="49.628560" lon="3.100510">
    <ele>139.3</ele>
   </trkpt>
   <trkpt lat="49.628610" lon="3.100590">
    <ele>140.0</ele>
   </trkpt>
   <trkpt lat="49.628880" lon="3.100910">
    <ele>141.2</ele>
   </trkpt>
   <trkpt lat="49.629010" lon="3.101170">
    <ele>144.0</ele>
   </trkpt>
   <trkpt lat="49.629070" lon="3.101350">
    <ele>144.0</ele>
   </trkpt>
   <trkpt lat="49.629100" lon="3.101660">
    <ele>145.6</ele>
   </trkpt>
   <trkpt lat="49.629070" lon="3.101890">
    <ele>147.8</ele>
   </trkpt>
   <trkpt lat="49.629010" lon="3.102090">
    <ele>147.8</ele>
   </trkpt>
   <trkpt lat="49.628800" lon="3.102390">
    <ele>149.7</ele>
   </trkpt>
   <trkpt lat="49.628650" lon="3.102510">
    <ele>151.4</ele>
   </trkpt>
   <trkpt lat="49.628530" lon="3.102560">
    <ele>152.9</ele>
   </trkpt>
   <trkpt lat="49.628380" lon="3.102570">
    <ele>153.7</ele>
   </trkpt>
   <trkpt lat="49.628290" lon="3.102520">
    <ele>155.0</ele>
   </trkpt>
   <trkpt lat="49.628170" lon="3.102380">
    <ele>155.9</ele>
   </trkpt>
   <trkpt lat="49.627900" lon="3.101780">
    <ele>158.1</ele>
   </trkpt>
   <trkpt lat="49.627730" lon="3.101500">
    <ele>160.2</ele>
   </trkpt>
   <trkpt lat="49.627365" lon="3.100990">
    <ele>162.7</ele>
   </trkpt>
   <trkpt lat="49.627000" lon="3.100480">
    <ele>166.5</ele>
   </trkpt>
   <trkpt lat="49.626820" lon="3.100290">
    <ele>168.6</ele>
   </trkpt>
   <trkpt lat="49.626670" lon="3.100180">
    <ele>168.6</ele>
   </trkpt>
   <trkpt lat="49.626580" lon="3.100140">
    <ele>170.4</ele>
   </trkpt>
   <trkpt lat="49.626270" lon="3.100090">
    <ele>171.8</ele>
   </trkpt>
   <trkpt lat="49.625880" lon="3.100100">
    <ele>174.1</ele>
   </trkpt>
   <trkpt lat="49.625345" lon="3.100165">
    <ele>175.7</ele>
   </trkpt>
   <trkpt lat="49.624810" lon="3.100230">
    <ele>176.7</ele>
   </trkpt>
   <trkpt lat="49.624560" lon="3.100180">
    <ele>176.7</ele>
   </trkpt>
   <trkpt lat="49.624430" lon="3.100240">
    <ele>176.8</ele>
   </trkpt>
   <trkpt lat="49.624270" lon="3.100270">
    <ele>176.9</ele>
   </trkpt>
   <trkpt lat="49.623550" lon="3.100330">
    <ele>176.6</ele>
   </trkpt>
   <trkpt lat="49.623420" lon="3.100320">
    <ele>176.2</ele>
   </trkpt>
   <trkpt lat="49.623120" lon="3.100240">
    <ele>174.4</ele>
   </trkpt>
   <trkpt lat="49.622690" lon="3.100010">
    <ele>170.6</ele>
   </trkpt>
   <trkpt lat="49.621990" lon="3.099880">
    <ele>165.9</ele>
   </trkpt>
   <trkpt lat="49.621640" lon="3.099730">
    <ele>163.4</ele>
   </trkpt>
   <trkpt lat="49.621500" lon="3.099700">
    <ele>162.0</ele>
   </trkpt>
   <trkpt lat="49.621440" lon="3.099710">
    <ele>162.0</ele>
   </trkpt>
   <trkpt lat="49.621370" lon="3.099750">
    <ele>162.0</ele>
   </trkpt>
   <trkpt lat="49.621290" lon="3.099860">
    <ele>159.3</ele>
   </trkpt>
   <trkpt lat="49.621220" lon="3.100110">
    <ele>158.2</ele>
   </trkpt>
   <trkpt lat="49.621250" lon="3.100420">
    <ele>157.6</ele>
   </trkpt>
   <trkpt lat="49.621330" lon="3.100560">
    <ele>157.6</ele>
   </trkpt>
   <trkpt lat="49.621500" lon="3.100710">
    <ele>153.5</ele>
   </trkpt>
   <trkpt lat="49.621690" lon="3.100810">
    <ele>153.5</ele>
   </trkpt>
   <trkpt lat="49.621830" lon="3.100930">
    <ele>151.5</ele>
   </trkpt>
   <trkpt lat="49.621940" lon="3.101060">
    <ele>151.5</ele>
   </trkpt>
   <trkpt lat="49.622230" lon="3.101580">
    <ele>148.1</ele>
   </trkpt>
   <trkpt lat="49.622570" lon="3.102040">
    <ele>144.6</ele>
   </trkpt>
   <trkpt lat="49.622620" lon="3.102160">
    <ele>144.6</ele>
   </trkpt>
   <trkpt lat="49.622640" lon="3.102390">
    <ele>143.2</ele>
   </trkpt>
   <trkpt lat="49.622560" lon="3.102680">
    <ele>142.0</ele>
   </trkpt>
   <trkpt lat="49.622270" lon="3.103340">
    <ele>139.0</ele>
   </trkpt>
   <trkpt lat="49.622070" lon="3.103750">
    <ele>136.1</ele>
   </trkpt>
   <trkpt lat="49.621970" lon="3.103900">
    <ele>134.1</ele>
   </trkpt>
   <trkpt lat="49.621690" lon="3.104150">
    <ele>132.3</ele>
   </trkpt>
   <trkpt lat="49.621600" lon="3.104260">
    <ele>132.3</ele>
   </trkpt>
   <trkpt lat="49.621540" lon="3.104370">
    <ele>131.5</ele>
   </trkpt>
   <trkpt lat="49.621510" lon="3.104600">
    <ele>130.2</ele>
   </trkpt>
   <trkpt lat="49.621610" lon="3.105280">
    <ele>127.4</ele>
   </trkpt>
   <trkpt lat="49.621600" lon="3.105380">
    <ele>127.4</ele>
   </trkpt>
   <trkpt lat="49.621460" lon="3.105800">
    <ele>124.8</ele>
   </trkpt>
   <trkpt lat="49.621440" lon="3.105930">
    <ele>124.8</ele>
   </trkpt>
   <trkpt lat="49.621480" lon="3.106500">
    <ele>120.8</ele>
   </trkpt>
   <trkpt lat="49.621440" lon="3.106730">
    <ele>118.9</ele>
   </trkpt>
   <trkpt lat="49.621370" lon="3.106860">
    <ele>118.9</ele>
   </trkpt>
   <trkpt lat="49.621250" lon="3.107010">
    <ele>117.8</ele>
   </trkpt>
   <trkpt lat="49.620980" lon="3.107280">
    <ele>115.3</ele>
   </trkpt>
   <trkpt lat="49.620720" lon="3.107590">
    <ele>113.4</ele>
   </trkpt>
   <trkpt lat="49.620180" lon="3.108460">
    <ele>109.7</ele>
   </trkpt>
   <trkpt lat="49.619990" lon="3.108880">
    <ele>107.9</ele>
   </trkpt>
   <trkpt lat="49.619745" lon="3.109660">
    <ele>106.3</ele>
   </trkpt>
   <trkpt lat="49.619500" lon="3.110440">
    <ele>104.8</ele>
   </trkpt>
   <trkpt lat="49.619280" lon="3.110980">
    <ele>103.1</ele>
   </trkpt>
   <trkpt lat="49.619040" lon="3.111420">
    <ele>102.1</ele>
   </trkpt>
   <trkpt lat="49.618550" lon="3.112120">
    <ele>100.0</ele>
   </trkpt>
   <trkpt lat="49.618330" lon="3.112470">
    <ele>99.1</ele>
   </trkpt>
   <trkpt lat="49.618240" lon="3.112650">
    <ele>98.3</ele>
   </trkpt>
   <trkpt lat="49.618150" lon="3.112880">
    <ele>98.3</ele>
   </trkpt>
   <trkpt lat="49.617870" lon="3.113760">
    <ele>96.4</ele>
   </trkpt>
   <trkpt lat="49.617790" lon="3.113910">
    <ele>95.4</ele>
   </trkpt>
   <trkpt lat="49.617650" lon="3.114090">
    <ele>94.8</ele>
   </trkpt>
   <trkpt lat="49.617180" lon="3.114520">
    <ele>93.1</ele>
   </trkpt>
   <trkpt lat="49.616960" lon="3.114780">
    <ele>93.1</ele>
   </trkpt>
   <trkpt lat="49.616690" lon="3.115190">
    <ele>92.0</ele>
   </trkpt>
   <trkpt lat="49.616500" lon="3.115770">
    <ele>90.7</ele>
   </trkpt>
   <trkpt lat="49.616420" lon="3.115910">
    <ele>90.7</ele>
   </trkpt>
   <trkpt lat="49.615790" lon="3.116300">
    <ele>88.8</ele>
   </trkpt>
   <trkpt lat="49.615160" lon="3.116690">
    <ele>87.1</ele>
   </trkpt>
   <trkpt lat="49.614650" lon="3.116980">
    <ele>86.2</ele>
   </trkpt>
   <trkpt lat="49.614430" lon="3.117110">
    <ele>85.9</ele>
   </trkpt>
   <trkpt lat="49.613710" lon="3.117440">
    <ele>85.6</ele>
   </trkpt>
   <trkpt lat="49.613580" lon="3.117570">
    <ele>85.8</ele>
   </trkpt>
   <trkpt lat="49.613490" lon="3.117690">
    <ele>85.8</ele>
   </trkpt>
   <trkpt lat="49.613240" lon="3.118300">
    <ele>85.1</ele>
   </trkpt>
   <trkpt lat="49.613070" lon="3.118600">
    <ele>84.1</ele>
   </trkpt>
   <trkpt lat="49.612890" lon="3.118810">
    <ele>83.7</ele>
   </trkpt>
   <trkpt lat="49.612150" lon="3.119440">
    <ele>80.7</ele>
   </trkpt>
   <trkpt lat="49.612060" lon="3.120630">
    <ele>77.7</ele>
   </trkpt>
   <trkpt lat="49.611537" lon="3.121103">
    <ele>76.4</ele>
   </trkpt>
   <trkpt lat="49.611013" lon="3.121577">
    <ele>75.0</ele>
   </trkpt>
   <trkpt lat="49.610490" lon="3.122050">
    <ele>72.5</ele>
   </trkpt>
   <trkpt lat="49.610060" lon="3.122250">
    <ele>69.8</ele>
   </trkpt>
   <trkpt lat="49.609620" lon="3.122420">
    <ele>65.8</ele>
   </trkpt>
   <trkpt lat="49.609180" lon="3.122590">
    <ele>64.4</ele>
   </trkpt>
   <trkpt lat="49.608473" lon="3.122973">
    <ele>61.4</ele>
   </trkpt>
   <trkpt lat="49.607767" lon="3.123357">
    <ele>58.1</ele>
   </trkpt>
   <trkpt lat="49.607060" lon="3.123740">
    <ele>56.7</ele>
   </trkpt>
   <trkpt lat="49.606830" lon="3.123890">
    <ele>56.7</ele>
   </trkpt>
   <trkpt lat="49.606390" lon="3.124380">
    <ele>57.0</ele>
   </trkpt>
   <trkpt lat="49.606005" lon="3.124925">
    <ele>58.2</ele>
   </trkpt>
   <trkpt lat="49.605620" lon="3.125470">
    <ele>58.6</ele>
   </trkpt>
   <trkpt lat="49.605330" lon="3.125770">
    <ele>58.4</ele>
   </trkpt>
   <trkpt lat="49.604820" lon="3.126130">
    <ele>58.2</ele>
   </trkpt>
   <trkpt lat="49.604370" lon="3.126400">
    <ele>57.9</ele>
   </trkpt>
   <trkpt lat="49.603920" lon="3.126670">
    <ele>57.5</ele>
   </trkpt>
   <trkpt lat="49.603450" lon="3.126990">
    <ele>57.0</ele>
   </trkpt>
   <trkpt lat="49.602670" lon="3.127670">
    <ele>56.2</ele>
   </trkpt>
   <trkpt lat="49.602023" lon="3.128267">
    <ele>55.7</ele>
   </trkpt>
   <trkpt lat="49.601377" lon="3.128863">
    <ele>54.2</ele>
   </trkpt>
   <trkpt lat="49.600730" lon="3.129460">
    <ele>53.5</ele>
   </trkpt>
   <trkpt lat="49.600140" lon="3.129950">
    <ele>52.8</ele>
   </trkpt>
   <trkpt lat="49.599470" lon="3.130440">
    <ele>52.6</ele>
   </trkpt>
   <trkpt lat="49.599020" lon="3.130715">
    <ele>52.8</ele>
   </trkpt>
   <trkpt lat="49.598570" lon="3.130990">
    <ele>52.6</ele>
   </trkpt>
   <trkpt lat="49.598200" lon="3.131180">
    <ele>52.6</ele>
   </trkpt>
   <trkpt lat="49.597880" lon="3.131340">
    <ele>52.5</ele>
   </trkpt>
   <trkpt lat="49.597770" lon="3.131370">
    <ele>52.6</ele>
   </trkpt>
   <trkpt lat="49.597680" lon="3.131330">
    <ele>52.6</ele>
   </trkpt>
   <trkpt lat="49.597610" lon="3.131380">
    <ele>52.5</ele>
   </trkpt>
   <trkpt lat="49.597570" lon="3.131450">
    <ele>52.5</ele>
   </trkpt>
   <trkpt lat="49.597250" lon="3.131740">
    <ele>52.1</ele>
   </trkpt>
   <trkpt lat="49.596810" lon="3.131990">
    <ele>51.5</ele>
   </trkpt>
   <trkpt lat="49.596460" lon="3.132330">
    <ele>51.4</ele>
   </trkpt>
   <trkpt lat="49.595900" lon="3.133010">
    <ele>50.5</ele>
   </trkpt>
   <trkpt lat="49.595580" lon="3.133450">
    <ele>49.8</ele>
   </trkpt>
   <trkpt lat="49.595080" lon="3.134365">
    <ele>47.9</ele>
   </trkpt>
   <trkpt lat="49.594580" lon="3.135280">
    <ele>47.3</ele>
   </trkpt>
   <trkpt lat="49.594310" lon="3.135570">
    <ele>46.8</ele>
   </trkpt>
   <trkpt lat="49.593940" lon="3.135870">
    <ele>46.0</ele>
   </trkpt>
   <trkpt lat="49.593510" lon="3.136330">
    <ele>44.7</ele>
   </trkpt>
   <trkpt lat="49.593430" lon="3.136480">
    <ele>44.7</ele>
   </trkpt>
   <trkpt lat="49.593310" lon="3.136360">
    <ele>43.8</ele>
   </trkpt>
   <trkpt lat="49.592910" lon="3.136050">
    <ele>43.1</ele>
   </trkpt>
   <trkpt lat="49.592690" lon="3.135960">
    <ele>42.7</ele>
   </trkpt>
   <trkpt lat="49.592570" lon="3.136000">
    <ele>42.6</ele>
   </trkpt>
   <trkpt lat="49.592440" lon="3.136130">
    <ele>42.6</ele>
   </trkpt>
   <trkpt lat="49.592050" lon="3.136700">
    <ele>41.7</ele>
   </trkpt>
   <trkpt lat="49.591860" lon="3.136880">
    <ele>41.7</ele>
   </trkpt>
   <trkpt lat="49.591580" lon="3.137080">
    <ele>42.0</ele>
   </trkpt>
   <trkpt lat="49.591960" lon="3.138190">
    <ele>41.9</ele>
   </trkpt>
   <trkpt lat="49.592170" lon="3.138610">
    <ele>42.2</ele>
   </trkpt>
   <trkpt lat="49.592470" lon="3.139480">
    <ele>42.0</ele>
   </trkpt>
   <trkpt lat="49.592660" lon="3.139930">
    <ele>42.0</ele>
   </trkpt>
   <trkpt lat="49.593000" lon="3.140660">
    <ele>42.0</ele>
   </trkpt>
   <trkpt lat="49.593477" lon="3.141563">
    <ele>42.0</ele>
   </trkpt>
   <trkpt lat="49.593953" lon="3.142467">
    <ele>42.1</ele>
   </trkpt>
   <trkpt lat="49.594430" lon="3.143370">
    <ele>42.8</ele>
   </trkpt>
   <trkpt lat="49.594630" lon="3.143390">
    <ele>42.9</ele>
   </trkpt>
   <trkpt lat="49.594850" lon="3.143140">
    <ele>42.9</ele>
   </trkpt>
   <trkpt lat="49.595030" lon="3.143050">
    <ele>43.0</ele>
   </trkpt>
   <trkpt lat="49.595210" lon="3.143170">
    <ele>43.1</ele>
   </trkpt>
   <trkpt lat="49.595400" lon="3.143450">
    <ele>43.1</ele>
   </trkpt>
   <trkpt lat="49.595880" lon="3.144440">
    <ele>42.7</ele>
   </trkpt>
   <trkpt lat="49.596195" lon="3.145210">
    <ele>42.3</ele>
   </trkpt>
   <trkpt lat="49.596510" lon="3.145980">
    <ele>42.1</ele>
   </trkpt>
   <trkpt lat="49.596750" lon="3.146790">
    <ele>41.9</ele>
   </trkpt>
   <trkpt lat="49.596950" lon="3.147650">
    <ele>42.3</ele>
   </trkpt>
   <trkpt lat="49.597050" lon="3.147840">
    <ele>42.7</ele>
   </trkpt>
   <trkpt lat="49.597690" lon="3.147790">
    <ele>44.5</ele>
   </trkpt>
   <trkpt lat="49.597800" lon="3.147980">
    <ele>45.5</ele>
   </trkpt>
   <trkpt lat="49.597840" lon="3.148360">
    <ele>46.2</ele>
   </trkpt>
   <trkpt lat="49.597850" lon="3.148850">
    <ele>46.7</ele>
   </trkpt>
   <trkpt lat="49.597970" lon="3.149400">
    <ele>47.0</ele>
   </trkpt>
   <trkpt lat="49.598170" lon="3.149970">
    <ele>48.1</ele>
   </trkpt>
   <trkpt lat="49.598350" lon="3.150905">
    <ele>48.5</ele>
   </trkpt>
   <trkpt lat="49.598530" lon="3.151840">
    <ele>49.0</ele>
   </trkpt>
   <trkpt lat="49.598840" lon="3.152770">
    <ele>49.4</ele>
   </trkpt>
   <trkpt lat="49.598825" lon="3.153505">
    <ele>48.6</ele>
   </trkpt>
   <trkpt lat="49.598810" lon="3.154240">
    <ele>48.3</ele>
   </trkpt>
   <trkpt lat="49.598940" lon="3.155245">
    <ele>48.4</ele>
   </trkpt>
   <trkpt lat="49.599070" lon="3.156250">
    <ele>48.6</ele>
   </trkpt>
   <trkpt lat="49.599230" lon="3.157600">
    <ele>47.1</ele>
   </trkpt>
   <trkpt lat="49.599250" lon="3.158010">
    <ele>46.9</ele>
   </trkpt>
   <trkpt lat="49.599230" lon="3.158300">
    <ele>46.4</ele>
   </trkpt>
   <trkpt lat="49.599150" lon="3.159370">
    <ele>45.8</ele>
   </trkpt>
   <trkpt lat="49.599133" lon="3.160367">
    <ele>45.2</ele>
   </trkpt>
   <trkpt lat="49.599117" lon="3.161363">
    <ele>44.8</ele>
   </trkpt>
   <trkpt lat="49.599100" lon="3.162360">
    <ele>44.6</ele>
   </trkpt>
   <trkpt lat="49.599055" lon="3.163395">
    <ele>44.1</ele>
   </trkpt>
   <trkpt lat="49.599010" lon="3.164430">
    <ele>44.0</ele>
   </trkpt>
   <trkpt lat="49.598920" lon="3.165680">
    <ele>43.5</ele>
   </trkpt>
   <trkpt lat="49.598830" lon="3.166930">
    <ele>43.4</ele>
   </trkpt>
   <trkpt lat="49.598795" lon="3.168115">
    <ele>43.4</ele>
   </trkpt>
   <trkpt lat="49.598760" lon="3.169300">
    <ele>43.8</ele>
   </trkpt>
   <trkpt lat="49.598690" lon="3.170215">
    <ele>43.9</ele>
   </trkpt>
   <trkpt lat="49.598620" lon="3.171130">
    <ele>43.8</ele>
   </trkpt>
   <trkpt lat="49.598520" lon="3.172170">
    <ele>43.6</ele>
   </trkpt>
   <trkpt lat="49.598440" lon="3.172800">
    <ele>43.4</ele>
   </trkpt>
   <trkpt lat="49.598240" lon="3.173630">
    <ele>42.8</ele>
   </trkpt>
   <trkpt lat="49.598040" lon="3.174460">
    <ele>42.8</ele>
   </trkpt>
   <trkpt lat="49.598020" lon="3.174670">
    <ele>42.8</ele>
   </trkpt>
   <trkpt lat="49.598040" lon="3.174780">
    <ele>42.8</ele>
   </trkpt>
   <trkpt lat="49.598100" lon="3.174920">
    <ele>42.5</ele>
   </trkpt>
   <trkpt lat="49.598790" lon="3.175670">
    <ele>41.6</ele>
   </trkpt>
   <trkpt lat="49.598960" lon="3.175830">
    <ele>41.6</ele>
   </trkpt>
   <trkpt lat="49.599000" lon="3.175930">
    <ele>41.6</ele>
   </trkpt>
   <trkpt lat="49.598950" lon="3.176030">
    <ele>41.4</ele>
   </trkpt>
   <trkpt lat="49.598960" lon="3.176140">
    <ele>41.4</ele>
   </trkpt>
   <trkpt lat="49.599020" lon="3.176210">
    <ele>41.4</ele>
   </trkpt>
   <trkpt lat="49.599060" lon="3.176210">
    <ele>41.4</ele>
   </trkpt>
   <trkpt lat="49.599120" lon="3.176150">
    <ele>41.5</ele>
   </trkpt>
   <trkpt lat="49.599140" lon="3.176030">
    <ele>41.4</ele>
   </trkpt>
   <trkpt lat="49.599500" lon="3.175930">
    <ele>41.3</ele>
   </trkpt>
   <trkpt lat="49.599650" lon="3.175860">
    <ele>41.3</ele>
   </trkpt>
   <trkpt lat="49.600260" lon="3.175360">
    <ele>41.8</ele>
   </trkpt>
   <trkpt lat="49.600725" lon="3.174955">
    <ele>42.4</ele>
   </trkpt>
   <trkpt lat="49.601190" lon="3.174550">
    <ele>42.4</ele>
   </trkpt>
   <trkpt lat="49.601260" lon="3.174690">
    <ele>42.2</ele>
   </trkpt>
   <trkpt lat="49.601830" lon="3.175220">
    <ele>41.6</ele>
   </trkpt>
   <trkpt lat="49.602380" lon="3.175790">
    <ele>41.6</ele>
   </trkpt>
   <trkpt lat="49.602900" lon="3.176513">
    <ele>41.9</ele>
   </trkpt>
   <trkpt lat="49.603420" lon="3.177237">
    <ele>42.2</ele>
   </trkpt>
   <trkpt lat="49.603940" lon="3.177960">
    <ele>42.9</ele>
   </trkpt>
   <trkpt lat="49.604050" lon="3.178160">
    <ele>43.5</ele>
   </trkpt>
   <trkpt lat="49.604160" lon="3.178590">
    <ele>44.7</ele>
   </trkpt>
   <trkpt lat="49.604300" lon="3.179010">
    <ele>46.3</ele>
   </trkpt>
   <trkpt lat="49.604550" lon="3.179390">
    <ele>47.1</ele>
   </trkpt>
   <trkpt lat="49.604580" lon="3.179500">
    <ele>47.9</ele>
   </trkpt>
   <trkpt lat="49.604610" lon="3.179730">
    <ele>48.4</ele>
   </trkpt>
   <trkpt lat="49.604660" lon="3.180455">
    <ele>49.4</ele>
   </trkpt>
   <trkpt lat="49.604710" lon="3.181180">
    <ele>50.0</ele>
   </trkpt>
   <trkpt lat="49.604770" lon="3.181640">
    <ele>49.5</ele>
   </trkpt>
   <trkpt lat="49.604860" lon="3.182000">
    <ele>49.0</ele>
   </trkpt>
   <trkpt lat="49.605250" lon="3.183030">
    <ele>46.0</ele>
   </trkpt>
   <trkpt lat="49.605350" lon="3.183430">
    <ele>45.6</ele>
   </trkpt>
   <trkpt lat="49.605490" lon="3.184320">
    <ele>46.2</ele>
   </trkpt>
   <trkpt lat="49.605550" lon="3.185110">
    <ele>49.1</ele>
   </trkpt>
   <trkpt lat="49.605670" lon="3.185830">
    <ele>50.5</ele>
   </trkpt>
   <trkpt lat="49.605830" lon="3.186440">
    <ele>51.5</ele>
   </trkpt>
   <trkpt lat="49.606260" lon="3.187370">
    <ele>51.6</ele>
   </trkpt>
   <trkpt lat="49.606755" lon="3.188245">
    <ele>51.4</ele>
   </trkpt>
   <trkpt lat="49.607250" lon="3.189120">
    <ele>51.6</ele>
   </trkpt>
   <trkpt lat="49.607310" lon="3.189160">
    <ele>51.6</ele>
   </trkpt>
   <trkpt lat="49.607380" lon="3.189130">
    <ele>51.5</ele>
   </trkpt>
   <trkpt lat="49.608030" lon="3.188410">
    <ele>52.3</ele>
   </trkpt>
   <trkpt lat="49.608680" lon="3.187690">
    <ele>53.3</ele>
   </trkpt>
   <trkpt lat="49.609360" lon="3.186990">
    <ele>53.2</ele>
   </trkpt>
   <trkpt lat="49.609680" lon="3.186620">
    <ele>53.5</ele>
   </trkpt>
  </trkseg>
 </trk>
</gpx>
