<?xml version="1.0" encoding="UTF-8"?>
<!-- track-length = 137621 filtered ascend = 1128 plain-ascend = 93 cost=212530 energy=0.8kwh time=7h 49m 45s -->
<gpx
 xmlns="http://www.topografix.com/GPX/1/1"
 xmlns:xsi="http://www.w3.org/2001/XMLSchema-instance"
 xsi:schemaLocation="http://www.topografix.com/GPX/1/1 http://www.topografix.com/GPX/1/1/gpx.xsd"
 version="1.1"
 creator="bikerouter.de 2026.34">
 <trk>
  <name>Calais -&gt; Arras (137,6 km, 1 128 m)</name>
  <link href="https://bikerouter.de/#map=14/50.2963/2.7773/standard&amp;lonlats=1.8762,50.9596;1.882203,50.937999;1.884273,50.937127;1.887095,50.928324;1.8872,50.9272;1.884413,50.911705;1.9346,50.8965;1.9712,50.8609;2.0168,50.823;2.0254,50.7813;2.071,50.743;2.0911,50.7022;2.1363,50.6757;2.1216,50.632;2.1721,50.6255;2.2225,50.5984;2.2304,50.5564;2.254,50.5184;2.2623,50.4777;2.3364,50.4786;2.337427,50.453895;2.332835,50.449577;2.3704,50.4389;2.4358,50.4088;2.5418,50.3676;2.6046,50.3519;2.6779,50.3427;2.7192,50.3118;2.764134,50.295398;2.7778,50.2907&amp;profile=fastbike-verylowtraffic">
   <text>bikerouter.de</text>
  </link>
  <trkseg>
   <trkpt lat="50.959598" lon="1.876221"><ele>2.5</ele></trkpt>
   <trkpt lat="50.959351" lon="1.876199"><ele>3</ele></trkpt>
   <trkpt lat="50.958875" lon="1.876157"><ele>3.75</ele></trkpt>
   <trkpt lat="50.958756" lon="1.876113"><ele>3.75</ele></trkpt>
   <trkpt lat="50.958583" lon="1.875985"><ele>3</ele></trkpt>
   <trkpt lat="50.958128" lon="1.875594"><ele>3</ele></trkpt>
   <trkpt lat="50.958097" lon="1.87557"><ele>2.75</ele></trkpt>
   <trkpt lat="50.958065" lon="1.875552"><ele>2.75</ele></trkpt>
   <trkpt lat="50.958012" lon="1.875539"><ele>2.5</ele></trkpt>
   <trkpt lat="50.958005" lon="1.875444"><ele>2.75</ele></trkpt>
   <trkpt lat="50.958" lon="1.875389"><ele>2</ele></trkpt>
   <trkpt lat="50.957968" lon="1.875077"><ele>2.25</ele></trkpt>
   <trkpt lat="50.957965" lon="1.875032"><ele>2.75</ele></trkpt>
   <trkpt lat="50.957954" lon="1.874879"><ele>3</ele></trkpt>
   <trkpt lat="50.957812" lon="1.874888"><ele>3</ele></trkpt>
   <trkpt lat="50.957709" lon="1.874903"><ele>3</ele></trkpt>
   <trkpt lat="50.956739" lon="1.875146"><ele>3</ele></trkpt>
   <trkpt lat="50.956677" lon="1.875162"><ele>3</ele></trkpt>
   <trkpt lat="50.956212" lon="1.875282"><ele>2.75</ele></trkpt>
   <trkpt lat="50.955796" lon="1.875407"><ele>3</ele></trkpt>
   <trkpt lat="50.955713" lon="1.87543"><ele>3</ele></trkpt>
   <trkpt lat="50.95492" lon="1.875648"><ele>3</ele></trkpt>
   <trkpt lat="50.954829" lon="1.875674"><ele>3</ele></trkpt>
   <trkpt lat="50.954316" lon="1.875816"><ele>2.5</ele></trkpt>
   <trkpt lat="50.954168" lon="1.875857"><ele>2</ele></trkpt>
   <trkpt lat="50.953503" lon="1.876044"><ele>2</ele></trkpt>
   <trkpt lat="50.953401" lon="1.876072"><ele>2</ele></trkpt>
   <trkpt lat="50.952061" lon="1.876507"><ele>3</ele></trkpt>
   <trkpt lat="50.951903" lon="1.87656"><ele>3</ele></trkpt>
   <trkpt lat="50.95186" lon="1.876574"><ele>3</ele></trkpt>
   <trkpt lat="50.951775" lon="1.876601"><ele>3</ele></trkpt>
   <trkpt lat="50.951604" lon="1.876655"><ele>3</ele></trkpt>
   <trkpt lat="50.951663" lon="1.877144"><ele>3.25</ele></trkpt>
   <trkpt lat="50.951668" lon="1.877394"><ele>3.25</ele></trkpt>
   <trkpt lat="50.951546" lon="1.877433"><ele>3.25</ele></trkpt>
   <trkpt lat="50.950685" lon="1.877698"><ele>3.75</ele></trkpt>
   <trkpt lat="50.950261" lon="1.87783"><ele>3.5</ele></trkpt>
   <trkpt lat="50.947051" lon="1.878808"><ele>3.25</ele></trkpt>
   <trkpt lat="50.946352" lon="1.87903"><ele>3.25</ele></trkpt>
   <trkpt lat="50.946041" lon="1.879114"><ele>3.25</ele></trkpt>
   <trkpt lat="50.945923" lon="1.879144"><ele>3.75</ele></trkpt>
   <trkpt lat="50.945918" lon="1.879071"><ele>3</ele></trkpt>
   <trkpt lat="50.9459" lon="1.87872"><ele>3</ele></trkpt>
   <trkpt lat="50.945898" lon="1.878653"><ele>3.5</ele></trkpt>
   <trkpt lat="50.945897" lon="1.878626"><ele>3.75</ele></trkpt>
   <trkpt lat="50.945893" lon="1.87848"><ele>4</ele></trkpt>
   <trkpt lat="50.945766" lon="1.878529"><ele>4</ele></trkpt>
   <trkpt lat="50.945183" lon="1.87872"><ele>4</ele></trkpt>
   <trkpt lat="50.944993" lon="1.878734"><ele>4</ele></trkpt>
   <trkpt lat="50.944717" lon="1.878771"><ele>3.75</ele></trkpt>
   <trkpt lat="50.944097" lon="1.878805"><ele>4</ele></trkpt>
   <trkpt lat="50.943822" lon="1.878788"><ele>3.75</ele></trkpt>
   <trkpt lat="50.943511" lon="1.878799"><ele>3.5</ele></trkpt>
   <trkpt lat="50.943428" lon="1.878822"><ele>3.75</ele></trkpt>
   <trkpt lat="50.943052" lon="1.878829"><ele>3.5</ele></trkpt>
   <trkpt lat="50.942974" lon="1.878812"><ele>3.5</ele></trkpt>
   <trkpt lat="50.942626" lon="1.8787"><ele>3.5</ele></trkpt>
   <trkpt lat="50.941644" lon="1.878391"><ele>3</ele></trkpt>
   <trkpt lat="50.941329" lon="1.878286"><ele>3</ele></trkpt>
   <trkpt lat="50.941028" lon="1.878167"><ele>3.25</ele></trkpt>
   <trkpt lat="50.940561" lon="1.878013"><ele>3</ele></trkpt>
   <trkpt lat="50.94048" lon="1.878086"><ele>2.75</ele></trkpt>
   <trkpt lat="50.940415" lon="1.878062"><ele>2.75</ele></trkpt>
   <trkpt lat="50.940354" lon="1.878016"><ele>3</ele></trkpt>
   <trkpt lat="50.9403" lon="1.877928"><ele>3</ele></trkpt>
   <trkpt lat="50.940267" lon="1.877857"><ele>3</ele></trkpt>
   <trkpt lat="50.940261" lon="1.877787"><ele>3</ele></trkpt>
   <trkpt lat="50.940244" lon="1.877712"><ele>3</ele></trkpt>
   <trkpt lat="50.940217" lon="1.877645"><ele>3</ele></trkpt>
   <trkpt lat="50.940182" lon="1.877588"><ele>3</ele></trkpt>
   <trkpt lat="50.940117" lon="1.877528"><ele>3</ele></trkpt>
   <trkpt lat="50.940066" lon="1.877507"><ele>3</ele></trkpt>
   <trkpt lat="50.939988" lon="1.877407"><ele>3</ele></trkpt>
   <trkpt lat="50.939967" lon="1.877365"><ele>3</ele></trkpt>
   <trkpt lat="50.939895" lon="1.877394"><ele>3</ele></trkpt>
   <trkpt lat="50.939888" lon="1.877505"><ele>3</ele></trkpt>
   <trkpt lat="50.939868" lon="1.87761"><ele>3.25</ele></trkpt>
   <trkpt lat="50.939828" lon="1.877693"><ele>3.5</ele></trkpt>
   <trkpt lat="50.93981" lon="1.877756"><ele>3.75</ele></trkpt>
   <trkpt lat="50.939798" lon="1.877873"><ele>3.75</ele></trkpt>
   <trkpt lat="50.939803" lon="1.877951"><ele>3.5</ele></trkpt>
   <trkpt lat="50.939829" lon="1.878061"><ele>3.25</ele></trkpt>
   <trkpt lat="50.939858" lon="1.878125"><ele>3</ele></trkpt>
   <trkpt lat="50.939873" lon="1.87824"><ele>2.75</ele></trkpt>
   <trkpt lat="50.939877" lon="1.878328"><ele>2.5</ele></trkpt>
   <trkpt lat="50.93986" lon="1.878461"><ele>2.5</ele></trkpt>
   <trkpt lat="50.939821" lon="1.878608"><ele>2.75</ele></trkpt>
   <trkpt lat="50.939691" lon="1.87894"><ele>3</ele></trkpt>
   <trkpt lat="50.939496" lon="1.879345"><ele>3</ele></trkpt>
   <trkpt lat="50.939457" lon="1.879428"><ele>3</ele></trkpt>
   <trkpt lat="50.939224" lon="1.879916"><ele>3</ele></trkpt>
   <trkpt lat="50.939179" lon="1.880011"><ele>2.75</ele></trkpt>
   <trkpt lat="50.939115" lon="1.880146"><ele>3</ele></trkpt>
   <trkpt lat="50.938859" lon="1.880676"><ele>2.75</ele></trkpt>
   <trkpt lat="50.938841" lon="1.880715"><ele>2.75</ele></trkpt>
   <trkpt lat="50.938787" lon="1.88083"><ele>2.75</ele></trkpt>
   <trkpt lat="50.938714" lon="1.880991"><ele>2.75</ele></trkpt>
   <trkpt lat="50.938548" lon="1.881391"><ele>2.75</ele></trkpt>
   <trkpt lat="50.938331" lon="1.881845"><ele>3</ele></trkpt>
   <trkpt lat="50.938269" lon="1.881976"><ele>3</ele></trkpt>
   <trkpt lat="50.938083" lon="1.882364"><ele>2.75</ele></trkpt>
   <trkpt lat="50.938042" lon="1.882178"><ele>3</ele></trkpt>
   <trkpt lat="50.938083" lon="1.882364"><ele>2.75</ele></trkpt>
   <trkpt lat="50.937929" lon="1.882686"><ele>2.5</ele></trkpt>
   <trkpt lat="50.937888" lon="1.882771"><ele>2.5</ele></trkpt>
   <trkpt lat="50.937862" lon="1.882826"><ele>2.5</ele></trkpt>
   <trkpt lat="50.937832" lon="1.882888"><ele>2.75</ele></trkpt>
   <trkpt lat="50.937642" lon="1.883286"><ele>3</ele></trkpt>
   <trkpt lat="50.937572" lon="1.883433"><ele>2.75</ele></trkpt>
   <trkpt lat="50.937534" lon="1.883512"><ele>2.75</ele></trkpt>
   <trkpt lat="50.937498" lon="1.883586"><ele>3</ele></trkpt>
   <trkpt lat="50.937284" lon="1.884033"><ele>2.75</ele></trkpt>
   <trkpt lat="50.937148" lon="1.884319"><ele>3</ele></trkpt>
   <trkpt lat="50.937119" lon="1.884286"><ele>3</ele></trkpt>
   <trkpt lat="50.937148" lon="1.884319"><ele>3</ele></trkpt>
   <trkpt lat="50.93671" lon="1.88522"><ele>2.75</ele></trkpt>
   <trkpt lat="50.936674" lon="1.885293"><ele>2.75</ele></trkpt>
   <trkpt lat="50.9365" lon="1.885612"><ele>2.75</ele></trkpt>
   <trkpt lat="50.936355" lon="1.885911"><ele>3</ele></trkpt>
   <trkpt lat="50.936326" lon="1.885972"><ele>3</ele></trkpt>
   <trkpt lat="50.936254" lon="1.886124"><ele>3</ele></trkpt>
   <trkpt lat="50.936217" lon="1.886085"><ele>3</ele></trkpt>
   <trkpt lat="50.936163" lon="1.88606"><ele>3</ele></trkpt>
   <trkpt lat="50.936107" lon="1.886066"><ele>2.75</ele></trkpt>
   <trkpt lat="50.935993" lon="1.88611"><ele>2.75</ele></trkpt>
   <trkpt lat="50.935916" lon="1.886161"><ele>2.75</ele></trkpt>
   <trkpt lat="50.935713" lon="1.886245"><ele>2.25</ele></trkpt>
   <trkpt lat="50.934698" lon="1.886666"><ele>2</ele></trkpt>
   <trkpt lat="50.934026" lon="1.886958"><ele>1.75</ele></trkpt>
   <trkpt lat="50.933745" lon="1.887108"><ele>3</ele></trkpt>
   <trkpt lat="50.933623" lon="1.887164"><ele>3.5</ele></trkpt>
   <trkpt lat="50.933377" lon="1.887252"><ele>2.5</ele></trkpt>
   <trkpt lat="50.933149" lon="1.8873"><ele>2.25</ele></trkpt>
   <trkpt lat="50.932978" lon="1.887308"><ele>2</ele></trkpt>
   <trkpt lat="50.932849" lon="1.887279"><ele>2</ele></trkpt>
   <trkpt lat="50.93269" lon="1.887226"><ele>2</ele></trkpt>
   <trkpt lat="50.93263" lon="1.887201"><ele>2</ele></trkpt>
   <trkpt lat="50.932484" lon="1.887115"><ele>2</ele></trkpt>
   <trkpt lat="50.932268" lon="1.88669"><ele>2</ele></trkpt>
   <trkpt lat="50.932189" lon="1.886575"><ele>2</ele></trkpt>
   <trkpt lat="50.932124" lon="1.886516"><ele>2</ele></trkpt>
   <trkpt lat="50.932094" lon="1.886505"><ele>2</ele></trkpt>
   <trkpt lat="50.93206" lon="1.886505"><ele>2</ele></trkpt>
   <trkpt lat="50.932029" lon="1.886516"><ele>2</ele></trkpt>
   <trkpt lat="50.932002" lon="1.886538"><ele>2</ele></trkpt>
   <trkpt lat="50.931984" lon="1.886567"><ele>2</ele></trkpt>
   <trkpt lat="50.931967" lon="1.886622"><ele>2</ele></trkpt>
   <trkpt lat="50.931931" lon="1.886768"><ele>2</ele></trkpt>
   <trkpt lat="50.931824" lon="1.886701"><ele>2</ele></trkpt>
   <trkpt lat="50.931682" lon="1.886615"><ele>2</ele></trkpt>
   <trkpt lat="50.931519" lon="1.886535"><ele>2</ele></trkpt>
   <trkpt lat="50.931411" lon="1.886508"><ele>2</ele></trkpt>
   <trkpt lat="50.931343" lon="1.886506"><ele>2</ele></trkpt>
   <trkpt lat="50.931303" lon="1.886507"><ele>2</ele></trkpt>
   <trkpt lat="50.931073" lon="1.886516"><ele>2</ele></trkpt>
   <trkpt lat="50.930883" lon="1.88653"><ele>2</ele></trkpt>
   <trkpt lat="50.930813" lon="1.886536"><ele>2</ele></trkpt>
   <trkpt lat="50.930745" lon="1.886543"><ele>2</ele></trkpt>
   <trkpt lat="50.930238" lon="1.886589"><ele>2</ele></trkpt>
   <trkpt lat="50.930127" lon="1.886604"><ele>2</ele></trkpt>
   <trkpt lat="50.930063" lon="1.886613"><ele>2</ele></trkpt>
   <trkpt lat="50.92997" lon="1.886626"><ele>2</ele></trkpt>
   <trkpt lat="50.929781" lon="1.88666"><ele>2</ele></trkpt>
   <trkpt lat="50.92946" lon="1.886741"><ele>2</ele></trkpt>
   <trkpt lat="50.929356" lon="1.886773"><ele>2</ele></trkpt>
   <trkpt lat="50.929251" lon="1.886803"><ele>2</ele></trkpt>
   <trkpt lat="50.928973" lon="1.886884"><ele>2</ele></trkpt>
   <trkpt lat="50.92859" lon="1.886971"><ele>2</ele></trkpt>
   <trkpt lat="50.928512" lon="1.886989"><ele>2</ele></trkpt>
   <trkpt lat="50.928318" lon="1.887027"><ele>2</ele></trkpt>
   <trkpt lat="50.927965" lon="1.887098"><ele>2</ele></trkpt>
   <trkpt lat="50.927896" lon="1.887113"><ele>2</ele></trkpt>
   <trkpt lat="50.927242" lon="1.887243"><ele>2</ele></trkpt>
   <trkpt lat="50.927194" lon="1.887252"><ele>2</ele></trkpt>
   <trkpt lat="50.927189" lon="1.887201"><ele>2</ele></trkpt>
   <trkpt lat="50.927194" lon="1.887252"><ele>2</ele></trkpt>
   <trkpt lat="50.92714" lon="1.887259"><ele>2</ele></trkpt>
   <trkpt lat="50.92681" lon="1.887294"><ele>2</ele></trkpt>
   <trkpt lat="50.926162" lon="1.887322"><ele>3.75</ele></trkpt>
   <trkpt lat="50.926046" lon="1.887331"><ele>4</ele></trkpt>
   <trkpt lat="50.925952" lon="1.887339"><ele>4.5</ele></trkpt>
   <trkpt lat="50.925743" lon="1.887357"><ele>5.25</ele></trkpt>
   <trkpt lat="50.925661" lon="1.887344"><ele>5.5</ele></trkpt>
   <trkpt lat="50.925604" lon="1.887319"><ele>5.75</ele></trkpt>
   <trkpt lat="50.925535" lon="1.887266"><ele>6</ele></trkpt>
   <trkpt lat="50.925489" lon="1.88723"><ele>6</ele></trkpt>
   <trkpt lat="50.925467" lon="1.887228"><ele>6.25</ele></trkpt>
   <trkpt lat="50.92542" lon="1.88725"><ele>6.25</ele></trkpt>
   <trkpt lat="50.925369" lon="1.887329"><ele>6.5</ele></trkpt>
   <trkpt lat="50.925346" lon="1.887364"><ele>6.75</ele></trkpt>
   <trkpt lat="50.925192" lon="1.887604"><ele>7</ele></trkpt>
   <trkpt lat="50.92515" lon="1.88767"><ele>7</ele></trkpt>
   <trkpt lat="50.925101" lon="1.887742"><ele>7</ele></trkpt>
   <trkpt lat="50.925057" lon="1.887791"><ele>7</ele></trkpt>
   <trkpt lat="50.925026" lon="1.887812"><ele>6.75</ele></trkpt>
   <trkpt lat="50.924965" lon="1.887832"><ele>7</ele></trkpt>
   <trkpt lat="50.924889" lon="1.887835"><ele>7</ele></trkpt>
   <trkpt lat="50.92476" lon="1.887838"><ele>7</ele></trkpt>
   <trkpt lat="50.924499" lon="1.887865"><ele>7.25</ele></trkpt>
   <trkpt lat="50.924344" lon="1.887882"><ele>7.5</ele></trkpt>
   <trkpt lat="50.923316" lon="1.887989"><ele>8</ele></trkpt>
   <trkpt lat="50.923249" lon="1.887995"><ele>8</ele></trkpt>
   <trkpt lat="50.923215" lon="1.887999"><ele>8</ele></trkpt>
   <trkpt lat="50.923154" lon="1.888006"><ele>8</ele></trkpt>
   <trkpt lat="50.923097" lon="1.888012"><ele>8</ele></trkpt>
   <trkpt lat="50.922268" lon="1.888098"><ele>7</ele></trkpt>
   <trkpt lat="50.921482" lon="1.888177"><ele>6</ele></trkpt>
   <trkpt lat="50.921358" lon="1.888189"><ele>6</ele></trkpt>
   <trkpt lat="50.921322" lon="1.888194"><ele>6</ele></trkpt>
   <trkpt lat="50.921274" lon="1.888199"><ele>6</ele></trkpt>
   <trkpt lat="50.920904" lon="1.888239"><ele>5.5</ele></trkpt>
   <trkpt lat="50.920804" lon="1.88825"><ele>5.5</ele></trkpt>
   <trkpt lat="50.920224" lon="1.888307"><ele>5.75</ele></trkpt>
   <trkpt lat="50.91984" lon="1.888353"><ele>6</ele></trkpt>
   <trkpt lat="50.919333" lon="1.888415"><ele>6</ele></trkpt>
   <trkpt lat="50.919226" lon="1.888423"><ele>5.5</ele></trkpt>
   <trkpt lat="50.919184" lon="1.888414"><ele>5.25</ele></trkpt>
   <trkpt lat="50.919129" lon="1.888389"><ele>5</ele></trkpt>
   <trkpt lat="50.918847" lon="1.888234"><ele>5.25</ele></trkpt>
   <trkpt lat="50.91875" lon="1.888176"><ele>5.75</ele></trkpt>
   <trkpt lat="50.918287" lon="1.887879"><ele>4</ele></trkpt>
   <trkpt lat="50.918177" lon="1.88781"><ele>3.5</ele></trkpt>
   <trkpt lat="50.917958" lon="1.887669"><ele>3</ele></trkpt>
   <trkpt lat="50.917926" lon="1.887648"><ele>3</ele></trkpt>
   <trkpt lat="50.917616" lon="1.88745"><ele>2.25</ele></trkpt>
   <trkpt lat="50.91732" lon="1.887251"><ele>2</ele></trkpt>
   <trkpt lat="50.917079" lon="1.887071"><ele>2</ele></trkpt>
   <trkpt lat="50.916475" lon="1.886593"><ele>2.5</ele></trkpt>
   <trkpt lat="50.915919" lon="1.886115"><ele>2</ele></trkpt>
   <trkpt lat="50.91574" lon="1.885949"><ele>2</ele></trkpt>
   <trkpt lat="50.915449" lon="1.885668"><ele>2.25</ele></trkpt>
   <trkpt lat="50.915356" lon="1.885601"><ele>2</ele></trkpt>
   <trkpt lat="50.915222" lon="1.885534"><ele>2</ele></trkpt>
   <trkpt lat="50.911732" lon="1.884221"><ele>1.5</ele></trkpt>
   <trkpt lat="50.911384" lon="1.88409"><ele>1.5</ele></trkpt>
   <trkpt lat="50.911292" lon="1.884049"><ele>1.5</ele></trkpt>
   <trkpt lat="50.911216" lon="1.883996"><ele>1.5</ele></trkpt>
   <trkpt lat="50.911198" lon="1.884052"><ele>1.25</ele></trkpt>
   <trkpt lat="50.911167" lon="1.884163"><ele>1</ele></trkpt>
   <trkpt lat="50.910648" lon="1.886437"><ele>2</ele></trkpt>
   <trkpt lat="50.910436" lon="1.887337"><ele>2</ele></trkpt>
   <trkpt lat="50.909499" lon="1.891223"><ele>1.5</ele></trkpt>
   <trkpt lat="50.909012" lon="1.893205"><ele>1.5</ele></trkpt>
   <trkpt lat="50.907457" lon="1.899635"><ele>2</ele></trkpt>
   <trkpt lat="50.906312" lon="1.904443"><ele>2</ele></trkpt>
   <trkpt lat="50.905937" lon="1.905998"><ele>1.5</ele></trkpt>
   <trkpt lat="50.905786" lon="1.906624"><ele>2</ele></trkpt>
   <trkpt lat="50.905468" lon="1.907963"><ele>2</ele></trkpt>
   <trkpt lat="50.904356" lon="1.912645"><ele>1.5</ele></trkpt>
   <trkpt lat="50.90433" lon="1.912751"><ele>1.5</ele></trkpt>
   <trkpt lat="50.903916" lon="1.914498"><ele>2</ele></trkpt>
   <trkpt lat="50.903894" lon="1.914668"><ele>2</ele></trkpt>
   <trkpt lat="50.903765" lon="1.915025"><ele>1.25</ele></trkpt>
   <trkpt lat="50.903286" lon="1.916541"><ele>1</ele></trkpt>
   <trkpt lat="50.901657" lon="1.921351"><ele>2</ele></trkpt>
   <trkpt lat="50.900671" lon="1.92427"><ele>2</ele></trkpt>
   <trkpt lat="50.899909" lon="1.926431"><ele>2</ele></trkpt>
   <trkpt lat="50.899015" lon="1.929041"><ele>2</ele></trkpt>
   <trkpt lat="50.898443" lon="1.930736"><ele>2</ele></trkpt>
   <trkpt lat="50.898327" lon="1.930995"><ele>2</ele></trkpt>
   <trkpt lat="50.897934" lon="1.93219"><ele>1.75</ele></trkpt>
   <trkpt lat="50.897601" lon="1.933111"><ele>2</ele></trkpt>
   <trkpt lat="50.897403" lon="1.933749"><ele>2</ele></trkpt>
   <trkpt lat="50.896966" lon="1.935012"><ele>2</ele></trkpt>
   <trkpt lat="50.896741" lon="1.934836"><ele>2.25</ele></trkpt>
   <trkpt lat="50.896589" lon="1.934706"><ele>1.75</ele></trkpt>
   <trkpt lat="50.896492" lon="1.93462"><ele>1.5</ele></trkpt>
   <trkpt lat="50.89456" lon="1.93292"><ele>1.5</ele></trkpt>
   <trkpt lat="50.894245" lon="1.932652"><ele>1.5</ele></trkpt>
   <trkpt lat="50.893735" lon="1.932231"><ele>1.5</ele></trkpt>
   <trkpt lat="50.891885" lon="1.930735"><ele>2</ele></trkpt>
   <trkpt lat="50.891235" lon="1.930195"><ele>1.25</ele></trkpt>
   <trkpt lat="50.891128" lon="1.930107"><ele>1.5</ele></trkpt>
   <trkpt lat="50.891086" lon="1.93007"><ele>1.5</ele></trkpt>
   <trkpt lat="50.890966" lon="1.929961"><ele>1.5</ele></trkpt>
   <trkpt lat="50.890875" lon="1.929859"><ele>1.5</ele></trkpt>
   <trkpt lat="50.890804" lon="1.92976"><ele>1.75</ele></trkpt>
   <trkpt lat="50.890744" lon="1.929643"><ele>1.5</ele></trkpt>
   <trkpt lat="50.89066" lon="1.929418"><ele>1.25</ele></trkpt>
   <trkpt lat="50.890494" lon="1.928866"><ele>1.75</ele></trkpt>
   <trkpt lat="50.890384" lon="1.928617"><ele>1.75</ele></trkpt>
   <trkpt lat="50.890311" lon="1.928503"><ele>1.5</ele></trkpt>
   <trkpt lat="50.890181" lon="1.928347"><ele>1</ele></trkpt>
   <trkpt lat="50.890093" lon="1.928266"><ele>1</ele></trkpt>
   <trkpt lat="50.889996" lon="1.928191"><ele>1</ele></trkpt>
   <trkpt lat="50.886527" lon="1.925857"><ele>1</ele></trkpt>
   <trkpt lat="50.884382" lon="1.924397"><ele>1</ele></trkpt>
   <trkpt lat="50.883808" lon="1.924002"><ele>1</ele></trkpt>
   <trkpt lat="50.883065" lon="1.9269"><ele>1</ele></trkpt>
   <trkpt lat="50.881948" lon="1.931348"><ele>1</ele></trkpt>
   <trkpt lat="50.881551" lon="1.932973"><ele>1</ele></trkpt>
   <trkpt lat="50.88057" lon="1.936878"><ele>1</ele></trkpt>
   <trkpt lat="50.879663" lon="1.940517"><ele>1</ele></trkpt>
   <trkpt lat="50.87854" lon="1.941402"><ele>1</ele></trkpt>
   <trkpt lat="50.877387" lon="1.942268"><ele>1</ele></trkpt>
   <trkpt lat="50.875805" lon="1.94341"><ele>1</ele></trkpt>
   <trkpt lat="50.875636" lon="1.94355"><ele>1</ele></trkpt>
   <trkpt lat="50.875088" lon="1.944451"><ele>1</ele></trkpt>
   <trkpt lat="50.873273" lon="1.947316"><ele>1</ele></trkpt>
   <trkpt lat="50.873007" lon="1.949212"><ele>1</ele></trkpt>
   <trkpt lat="50.872909" lon="1.949096"><ele>1</ele></trkpt>
   <trkpt lat="50.872559" lon="1.951504"><ele>1</ele></trkpt>
   <trkpt lat="50.87231" lon="1.953351"><ele>1</ele></trkpt>
   <trkpt lat="50.872045" lon="1.955181"><ele>1</ele></trkpt>
   <trkpt lat="50.871924" lon="1.956034"><ele>1.5</ele></trkpt>
   <trkpt lat="50.871982" lon="1.956053"><ele>1.75</ele></trkpt>
   <trkpt lat="50.872051" lon="1.956061"><ele>1.75</ele></trkpt>
   <trkpt lat="50.872041" lon="1.95613"><ele>1.75</ele></trkpt>
   <trkpt lat="50.872011" lon="1.956233"><ele>1.5</ele></trkpt>
   <trkpt lat="50.87195" lon="1.956358"><ele>1</ele></trkpt>
   <trkpt lat="50.871444" lon="1.957238"><ele>1</ele></trkpt>
   <trkpt lat="50.86938" lon="1.960898"><ele>1.5</ele></trkpt>
   <trkpt lat="50.86922" lon="1.961169"><ele>1</ele></trkpt>
   <trkpt lat="50.869054" lon="1.961406"><ele>1</ele></trkpt>
   <trkpt lat="50.868963" lon="1.961515"><ele>1</ele></trkpt>
   <trkpt lat="50.867033" lon="1.963787"><ele>1.5</ele></trkpt>
   <trkpt lat="50.866261" lon="1.964685"><ele>2</ele></trkpt>
   <trkpt lat="50.865967" lon="1.965008"><ele>2.5</ele></trkpt>
   <trkpt lat="50.865675" lon="1.965318"><ele>2.25</ele></trkpt>
   <trkpt lat="50.865573" lon="1.965439"><ele>2.25</ele></trkpt>
   <trkpt lat="50.864449" lon="1.966877"><ele>2</ele></trkpt>
   <trkpt lat="50.864419" lon="1.966916"><ele>2</ele></trkpt>
   <trkpt lat="50.86421" lon="1.967181"><ele>2</ele></trkpt>
   <trkpt lat="50.863929" lon="1.967527"><ele>1.75</ele></trkpt>
   <trkpt lat="50.863531" lon="1.967964"><ele>2</ele></trkpt>
   <trkpt lat="50.863158" lon="1.968347"><ele>1.5</ele></trkpt>
   <trkpt lat="50.86256" lon="1.968933"><ele>1.5</ele></trkpt>
   <trkpt lat="50.862366" lon="1.969138"><ele>1.5</ele></trkpt>
   <trkpt lat="50.862175" lon="1.96938"><ele>1.25</ele></trkpt>
   <trkpt lat="50.86119" lon="1.970741"><ele>2</ele></trkpt>
   <trkpt lat="50.860876" lon="1.971155"><ele>2</ele></trkpt>
   <trkpt lat="50.860867" lon="1.971168"><ele>2</ele></trkpt>
   <trkpt lat="50.859021" lon="1.973344"><ele>1.5</ele></trkpt>
   <trkpt lat="50.858897" lon="1.973463"><ele>1.75</ele></trkpt>
   <trkpt lat="50.858819" lon="1.973523"><ele>2</ele></trkpt>
   <trkpt lat="50.858209" lon="1.973936"><ele>2.25</ele></trkpt>
   <trkpt lat="50.858146" lon="1.973969"><ele>2.25</ele></trkpt>
   <trkpt lat="50.858009" lon="1.974019"><ele>2.5</ele></trkpt>
   <trkpt lat="50.857926" lon="1.974041"><ele>2.25</ele></trkpt>
   <trkpt lat="50.857757" lon="1.974062"><ele>2.25</ele></trkpt>
   <trkpt lat="50.857165" lon="1.974087"><ele>3</ele></trkpt>
   <trkpt lat="50.857039" lon="1.974085"><ele>3</ele></trkpt>
   <trkpt lat="50.857015" lon="1.974085"><ele>3</ele></trkpt>
   <trkpt lat="50.856863" lon="1.974084"><ele>3</ele></trkpt>
   <trkpt lat="50.856757" lon="1.974087"><ele>3.25</ele></trkpt>
   <trkpt lat="50.856734" lon="1.974111"><ele>3.5</ele></trkpt>
   <trkpt lat="50.856723" lon="1.974141"><ele>3.5</ele></trkpt>
   <trkpt lat="50.856668" lon="1.974435"><ele>3.75</ele></trkpt>
   <trkpt lat="50.856642" lon="1.974489"><ele>4</ele></trkpt>
   <trkpt lat="50.856608" lon="1.974534"><ele>4</ele></trkpt>
   <trkpt lat="50.85654" lon="1.974604"><ele>4.25</ele></trkpt>
   <trkpt lat="50.856366" lon="1.974784"><ele>5</ele></trkpt>
   <trkpt lat="50.856272" lon="1.974878"><ele>5.25</ele></trkpt>
   <trkpt lat="50.856143" lon="1.975003"><ele>5.75</ele></trkpt>
   <trkpt lat="50.855553" lon="1.975619"><ele>9</ele></trkpt>
   <trkpt lat="50.855466" lon="1.975709"><ele>9.5</ele></trkpt>
   <trkpt lat="50.855144" lon="1.976048"><ele>11.25</ele></trkpt>
   <trkpt lat="50.855089" lon="1.976135"><ele>11.5</ele></trkpt>
   <trkpt lat="50.855068" lon="1.97618"><ele>11.75</ele></trkpt>
   <trkpt lat="50.855055" lon="1.976229"><ele>12</ele></trkpt>
   <trkpt lat="50.855046" lon="1.976284"><ele>12.25</ele></trkpt>
   <trkpt lat="50.855008" lon="1.976851"><ele>14.5</ele></trkpt>
   <trkpt lat="50.854989" lon="1.977093"><ele>15</ele></trkpt>
   <trkpt lat="50.854959" lon="1.977206"><ele>15.5</ele></trkpt>
   <trkpt lat="50.854672" lon="1.976983"><ele>17.25</ele></trkpt>
   <trkpt lat="50.854574" lon="1.976935"><ele>17.5</ele></trkpt>
   <trkpt lat="50.854482" lon="1.976926"><ele>17.75</ele></trkpt>
   <trkpt lat="50.85413" lon="1.976964"><ele>17</ele></trkpt>
   <trkpt lat="50.854056" lon="1.977002"><ele>17.25</ele></trkpt>
   <trkpt lat="50.853839" lon="1.977217"><ele>18</ele></trkpt>
   <trkpt lat="50.853728" lon="1.977304"><ele>18.75</ele></trkpt>
   <trkpt lat="50.853672" lon="1.977337"><ele>19</ele></trkpt>
   <trkpt lat="50.853635" lon="1.977348"><ele>19.25</ele></trkpt>
   <trkpt lat="50.853527" lon="1.97738"><ele>19.5</ele></trkpt>
   <trkpt lat="50.85335" lon="1.977391"><ele>19.5</ele></trkpt>
   <trkpt lat="50.853173" lon="1.977334"><ele>19.75</ele></trkpt>
   <trkpt lat="50.853052" lon="1.977288"><ele>20</ele></trkpt>
   <trkpt lat="50.852937" lon="1.977249"><ele>20</ele></trkpt>
   <trkpt lat="50.852878" lon="1.97722"><ele>19.75</ele></trkpt>
   <trkpt lat="50.852813" lon="1.977169"><ele>19.75</ele></trkpt>
   <trkpt lat="50.852552" lon="1.977734"><ele>21</ele></trkpt>
   <trkpt lat="50.852467" lon="1.977983"><ele>21.5</ele></trkpt>
   <trkpt lat="50.852431" lon="1.978078"><ele>21.75</ele></trkpt>
   <trkpt lat="50.852312" lon="1.978398"><ele>21.25</ele></trkpt>
   <trkpt lat="50.851636" lon="1.980254"><ele>19</ele></trkpt>
   <trkpt lat="50.851578" lon="1.980412"><ele>19</ele></trkpt>
   <trkpt lat="50.851493" lon="1.980337"><ele>19</ele></trkpt>
   <trkpt lat="50.850874" lon="1.97976"><ele>19</ele></trkpt>
   <trkpt lat="50.850793" lon="1.97968"><ele>18.75</ele></trkpt>
   <trkpt lat="50.850692" lon="1.979575"><ele>18.25</ele></trkpt>
   <trkpt lat="50.850547" lon="1.979418"><ele>18</ele></trkpt>
   <trkpt lat="50.85044" lon="1.979443"><ele>18</ele></trkpt>
   <trkpt lat="50.850373" lon="1.97944"><ele>18</ele></trkpt>
   <trkpt lat="50.849705" lon="1.979325"><ele>16.5</ele></trkpt>
   <trkpt lat="50.849363" lon="1.97928"><ele>16</ele></trkpt>
   <trkpt lat="50.849079" lon="1.979265"><ele>16</ele></trkpt>
   <trkpt lat="50.848301" lon="1.979443"><ele>16</ele></trkpt>
   <trkpt lat="50.847647" lon="1.979742"><ele>16</ele></trkpt>
   <trkpt lat="50.846801" lon="1.980438"><ele>17</ele></trkpt>
   <trkpt lat="50.846742" lon="1.980497"><ele>17</ele></trkpt>
   <trkpt lat="50.84611" lon="1.981128"><ele>18</ele></trkpt>
   <trkpt lat="50.845183" lon="1.982123"><ele>19</ele></trkpt>
   <trkpt lat="50.844647" lon="1.982614"><ele>19.5</ele></trkpt>
   <trkpt lat="50.844271" lon="1.982941"><ele>21</ele></trkpt>
   <trkpt lat="50.844092" lon="1.983094"><ele>21.25</ele></trkpt>
   <trkpt lat="50.8438" lon="1.983311"><ele>22.25</ele></trkpt>
   <trkpt lat="50.84336" lon="1.983689"><ele>23</ele></trkpt>
   <trkpt lat="50.843144" lon="1.983964"><ele>23</ele></trkpt>
   <trkpt lat="50.842382" lon="1.985279"><ele>23.25</ele></trkpt>
   <trkpt lat="50.842291" lon="1.985432"><ele>23.25</ele></trkpt>
   <trkpt lat="50.842228" lon="1.985523"><ele>23</ele></trkpt>
   <trkpt lat="50.84215" lon="1.985554"><ele>23.25</ele></trkpt>
   <trkpt lat="50.842103" lon="1.985557"><ele>23.25</ele></trkpt>
   <trkpt lat="50.841887" lon="1.985509"><ele>24</ele></trkpt>
   <trkpt lat="50.84181" lon="1.98551"><ele>24</ele></trkpt>
   <trkpt lat="50.841708" lon="1.985514"><ele>24</ele></trkpt>
   <trkpt lat="50.841367" lon="1.985676"><ele>23.5</ele></trkpt>
   <trkpt lat="50.841143" lon="1.985784"><ele>23</ele></trkpt>
   <trkpt lat="50.840278" lon="1.986023"><ele>24</ele></trkpt>
   <trkpt lat="50.839704" lon="1.986151"><ele>24</ele></trkpt>
   <trkpt lat="50.839372" lon="1.986353"><ele>24.25</ele></trkpt>
   <trkpt lat="50.839136" lon="1.986551"><ele>24.25</ele></trkpt>
   <trkpt lat="50.838588" lon="1.987089"><ele>26</ele></trkpt>
   <trkpt lat="50.838122" lon="1.987656"><ele>26.75</ele></trkpt>
   <trkpt lat="50.837998" lon="1.987795"><ele>27</ele></trkpt>
   <trkpt lat="50.837522" lon="1.988281"><ele>28</ele></trkpt>
   <trkpt lat="50.836487" lon="1.989364"><ele>28.5</ele></trkpt>
   <trkpt lat="50.835876" lon="1.990223"><ele>28</ele></trkpt>
   <trkpt lat="50.835351" lon="1.990982"><ele>26</ele></trkpt>
   <trkpt lat="50.833896" lon="1.992942"><ele>25</ele></trkpt>
   <trkpt lat="50.833552" lon="1.993415"><ele>24</ele></trkpt>
   <trkpt lat="50.833283" lon="1.993727"><ele>24.75</ele></trkpt>
   <trkpt lat="50.833003" lon="1.993931"><ele>25</ele></trkpt>
   <trkpt lat="50.832346" lon="1.99426"><ele>25.5</ele></trkpt>
   <trkpt lat="50.831829" lon="1.994498"><ele>27.25</ele></trkpt>
   <trkpt lat="50.831647" lon="1.994604"><ele>28</ele></trkpt>
   <trkpt lat="50.831555" lon="1.994663"><ele>28.25</ele></trkpt>
   <trkpt lat="50.831153" lon="1.995022"><ele>30.75</ele></trkpt>
   <trkpt lat="50.829626" lon="1.996428"><ele>36.25</ele></trkpt>
   <trkpt lat="50.828733" lon="1.998606"><ele>33.25</ele></trkpt>
   <trkpt lat="50.82858" lon="1.998882"><ele>32</ele></trkpt>
   <trkpt lat="50.828405" lon="1.999108"><ele>31.5</ele></trkpt>
   <trkpt lat="50.828132" lon="1.999474"><ele>30.75</ele></trkpt>
   <trkpt lat="50.827888" lon="1.999918"><ele>30.75</ele></trkpt>
   <trkpt lat="50.827249" lon="2.001246"><ele>29.5</ele></trkpt>
   <trkpt lat="50.827049" lon="2.00169"><ele>29.5</ele></trkpt>
   <trkpt lat="50.82698" lon="2.001884"><ele>29.75</ele></trkpt>
   <trkpt lat="50.826869" lon="2.002167"><ele>30.25</ele></trkpt>
   <trkpt lat="50.826209" lon="2.003756"><ele>32.25</ele></trkpt>
   <trkpt lat="50.825876" lon="2.004613"><ele>33.75</ele></trkpt>
   <trkpt lat="50.825862" lon="2.004751"><ele>33.75</ele></trkpt>
   <trkpt lat="50.825846" lon="2.004752"><ele>33.75</ele></trkpt>
   <trkpt lat="50.82582" lon="2.004777"><ele>34</ele></trkpt>
   <trkpt lat="50.825808" lon="2.004823"><ele>34</ele></trkpt>
   <trkpt lat="50.825817" lon="2.004871"><ele>34</ele></trkpt>
   <trkpt lat="50.825784" lon="2.0049"><ele>34.25</ele></trkpt>
   <trkpt lat="50.825745" lon="2.00495"><ele>34.5</ele></trkpt>
   <trkpt lat="50.825567" lon="2.005354"><ele>34.5</ele></trkpt>
   <trkpt lat="50.824709" lon="2.00745"><ele>40</ele></trkpt>
   <trkpt lat="50.824678" lon="2.007532"><ele>40.5</ele></trkpt>
   <trkpt lat="50.82454" lon="2.007826"><ele>41.5</ele></trkpt>
   <trkpt lat="50.824474" lon="2.007974"><ele>41.75</ele></trkpt>
   <trkpt lat="50.824302" lon="2.008403"><ele>43.25</ele></trkpt>
   <trkpt lat="50.824072" lon="2.008892"><ele>41.75</ele></trkpt>
   <trkpt lat="50.824003" lon="2.009031"><ele>41.25</ele></trkpt>
   <trkpt lat="50.823872" lon="2.009325"><ele>41</ele></trkpt>
   <trkpt lat="50.823784" lon="2.009622"><ele>40.75</ele></trkpt>
   <trkpt lat="50.823674" lon="2.010524"><ele>42.25</ele></trkpt>
   <trkpt lat="50.823583" lon="2.01149"><ele>44.25</ele></trkpt>
   <trkpt lat="50.823516" lon="2.011982"><ele>43.5</ele></trkpt>
   <trkpt lat="50.823426" lon="2.012505"><ele>43.5</ele></trkpt>
   <trkpt lat="50.823289" lon="2.0135"><ele>42</ele></trkpt>
   <trkpt lat="50.823086" lon="2.016"><ele>39</ele></trkpt>
   <trkpt lat="50.823053" lon="2.016412"><ele>39</ele></trkpt>
   <trkpt lat="50.823021" lon="2.016804"><ele>39.5</ele></trkpt>
   <trkpt lat="50.823019" lon="2.016834"><ele>39.5</ele></trkpt>
   <trkpt lat="50.822425" lon="2.016957"><ele>43.75</ele></trkpt>
   <trkpt lat="50.822209" lon="2.016914"><ele>46</ele></trkpt>
   <trkpt lat="50.821395" lon="2.01607"><ele>50.75</ele></trkpt>
   <trkpt lat="50.821222" lon="2.015944"><ele>52</ele></trkpt>
   <trkpt lat="50.821039" lon="2.01601"><ele>53.25</ele></trkpt>
   <trkpt lat="50.820949" lon="2.016082"><ele>54</ele></trkpt>
   <trkpt lat="50.820715" lon="2.016361"><ele>57.25</ele></trkpt>
   <trkpt lat="50.820527" lon="2.016551"><ele>59.25</ele></trkpt>
   <trkpt lat="50.820329" lon="2.016719"><ele>61</ele></trkpt>
   <trkpt lat="50.820241" lon="2.016776"><ele>61.25</ele></trkpt>
   <trkpt lat="50.820142" lon="2.016818"><ele>61.75</ele></trkpt>
   <trkpt lat="50.820032" lon="2.016848"><ele>61.75</ele></trkpt>
   <trkpt lat="50.819918" lon="2.016867"><ele>62.5</ele></trkpt>
   <trkpt lat="50.819619" lon="2.016878"><ele>62.25</ele></trkpt>
   <trkpt lat="50.819385" lon="2.016888"><ele>61</ele></trkpt>
   <trkpt lat="50.819069" lon="2.016914"><ele>66</ele></trkpt>
   <trkpt lat="50.818976" lon="2.016911"><ele>66</ele></trkpt>
   <trkpt lat="50.818874" lon="2.016895"><ele>66</ele></trkpt>
   <trkpt lat="50.81878" lon="2.016867"><ele>66.25</ele></trkpt>
   <trkpt lat="50.818633" lon="2.016798"><ele>66.5</ele></trkpt>
   <trkpt lat="50.818223" lon="2.01646"><ele>68</ele></trkpt>
   <trkpt lat="50.81777" lon="2.016113"><ele>68.75</ele></trkpt>
   <trkpt lat="50.817488" lon="2.015995"><ele>69.25</ele></trkpt>
   <trkpt lat="50.817194" lon="2.016032"><ele>70</ele></trkpt>
   <trkpt lat="50.816428" lon="2.016207"><ele>69.5</ele></trkpt>
   <trkpt lat="50.815616" lon="2.016382"><ele>68</ele></trkpt>
   <trkpt lat="50.815361" lon="2.016463"><ele>68.5</ele></trkpt>
   <trkpt lat="50.815182" lon="2.016602"><ele>69.25</ele></trkpt>
   <trkpt lat="50.815045" lon="2.016731"><ele>69.75</ele></trkpt>
   <trkpt lat="50.81421" lon="2.017578"><ele>73.25</ele></trkpt>
   <trkpt lat="50.811955" lon="2.019817"><ele>96</ele></trkpt>
   <trkpt lat="50.811735" lon="2.020104"><ele>99</ele></trkpt>
   <trkpt lat="50.81146" lon="2.020684"><ele>104.25</ele></trkpt>
   <trkpt lat="50.811049" lon="2.021601"><ele>106.75</ele></trkpt>
   <trkpt lat="50.811017" lon="2.021637"><ele>106.75</ele></trkpt>
   <trkpt lat="50.810955" lon="2.021706"><ele>107</ele></trkpt>
   <trkpt lat="50.810867" lon="2.021833"><ele>107.25</ele></trkpt>
   <trkpt lat="50.810771" lon="2.021912"><ele>107.25</ele></trkpt>
   <trkpt lat="50.810325" lon="2.022191"><ele>107.25</ele></trkpt>
   <trkpt lat="50.809455" lon="2.022788"><ele>98</ele></trkpt>
   <trkpt lat="50.809067" lon="2.0231"><ele>92.5</ele></trkpt>
   <trkpt lat="50.808486" lon="2.023606"><ele>84</ele></trkpt>
   <trkpt lat="50.807982" lon="2.023975"><ele>78.5</ele></trkpt>
   <trkpt lat="50.807345" lon="2.024261"><ele>73.25</ele></trkpt>
   <trkpt lat="50.80716" lon="2.024384"><ele>70.75</ele></trkpt>
   <trkpt lat="50.806888" lon="2.024602"><ele>67.75</ele></trkpt>
   <trkpt lat="50.806709" lon="2.024872"><ele>66.5</ele></trkpt>
   <trkpt lat="50.806153" lon="2.025848"><ele>59.25</ele></trkpt>
   <trkpt lat="50.805876" lon="2.026373"><ele>57</ele></trkpt>
   <trkpt lat="50.80567" lon="2.026707"><ele>54.25</ele></trkpt>
   <trkpt lat="50.805498" lon="2.026912"><ele>53.25</ele></trkpt>
   <trkpt lat="50.805286" lon="2.027083"><ele>52.5</ele></trkpt>
   <trkpt lat="50.803617" lon="2.028166"><ele>41.25</ele></trkpt>
   <trkpt lat="50.803297" lon="2.028424"><ele>39.5</ele></trkpt>
   <trkpt lat="50.803041" lon="2.028648"><ele>37.75</ele></trkpt>
   <trkpt lat="50.802838" lon="2.028872"><ele>37</ele></trkpt>
   <trkpt lat="50.80267" lon="2.028914"><ele>36</ele></trkpt>
   <trkpt lat="50.802364" lon="2.028852"><ele>34.5</ele></trkpt>
   <trkpt lat="50.801447" lon="2.029414"><ele>31</ele></trkpt>
   <trkpt lat="50.801072" lon="2.029556"><ele>31</ele></trkpt>
   <trkpt lat="50.800639" lon="2.029675"><ele>31.5</ele></trkpt>
   <trkpt lat="50.800473" lon="2.029723"><ele>32</ele></trkpt>
   <trkpt lat="50.800379" lon="2.029755"><ele>32</ele></trkpt>
   <trkpt lat="50.800149" lon="2.029826"><ele>32</ele></trkpt>
   <trkpt lat="50.800007" lon="2.029888"><ele>32</ele></trkpt>
   <trkpt lat="50.799942" lon="2.029994"><ele>32</ele></trkpt>
   <trkpt lat="50.799927" lon="2.030239"><ele>32.75</ele></trkpt>
   <trkpt lat="50.799938" lon="2.030311"><ele>32.75</ele></trkpt>
   <trkpt lat="50.799975" lon="2.030572"><ele>32</ele></trkpt>
   <trkpt lat="50.799991" lon="2.030829"><ele>33</ele></trkpt>
   <trkpt lat="50.799939" lon="2.0311"><ele>33</ele></trkpt>
   <trkpt lat="50.799894" lon="2.03122"><ele>33.25</ele></trkpt>
   <trkpt lat="50.799798" lon="2.031334"><ele>33.5</ele></trkpt>
   <trkpt lat="50.799527" lon="2.031645"><ele>35.5</ele></trkpt>
   <trkpt lat="50.799229" lon="2.031956"><ele>37.5</ele></trkpt>
   <trkpt lat="50.798812" lon="2.032338"><ele>40</ele></trkpt>
   <trkpt lat="50.798366" lon="2.032616"><ele>41.75</ele></trkpt>
   <trkpt lat="50.798328" lon="2.03264"><ele>42</ele></trkpt>
   <trkpt lat="50.798137" lon="2.032127"><ele>44</ele></trkpt>
   <trkpt lat="50.79771" lon="2.030797"><ele>47.25</ele></trkpt>
   <trkpt lat="50.797273" lon="2.029457"><ele>49.75</ele></trkpt>
   <trkpt lat="50.796855" lon="2.027364"><ele>50.5</ele></trkpt>
   <trkpt lat="50.796774" lon="2.02696"><ele>51</ele></trkpt>
   <trkpt lat="50.796396" lon="2.024954"><ele>49.75</ele></trkpt>
   <trkpt lat="50.796282" lon="2.024508"><ele>49.25</ele></trkpt>
   <trkpt lat="50.795755" lon="2.023415"><ele>41.5</ele></trkpt>
   <trkpt lat="50.795289" lon="2.022258"><ele>41.75</ele></trkpt>
   <trkpt lat="50.794941" lon="2.021184"><ele>43</ele></trkpt>
   <trkpt lat="50.794659" lon="2.020109"><ele>43.25</ele></trkpt>
   <trkpt lat="50.794598" lon="2.019875"><ele>43.75</ele></trkpt>
   <trkpt lat="50.794475" lon="2.019993"><ele>43.75</ele></trkpt>
   <trkpt lat="50.793526" lon="2.020176"><ele>48.5</ele></trkpt>
   <trkpt lat="50.793261" lon="2.020283"><ele>49.25</ele></trkpt>
   <trkpt lat="50.793058" lon="2.020401"><ele>49.75</ele></trkpt>
   <trkpt lat="50.791783" lon="2.021774"><ele>53</ele></trkpt>
   <trkpt lat="50.790969" lon="2.02274"><ele>54.5</ele></trkpt>
   <trkpt lat="50.790643" lon="2.023094"><ele>55</ele></trkpt>
   <trkpt lat="50.790379" lon="2.023319"><ele>55.25</ele></trkpt>
   <trkpt lat="50.790053" lon="2.023523"><ele>55.25</ele></trkpt>
   <trkpt lat="50.789138" lon="2.024113"><ele>54.25</ele></trkpt>
   <trkpt lat="50.787734" lon="2.024971"><ele>55.5</ele></trkpt>
   <trkpt lat="50.787069" lon="2.025336"><ele>56.75</ele></trkpt>
   <trkpt lat="50.78656" lon="2.025594"><ele>57</ele></trkpt>
   <trkpt lat="50.786194" lon="2.025712"><ele>58.25</ele></trkpt>
   <trkpt lat="50.785828" lon="2.025873"><ele>59</ele></trkpt>
   <trkpt lat="50.785516" lon="2.026098"><ele>60</ele></trkpt>
   <trkpt lat="50.785332" lon="2.026334"><ele>60.5</ele></trkpt>
   <trkpt lat="50.784378" lon="2.027711"><ele>62</ele></trkpt>
   <trkpt lat="50.784208" lon="2.02784"><ele>63</ele></trkpt>
   <trkpt lat="50.783056" lon="2.026909"><ele>63.75</ele></trkpt>
   <trkpt lat="50.782511" lon="2.026506"><ele>64.75</ele></trkpt>
   <trkpt lat="50.782266" lon="2.026227"><ele>65.25</ele></trkpt>
   <trkpt lat="50.781815" lon="2.025642"><ele>66.75</ele></trkpt>
   <trkpt lat="50.781588" lon="2.025336"><ele>67.25</ele></trkpt>
   <trkpt lat="50.781449" lon="2.025105"><ele>67.75</ele></trkpt>
   <trkpt lat="50.781382" lon="2.02504"><ele>68</ele></trkpt>
   <trkpt lat="50.781257" lon="2.025359"><ele>67.75</ele></trkpt>
   <trkpt lat="50.780961" lon="2.026122"><ele>67.75</ele></trkpt>
   <trkpt lat="50.780698" lon="2.026575"><ele>68</ele></trkpt>
   <trkpt lat="50.780456" lon="2.026896"><ele>68</ele></trkpt>
   <trkpt lat="50.779828" lon="2.027527"><ele>68.5</ele></trkpt>
   <trkpt lat="50.779388" lon="2.028006"><ele>69.75</ele></trkpt>
   <trkpt lat="50.778135" lon="2.029424"><ele>75.5</ele></trkpt>
   <trkpt lat="50.777879" lon="2.029686"><ele>76.5</ele></trkpt>
   <trkpt lat="50.777402" lon="2.030035"><ele>80.5</ele></trkpt>
   <trkpt lat="50.776752" lon="2.030523"><ele>85.5</ele></trkpt>
   <trkpt lat="50.776067" lon="2.031335"><ele>90.25</ele></trkpt>
   <trkpt lat="50.774414" lon="2.03319"><ele>100.5</ele></trkpt>
   <trkpt lat="50.774239" lon="2.03344"><ele>101.25</ele></trkpt>
   <trkpt lat="50.773577" lon="2.03417"><ele>103</ele></trkpt>
   <trkpt lat="50.773426" lon="2.034256"><ele>104</ele></trkpt>
   <trkpt lat="50.773019" lon="2.034552"><ele>105.75</ele></trkpt>
   <trkpt lat="50.772522" lon="2.035017"><ele>107.5</ele></trkpt>
   <trkpt lat="50.771996" lon="2.035816"><ele>108.75</ele></trkpt>
   <trkpt lat="50.771776" lon="2.036112"><ele>110</ele></trkpt>
   <trkpt lat="50.77116" lon="2.036285"><ele>113</ele></trkpt>
   <trkpt lat="50.770827" lon="2.036534"><ele>114.5</ele></trkpt>
   <trkpt lat="50.770201" lon="2.037196"><ele>117.5</ele></trkpt>
   <trkpt lat="50.769263" lon="2.038488"><ele>124.25</ele></trkpt>
   <trkpt lat="50.768879" lon="2.038757"><ele>126</ele></trkpt>
   <trkpt lat="50.768546" lon="2.038876"><ele>128.5</ele></trkpt>
   <trkpt lat="50.768184" lon="2.038813"><ele>130.75</ele></trkpt>
   <trkpt lat="50.766884" lon="2.038589"><ele>138.25</ele></trkpt>
   <trkpt lat="50.765685" lon="2.038582"><ele>144.25</ele></trkpt>
   <trkpt lat="50.763726" lon="2.039396"><ele>152.75</ele></trkpt>
   <trkpt lat="50.763114" lon="2.039516"><ele>155.75</ele></trkpt>
   <trkpt lat="50.762876" lon="2.039609"><ele>156.75</ele></trkpt>
   <trkpt lat="50.761438" lon="2.039928"><ele>162.75</ele></trkpt>
   <trkpt lat="50.760452" lon="2.039451"><ele>167.25</ele></trkpt>
   <trkpt lat="50.759975" lon="2.039183"><ele>169</ele></trkpt>
   <trkpt lat="50.759109" lon="2.038558"><ele>172</ele></trkpt>
   <trkpt lat="50.758748" lon="2.03846"><ele>173.5</ele></trkpt>
   <trkpt lat="50.758401" lon="2.038488"><ele>175.5</ele></trkpt>
   <trkpt lat="50.758152" lon="2.038596"><ele>176.5</ele></trkpt>
   <trkpt lat="50.757483" lon="2.039124"><ele>178</ele></trkpt>
   <trkpt lat="50.757231" lon="2.039342"><ele>177.25</ele></trkpt>
   <trkpt lat="50.756941" lon="2.039592"><ele>177.25</ele></trkpt>
   <trkpt lat="50.756609" lon="2.040012"><ele>176</ele></trkpt>
   <trkpt lat="50.756411" lon="2.04034"><ele>175.5</ele></trkpt>
   <trkpt lat="50.75618" lon="2.040861"><ele>176.25</ele></trkpt>
   <trkpt lat="50.755905" lon="2.041569"><ele>177.25</ele></trkpt>
   <trkpt lat="50.755192" lon="2.043586"><ele>179.25</ele></trkpt>
   <trkpt lat="50.754882" lon="2.044497"><ele>179.75</ele></trkpt>
   <trkpt lat="50.754664" lon="2.045081"><ele>179.75</ele></trkpt>
   <trkpt lat="50.754728" lon="2.045199"><ele>179.75</ele></trkpt>
   <trkpt lat="50.754746" lon="2.045303"><ele>179.5</ele></trkpt>
   <trkpt lat="50.754742" lon="2.045409"><ele>179.25</ele></trkpt>
   <trkpt lat="50.75472" lon="2.045498"><ele>179</ele></trkpt>
   <trkpt lat="50.75467" lon="2.045655"><ele>179</ele></trkpt>
   <trkpt lat="50.754549" lon="2.045942"><ele>178.75</ele></trkpt>
   <trkpt lat="50.754407" lon="2.046255"><ele>178.5</ele></trkpt>
   <trkpt lat="50.754283" lon="2.046563"><ele>178.5</ele></trkpt>
   <trkpt lat="50.754223" lon="2.046751"><ele>178.5</ele></trkpt>
   <trkpt lat="50.754096" lon="2.047206"><ele>178.25</ele></trkpt>
   <trkpt lat="50.754022" lon="2.047434"><ele>178.5</ele></trkpt>
   <trkpt lat="50.753897" lon="2.047765"><ele>178</ele></trkpt>
   <trkpt lat="50.753815" lon="2.047942"><ele>178</ele></trkpt>
   <trkpt lat="50.753661" lon="2.048235"><ele>178</ele></trkpt>
   <trkpt lat="50.753361" lon="2.048758"><ele>178</ele></trkpt>
   <trkpt lat="50.753144" lon="2.049088"><ele>178</ele></trkpt>
   <trkpt lat="50.753067" lon="2.04924"><ele>178</ele></trkpt>
   <trkpt lat="50.75304" lon="2.049322"><ele>178</ele></trkpt>
   <trkpt lat="50.753028" lon="2.049424"><ele>178</ele></trkpt>
   <trkpt lat="50.753027" lon="2.049486"><ele>178</ele></trkpt>
   <trkpt lat="50.75303" lon="2.049556"><ele>178</ele></trkpt>
   <trkpt lat="50.753053" lon="2.04967"><ele>178</ele></trkpt>
   <trkpt lat="50.75308" lon="2.049746"><ele>177.75</ele></trkpt>
   <trkpt lat="50.753224" lon="2.05006"><ele>177.25</ele></trkpt>
   <trkpt lat="50.753274" lon="2.050194"><ele>177</ele></trkpt>
   <trkpt lat="50.753216" lon="2.050276"><ele>177</ele></trkpt>
   <trkpt lat="50.753178" lon="2.050317"><ele>177</ele></trkpt>
   <trkpt lat="50.75307" lon="2.05037"><ele>177.5</ele></trkpt>
   <trkpt lat="50.752996" lon="2.050393"><ele>177.75</ele></trkpt>
   <trkpt lat="50.752155" lon="2.050572"><ele>177.75</ele></trkpt>
   <trkpt lat="50.751275" lon="2.050758"><ele>176</ele></trkpt>
   <trkpt lat="50.751274" lon="2.050857"><ele>176</ele></trkpt>
   <trkpt lat="50.751257" lon="2.051138"><ele>175.75</ele></trkpt>
   <trkpt lat="50.75121" lon="2.051836"><ele>175</ele></trkpt>
   <trkpt lat="50.751199" lon="2.051927"><ele>175</ele></trkpt>
   <trkpt lat="50.751152" lon="2.05216"><ele>174.25</ele></trkpt>
   <trkpt lat="50.751099" lon="2.052312"><ele>174</ele></trkpt>
   <trkpt lat="50.751035" lon="2.05245"><ele>174</ele></trkpt>
   <trkpt lat="50.750882" lon="2.052739"><ele>174</ele></trkpt>
   <trkpt lat="50.750736" lon="2.053095"><ele>173.5</ele></trkpt>
   <trkpt lat="50.750641" lon="2.053402"><ele>173</ele></trkpt>
   <trkpt lat="50.750559" lon="2.053779"><ele>172.75</ele></trkpt>
   <trkpt lat="50.750507" lon="2.054181"><ele>172</ele></trkpt>
   <trkpt lat="50.750435" lon="2.054811"><ele>172</ele></trkpt>
   <trkpt lat="50.750378" lon="2.055347"><ele>171.75</ele></trkpt>
   <trkpt lat="50.750002" lon="2.055362"><ele>172</ele></trkpt>
   <trkpt lat="50.749818" lon="2.055388"><ele>172</ele></trkpt>
   <trkpt lat="50.749555" lon="2.05539"><ele>171.5</ele></trkpt>
   <trkpt lat="50.749392" lon="2.055348"><ele>171</ele></trkpt>
   <trkpt lat="50.749126" lon="2.055245"><ele>170.5</ele></trkpt>
   <trkpt lat="50.748986" lon="2.055234"><ele>169.75</ele></trkpt>
   <trkpt lat="50.74882" lon="2.055248"><ele>168.75</ele></trkpt>
   <trkpt lat="50.74838" lon="2.055398"><ele>168</ele></trkpt>
   <trkpt lat="50.74816" lon="2.055448"><ele>165.5</ele></trkpt>
   <trkpt lat="50.747939" lon="2.055575"><ele>163.5</ele></trkpt>
   <trkpt lat="50.747764" lon="2.055687"><ele>162.25</ele></trkpt>
   <trkpt lat="50.747142" lon="2.056302"><ele>156.5</ele></trkpt>
   <trkpt lat="50.746871" lon="2.056679"><ele>153.5</ele></trkpt>
   <trkpt lat="50.746335" lon="2.0576"><ele>149.25</ele></trkpt>
   <trkpt lat="50.745496" lon="2.059013"><ele>141.5</ele></trkpt>
   <trkpt lat="50.745247" lon="2.059445"><ele>139.75</ele></trkpt>
   <trkpt lat="50.744962" lon="2.059965"><ele>137.25</ele></trkpt>
   <trkpt lat="50.744863" lon="2.060215"><ele>137</ele></trkpt>
   <trkpt lat="50.744813" lon="2.06039"><ele>137</ele></trkpt>
   <trkpt lat="50.74478" lon="2.060547"><ele>137</ele></trkpt>
   <trkpt lat="50.744743" lon="2.060767"><ele>136.25</ele></trkpt>
   <trkpt lat="50.744723" lon="2.060936"><ele>136</ele></trkpt>
   <trkpt lat="50.744641" lon="2.061964"><ele>134.75</ele></trkpt>
   <trkpt lat="50.744585" lon="2.062447"><ele>134</ele></trkpt>
   <trkpt lat="50.744538" lon="2.062743"><ele>133.5</ele></trkpt>
   <trkpt lat="50.744413" lon="2.063419"><ele>133.75</ele></trkpt>
   <trkpt lat="50.744232" lon="2.064327"><ele>132.5</ele></trkpt>
   <trkpt lat="50.743964" lon="2.06573"><ele>129.25</ele></trkpt>
   <trkpt lat="50.743899" lon="2.066033"><ele>128.75</ele></trkpt>
   <trkpt lat="50.743704" lon="2.066759"><ele>127.25</ele></trkpt>
   <trkpt lat="50.743526" lon="2.067394"><ele>126.25</ele></trkpt>
   <trkpt lat="50.743245" lon="2.068471"><ele>124.75</ele></trkpt>
   <trkpt lat="50.743143" lon="2.069045"><ele>124</ele></trkpt>
   <trkpt lat="50.743102" lon="2.069575"><ele>122.5</ele></trkpt>
   <trkpt lat="50.743068" lon="2.070429"><ele>121</ele></trkpt>
   <trkpt lat="50.743021" lon="2.071004"><ele>120</ele></trkpt>
   <trkpt lat="50.743021" lon="2.071009"><ele>120</ele></trkpt>
   <trkpt lat="50.742858" lon="2.072094"><ele>119</ele></trkpt>
   <trkpt lat="50.742715" lon="2.072865"><ele>117</ele></trkpt>
   <trkpt lat="50.742603" lon="2.073364"><ele>116.75</ele></trkpt>
   <trkpt lat="50.742318" lon="2.074195"><ele>114.25</ele></trkpt>
   <trkpt lat="50.742057" lon="2.074828"><ele>114</ele></trkpt>
   <trkpt lat="50.741788" lon="2.075386"><ele>112.75</ele></trkpt>
   <trkpt lat="50.741651" lon="2.075778"><ele>111.25</ele></trkpt>
   <trkpt lat="50.741462" lon="2.076392"><ele>110.75</ele></trkpt>
   <trkpt lat="50.740947" lon="2.077929"><ele>109</ele></trkpt>
   <trkpt lat="50.740821" lon="2.078278"><ele>108</ele></trkpt>
   <trkpt lat="50.740663" lon="2.078653"><ele>108.5</ele></trkpt>
   <trkpt lat="50.740505" lon="2.078921"><ele>108</ele></trkpt>
   <trkpt lat="50.740409" lon="2.079059"><ele>108</ele></trkpt>
   <trkpt lat="50.740334" lon="2.079157"><ele>108</ele></trkpt>
   <trkpt lat="50.740183" lon="2.079291"><ele>107.5</ele></trkpt>
   <trkpt lat="50.739651" lon="2.079724"><ele>107.75</ele></trkpt>
   <trkpt lat="50.739484" lon="2.079848"><ele>107.25</ele></trkpt>
   <trkpt lat="50.739267" lon="2.07998"><ele>108.25</ele></trkpt>
   <trkpt lat="50.739137" lon="2.080038"><ele>108.75</ele></trkpt>
   <trkpt lat="50.739003" lon="2.080084"><ele>108.75</ele></trkpt>
   <trkpt lat="50.738383" lon="2.080238"><ele>111</ele></trkpt>
   <trkpt lat="50.738246" lon="2.080287"><ele>111.25</ele></trkpt>
   <trkpt lat="50.738099" lon="2.080384"><ele>111.25</ele></trkpt>
   <trkpt lat="50.737251" lon="2.081095"><ele>106.75</ele></trkpt>
   <trkpt lat="50.737169" lon="2.081183"><ele>107</ele></trkpt>
   <trkpt lat="50.737091" lon="2.081307"><ele>107</ele></trkpt>
   <trkpt lat="50.737056" lon="2.081385"><ele>107</ele></trkpt>
   <trkpt lat="50.737006" lon="2.081521"><ele>106.5</ele></trkpt>
   <trkpt lat="50.736957" lon="2.081745"><ele>105.25</ele></trkpt>
   <trkpt lat="50.736855" lon="2.082432"><ele>102</ele></trkpt>
   <trkpt lat="50.736781" lon="2.082753"><ele>100.5</ele></trkpt>
   <trkpt lat="50.736669" lon="2.083084"><ele>98.75</ele></trkpt>
   <trkpt lat="50.736158" lon="2.083976"><ele>94.75</ele></trkpt>
   <trkpt lat="50.736029" lon="2.084134"><ele>94.25</ele></trkpt>
   <trkpt lat="50.735848" lon="2.084318"><ele>93.75</ele></trkpt>
   <trkpt lat="50.735571" lon="2.084655"><ele>92</ele></trkpt>
   <trkpt lat="50.735145" lon="2.085152"><ele>92.25</ele></trkpt>
   <trkpt lat="50.734934" lon="2.08541"><ele>91.75</ele></trkpt>
   <trkpt lat="50.734769" lon="2.085641"><ele>91.5</ele></trkpt>
   <trkpt lat="50.734465" lon="2.086172"><ele>90.5</ele></trkpt>
   <trkpt lat="50.734331" lon="2.08635"><ele>90</ele></trkpt>
   <trkpt lat="50.734105" lon="2.086557"><ele>89.25</ele></trkpt>
   <trkpt lat="50.7338" lon="2.086769"><ele>87.75</ele></trkpt>
   <trkpt lat="50.73318" lon="2.086878"><ele>86.25</ele></trkpt>
   <trkpt lat="50.732199" lon="2.087123"><ele>84.5</ele></trkpt>
   <trkpt lat="50.732021" lon="2.087182"><ele>83.5</ele></trkpt>
   <trkpt lat="50.731644" lon="2.087348"><ele>83</ele></trkpt>
   <trkpt lat="50.731156" lon="2.087691"><ele>81.5</ele></trkpt>
   <trkpt lat="50.730947" lon="2.087787"><ele>80.25</ele></trkpt>
   <trkpt lat="50.730266" lon="2.087795"><ele>78</ele></trkpt>
   <trkpt lat="50.729999" lon="2.087849"><ele>77.75</ele></trkpt>
   <trkpt lat="50.729933" lon="2.087799"><ele>77.75</ele></trkpt>
   <trkpt lat="50.729843" lon="2.087692"><ele>77.5</ele></trkpt>
   <trkpt lat="50.729678" lon="2.087457"><ele>77</ele></trkpt>
   <trkpt lat="50.729552" lon="2.087365"><ele>77</ele></trkpt>
   <trkpt lat="50.729464" lon="2.087328"><ele>77</ele></trkpt>
   <trkpt lat="50.729306" lon="2.0873"><ele>77</ele></trkpt>
   <trkpt lat="50.729216" lon="2.087317"><ele>76.75</ele></trkpt>
   <trkpt lat="50.729116" lon="2.087405"><ele>77</ele></trkpt>
   <trkpt lat="50.729043" lon="2.087481"><ele>77</ele></trkpt>
   <trkpt lat="50.728988" lon="2.087544"><ele>77</ele></trkpt>
   <trkpt lat="50.728766" lon="2.088001"><ele>77</ele></trkpt>
   <trkpt lat="50.728641" lon="2.08832"><ele>77</ele></trkpt>
   <trkpt lat="50.728582" lon="2.088434"><ele>77</ele></trkpt>
   <trkpt lat="50.728323" lon="2.088615"><ele>76.75</ele></trkpt>
   <trkpt lat="50.72815" lon="2.088718"><ele>76.75</ele></trkpt>
   <trkpt lat="50.727974" lon="2.088915"><ele>77.25</ele></trkpt>
   <trkpt lat="50.727359" lon="2.088406"><ele>83.25</ele></trkpt>
   <trkpt lat="50.72654" lon="2.087721"><ele>93.5</ele></trkpt>
   <trkpt lat="50.726374" lon="2.087727"><ele>95.75</ele></trkpt>
   <trkpt lat="50.726153" lon="2.087804"><ele>96.75</ele></trkpt>
   <trkpt lat="50.72602" lon="2.08774"><ele>97.5</ele></trkpt>
   <trkpt lat="50.725338" lon="2.086812"><ele>100.75</ele></trkpt>
   <trkpt lat="50.725107" lon="2.086426"><ele>102.75</ele></trkpt>
   <trkpt lat="50.724673" lon="2.085997"><ele>106.75</ele></trkpt>
   <trkpt lat="50.72362" lon="2.085182"><ele>114.75</ele></trkpt>
   <trkpt lat="50.723486" lon="2.084936"><ele>115.5</ele></trkpt>
   <trkpt lat="50.722995" lon="2.083733"><ele>119.75</ele></trkpt>
   <trkpt lat="50.722696" lon="2.083358"><ele>122</ele></trkpt>
   <trkpt lat="50.722202" lon="2.082895"><ele>125.5</ele></trkpt>
   <trkpt lat="50.722019" lon="2.082665"><ele>126.25</ele></trkpt>
   <trkpt lat="50.721753" lon="2.082441"><ele>129</ele></trkpt>
   <trkpt lat="50.721331" lon="2.081834"><ele>132.5</ele></trkpt>
   <trkpt lat="50.721012" lon="2.081448"><ele>135.5</ele></trkpt>
   <trkpt lat="50.720747" lon="2.081201"><ele>138.5</ele></trkpt>
   <trkpt lat="50.720558" lon="2.081043"><ele>140.75</ele></trkpt>
   <trkpt lat="50.720529" lon="2.081019"><ele>141.25</ele></trkpt>
   <trkpt lat="50.719766" lon="2.080686"><ele>149</ele></trkpt>
   <trkpt lat="50.719466" lon="2.080681"><ele>151.75</ele></trkpt>
   <trkpt lat="50.719203" lon="2.080625"><ele>153.5</ele></trkpt>
   <trkpt lat="50.719017" lon="2.080495"><ele>155</ele></trkpt>
   <trkpt lat="50.718145" lon="2.079924"><ele>159.75</ele></trkpt>
   <trkpt lat="50.717693" lon="2.079731"><ele>161.25</ele></trkpt>
   <trkpt lat="50.717375" lon="2.07963"><ele>162</ele></trkpt>
   <trkpt lat="50.717146" lon="2.079656"><ele>161.75</ele></trkpt>
   <trkpt lat="50.716216" lon="2.080375"><ele>158.25</ele></trkpt>
   <trkpt lat="50.715616" lon="2.080817"><ele>155.25</ele></trkpt>
   <trkpt lat="50.714884" lon="2.081072"><ele>151.5</ele></trkpt>
   <trkpt lat="50.714397" lon="2.081219"><ele>148.5</ele></trkpt>
   <trkpt lat="50.713808" lon="2.081148"><ele>144.25</ele></trkpt>
   <trkpt lat="50.713535" lon="2.081127"><ele>142.25</ele></trkpt>
   <trkpt lat="50.713256" lon="2.081071"><ele>140</ele></trkpt>
   <trkpt lat="50.712964" lon="2.081037"><ele>137</ele></trkpt>
   <trkpt lat="50.712736" lon="2.081119"><ele>134.5</ele></trkpt>
   <trkpt lat="50.712577" lon="2.081161"><ele>133.5</ele></trkpt>
   <trkpt lat="50.711982" lon="2.081868"><ele>126.75</ele></trkpt>
   <trkpt lat="50.711779" lon="2.082074"><ele>125.75</ele></trkpt>
   <trkpt lat="50.711249" lon="2.082318"><ele>120.5</ele></trkpt>
   <trkpt lat="50.711046" lon="2.082381"><ele>120</ele></trkpt>
   <trkpt lat="50.71051" lon="2.082645"><ele>116.5</ele></trkpt>
   <trkpt lat="50.709926" lon="2.082985"><ele>109</ele></trkpt>
   <trkpt lat="50.709836" lon="2.083047"><ele>108.75</ele></trkpt>
   <trkpt lat="50.709711" lon="2.083203"><ele>107.75</ele></trkpt>
   <trkpt lat="50.709229" lon="2.084078"><ele>105</ele></trkpt>
   <trkpt lat="50.708369" lon="2.085568"><ele>110.25</ele></trkpt>
   <trkpt lat="50.708118" lon="2.085825"><ele>112.25</ele></trkpt>
   <trkpt lat="50.707493" lon="2.086222"><ele>112.75</ele></trkpt>
   <trkpt lat="50.707364" lon="2.086404"><ele>111.5</ele></trkpt>
   <trkpt lat="50.707336" lon="2.086565"><ele>111</ele></trkpt>
   <trkpt lat="50.707336" lon="2.086694"><ele>111</ele></trkpt>
   <trkpt lat="50.707364" lon="2.086834"><ele>110.25</ele></trkpt>
   <trkpt lat="50.707418" lon="2.087005"><ele>109.5</ele></trkpt>
   <trkpt lat="50.708058" lon="2.088391"><ele>102.75</ele></trkpt>
   <trkpt lat="50.708084" lon="2.08847"><ele>102</ele></trkpt>
   <trkpt lat="50.708101" lon="2.088549"><ele>101.5</ele></trkpt>
   <trkpt lat="50.708097" lon="2.088716"><ele>100.75</ele></trkpt>
   <trkpt lat="50.708074" lon="2.088808"><ele>100.25</ele></trkpt>
   <trkpt lat="50.708033" lon="2.088903"><ele>99.25</ele></trkpt>
   <trkpt lat="50.707909" lon="2.089081"><ele>96.25</ele></trkpt>
   <trkpt lat="50.707656" lon="2.089433"><ele>99.5</ele></trkpt>
   <trkpt lat="50.707568" lon="2.089537"><ele>101.25</ele></trkpt>
   <trkpt lat="50.707478" lon="2.089594"><ele>102.5</ele></trkpt>
   <trkpt lat="50.707425" lon="2.0896"><ele>102.75</ele></trkpt>
   <trkpt lat="50.707369" lon="2.08959"><ele>103.25</ele></trkpt>
   <trkpt lat="50.707316" lon="2.089557"><ele>103.75</ele></trkpt>
   <trkpt lat="50.707251" lon="2.089485"><ele>104.5</ele></trkpt>
   <trkpt lat="50.706757" lon="2.088681"><ele>104.25</ele></trkpt>
   <trkpt lat="50.706413" lon="2.088098"><ele>102.25</ele></trkpt>
   <trkpt lat="50.706353" lon="2.088028"><ele>101.25</ele></trkpt>
   <trkpt lat="50.706293" lon="2.087991"><ele>100.25</ele></trkpt>
   <trkpt lat="50.706238" lon="2.087974"><ele>99</ele></trkpt>
   <trkpt lat="50.706185" lon="2.087983"><ele>98</ele></trkpt>
   <trkpt lat="50.706122" lon="2.088014"><ele>96.75</ele></trkpt>
   <trkpt lat="50.706067" lon="2.088066"><ele>95.75</ele></trkpt>
   <trkpt lat="50.705632" lon="2.088635"><ele>90.25</ele></trkpt>
   <trkpt lat="50.705392" lon="2.088899"><ele>88</ele></trkpt>
   <trkpt lat="50.705236" lon="2.089044"><ele>86.75</ele></trkpt>
   <trkpt lat="50.705094" lon="2.089155"><ele>86.25</ele></trkpt>
   <trkpt lat="50.704503" lon="2.089591"><ele>83.25</ele></trkpt>
   <trkpt lat="50.703814" lon="2.090224"><ele>79.25</ele></trkpt>
   <trkpt lat="50.703706" lon="2.090318"><ele>78.75</ele></trkpt>
   <trkpt lat="50.70363" lon="2.090372"><ele>78.25</ele></trkpt>
   <trkpt lat="50.703561" lon="2.090402"><ele>77.5</ele></trkpt>
   <trkpt lat="50.703455" lon="2.090431"><ele>76.5</ele></trkpt>
   <trkpt lat="50.703336" lon="2.09044"><ele>75</ele></trkpt>
   <trkpt lat="50.703219" lon="2.09042"><ele>73.75</ele></trkpt>
   <trkpt lat="50.703117" lon="2.090385"><ele>72.25</ele></trkpt>
   <trkpt lat="50.702799" lon="2.090214"><ele>68.5</ele></trkpt>
   <trkpt lat="50.702731" lon="2.090203"><ele>67.5</ele></trkpt>
   <trkpt lat="50.702663" lon="2.090212"><ele>66.75</ele></trkpt>
   <trkpt lat="50.702539" lon="2.090299"><ele>65.5</ele></trkpt>
   <trkpt lat="50.702503" lon="2.090353"><ele>65.25</ele></trkpt>
   <trkpt lat="50.702463" lon="2.090457"><ele>64.5</ele></trkpt>
   <trkpt lat="50.702397" lon="2.090707"><ele>64.25</ele></trkpt>
   <trkpt lat="50.702334" lon="2.091172"><ele>64.25</ele></trkpt>
   <trkpt lat="50.702306" lon="2.091239"><ele>64.5</ele></trkpt>
   <trkpt lat="50.702284" lon="2.091252"><ele>64.25</ele></trkpt>
   <trkpt lat="50.702253" lon="2.091254"><ele>64</ele></trkpt>
   <trkpt lat="50.702219" lon="2.091249"><ele>63.75</ele></trkpt>
   <trkpt lat="50.702244" lon="2.091045"><ele>63</ele></trkpt>
   <trkpt lat="50.702209" lon="2.091046"><ele>62.25</ele></trkpt>
   <trkpt lat="50.702185" lon="2.091052"><ele>61.75</ele></trkpt>
   <trkpt lat="50.702175" lon="2.091072"><ele>61.75</ele></trkpt>
   <trkpt lat="50.702172" lon="2.091081"><ele>61.75</ele></trkpt>
   <trkpt lat="50.702061" lon="2.09141"><ele>61.5</ele></trkpt>
   <trkpt lat="50.701651" lon="2.092514"><ele>61.75</ele></trkpt>
   <trkpt lat="50.701593" lon="2.092646"><ele>62.25</ele></trkpt>
   <trkpt lat="50.701498" lon="2.092748"><ele>62</ele></trkpt>
   <trkpt lat="50.701126" lon="2.092949"><ele>58.5</ele></trkpt>
   <trkpt lat="50.701055" lon="2.093019"><ele>58.25</ele></trkpt>
   <trkpt lat="50.700953" lon="2.093196"><ele>57.75</ele></trkpt>
   <trkpt lat="50.700875" lon="2.093378"><ele>57</ele></trkpt>
   <trkpt lat="50.700809" lon="2.093673"><ele>56.75</ele></trkpt>
   <trkpt lat="50.700771" lon="2.093896"><ele>56.75</ele></trkpt>
   <trkpt lat="50.700739" lon="2.09422"><ele>56.75</ele></trkpt>
   <trkpt lat="50.700725" lon="2.094535"><ele>56.5</ele></trkpt>
   <trkpt lat="50.700719" lon="2.094987"><ele>56</ele></trkpt>
   <trkpt lat="50.700831" lon="2.097933"><ele>55.25</ele></trkpt>
   <trkpt lat="50.700853" lon="2.098965"><ele>55</ele></trkpt>
   <trkpt lat="50.700863" lon="2.099158"><ele>54.75</ele></trkpt>
   <trkpt lat="50.70095" lon="2.100201"><ele>54</ele></trkpt>
   <trkpt lat="50.701093" lon="2.101437"><ele>53.5</ele></trkpt>
   <trkpt lat="50.701378" lon="2.10401"><ele>54.75</ele></trkpt>
   <trkpt lat="50.701432" lon="2.104376"><ele>55.5</ele></trkpt>
   <trkpt lat="50.701513" lon="2.105203"><ele>56.5</ele></trkpt>
   <trkpt lat="50.701636" lon="2.106322"><ele>56</ele></trkpt>
   <trkpt lat="50.70166" lon="2.106502"><ele>55.25</ele></trkpt>
   <trkpt lat="50.701706" lon="2.106733"><ele>54.75</ele></trkpt>
   <trkpt lat="50.701744" lon="2.106836"><ele>54.5</ele></trkpt>
   <trkpt lat="50.701788" lon="2.106913"><ele>54.5</ele></trkpt>
   <trkpt lat="50.701764" lon="2.106959"><ele>54.25</ele></trkpt>
   <trkpt lat="50.701807" lon="2.107053"><ele>54.5</ele></trkpt>
   <trkpt lat="50.701809" lon="2.107125"><ele>54.75</ele></trkpt>
   <trkpt lat="50.701725" lon="2.107384"><ele>54</ele></trkpt>
   <trkpt lat="50.701653" lon="2.10766"><ele>52.25</ele></trkpt>
   <trkpt lat="50.701608" lon="2.107875"><ele>51.25</ele></trkpt>
   <trkpt lat="50.701579" lon="2.107967"><ele>51</ele></trkpt>
   <trkpt lat="50.701544" lon="2.108042"><ele>50.5</ele></trkpt>
   <trkpt lat="50.701487" lon="2.108133"><ele>49.75</ele></trkpt>
   <trkpt lat="50.701325" lon="2.10831"><ele>47.5</ele></trkpt>
   <trkpt lat="50.701301" lon="2.10837"><ele>47.25</ele></trkpt>
   <trkpt lat="50.701269" lon="2.108427"><ele>47.25</ele></trkpt>
   <trkpt lat="50.701322" lon="2.108568"><ele>47.5</ele></trkpt>
   <trkpt lat="50.701306" lon="2.108586"><ele>47.5</ele></trkpt>
   <trkpt lat="50.70133" lon="2.10865"><ele>47.5</ele></trkpt>
   <trkpt lat="50.701413" lon="2.108811"><ele>47.5</ele></trkpt>
   <trkpt lat="50.701447" lon="2.108862"><ele>47.75</ele></trkpt>
   <trkpt lat="50.702075" lon="2.111378"><ele>47.75</ele></trkpt>
   <trkpt lat="50.702125" lon="2.111658"><ele>47.25</ele></trkpt>
   <trkpt lat="50.702146" lon="2.111891"><ele>47.25</ele></trkpt>
   <trkpt lat="50.702135" lon="2.112301"><ele>48.75</ele></trkpt>
   <trkpt lat="50.702129" lon="2.112468"><ele>49.25</ele></trkpt>
   <trkpt lat="50.702113" lon="2.112655"><ele>49.75</ele></trkpt>
   <trkpt lat="50.70209" lon="2.112933"><ele>50.5</ele></trkpt>
   <trkpt lat="50.702093" lon="2.113206"><ele>50.75</ele></trkpt>
   <trkpt lat="50.702137" lon="2.113514"><ele>51</ele></trkpt>
   <trkpt lat="50.702199" lon="2.113802"><ele>51.75</ele></trkpt>
   <trkpt lat="50.702143" lon="2.113785"><ele>51.25</ele></trkpt>
   <trkpt lat="50.701456" lon="2.11387"><ele>48</ele></trkpt>
   <trkpt lat="50.701079" lon="2.113956"><ele>47</ele></trkpt>
   <trkpt lat="50.700905" lon="2.114069"><ele>46.5</ele></trkpt>
   <trkpt lat="50.700776" lon="2.114196"><ele>47.25</ele></trkpt>
   <trkpt lat="50.700691" lon="2.114323"><ele>46</ele></trkpt>
   <trkpt lat="50.700586" lon="2.114541"><ele>46.5</ele></trkpt>
   <trkpt lat="50.70046" lon="2.114728"><ele>46.75</ele></trkpt>
   <trkpt lat="50.700429" lon="2.114781"><ele>46.5</ele></trkpt>
   <trkpt lat="50.700506" lon="2.115775"><ele>46</ele></trkpt>
   <trkpt lat="50.700523" lon="2.116011"><ele>46</ele></trkpt>
   <trkpt lat="50.700594" lon="2.116412"><ele>45.75</ele></trkpt>
   <trkpt lat="50.70073" lon="2.116873"><ele>45.5</ele></trkpt>
   <trkpt lat="50.700835" lon="2.117205"><ele>44.75</ele></trkpt>
   <trkpt lat="50.700965" lon="2.117682"><ele>45</ele></trkpt>
   <trkpt lat="50.701044" lon="2.118031"><ele>44.5</ele></trkpt>
   <trkpt lat="50.701089" lon="2.118269"><ele>44</ele></trkpt>
   <trkpt lat="50.701172" lon="2.118997"><ele>44.25</ele></trkpt>
   <trkpt lat="50.701204" lon="2.119453"><ele>45.5</ele></trkpt>
   <trkpt lat="50.701193" lon="2.119607"><ele>45.75</ele></trkpt>
   <trkpt lat="50.701171" lon="2.119699"><ele>46.25</ele></trkpt>
   <trkpt lat="50.701147" lon="2.119756"><ele>46.5</ele></trkpt>
   <trkpt lat="50.70108" lon="2.119857"><ele>47</ele></trkpt>
   <trkpt lat="50.701042" lon="2.119949"><ele>47</ele></trkpt>
   <trkpt lat="50.701027" lon="2.120142"><ele>47.25</ele></trkpt>
   <trkpt lat="50.701031" lon="2.120725"><ele>47.25</ele></trkpt>
   <trkpt lat="50.70103" lon="2.120912"><ele>47</ele></trkpt>
   <trkpt lat="50.701028" lon="2.120993"><ele>47</ele></trkpt>
   <trkpt lat="50.701043" lon="2.121232"><ele>46.5</ele></trkpt>
   <trkpt lat="50.701064" lon="2.121362"><ele>46</ele></trkpt>
   <trkpt lat="50.701098" lon="2.121469"><ele>46</ele></trkpt>
   <trkpt lat="50.701138" lon="2.12155"><ele>45.75</ele></trkpt>
   <trkpt lat="50.70161" lon="2.122372"><ele>44</ele></trkpt>
   <trkpt lat="50.701572" lon="2.122412"><ele>44.25</ele></trkpt>
   <trkpt lat="50.701561" lon="2.122468"><ele>44.25</ele></trkpt>
   <trkpt lat="50.701562" lon="2.122545"><ele>44.25</ele></trkpt>
   <trkpt lat="50.701544" lon="2.122614"><ele>44.25</ele></trkpt>
   <trkpt lat="50.701502" lon="2.122674"><ele>44.5</ele></trkpt>
   <trkpt lat="50.701461" lon="2.122695"><ele>44.5</ele></trkpt>
   <trkpt lat="50.701399" lon="2.122703"><ele>44.75</ele></trkpt>
   <trkpt lat="50.701368" lon="2.122723"><ele>45</ele></trkpt>
   <trkpt lat="50.701367" lon="2.122792"><ele>44.75</ele></trkpt>
   <trkpt lat="50.701292" lon="2.122783"><ele>44.75</ele></trkpt>
   <trkpt lat="50.701105" lon="2.122772"><ele>45</ele></trkpt>
   <trkpt lat="50.701068" lon="2.122771"><ele>45</ele></trkpt>
   <trkpt lat="50.701014" lon="2.12277"><ele>45</ele></trkpt>
   <trkpt lat="50.700392" lon="2.122757"><ele>45</ele></trkpt>
   <trkpt lat="50.699628" lon="2.122755"><ele>46</ele></trkpt>
   <trkpt lat="50.699353" lon="2.122748"><ele>46</ele></trkpt>
   <trkpt lat="50.698661" lon="2.122661"><ele>47.75</ele></trkpt>
   <trkpt lat="50.698523" lon="2.122641"><ele>48</ele></trkpt>
   <trkpt lat="50.698398" lon="2.122628"><ele>48.25</ele></trkpt>
   <trkpt lat="50.698004" lon="2.12255"><ele>49.5</ele></trkpt>
   <trkpt lat="50.697553" lon="2.122504"><ele>50.75</ele></trkpt>
   <trkpt lat="50.697425" lon="2.12251"><ele>51</ele></trkpt>
   <trkpt lat="50.696871" lon="2.12257"><ele>52</ele></trkpt>
   <trkpt lat="50.695676" lon="2.12274"><ele>49.5</ele></trkpt>
   <trkpt lat="50.695521" lon="2.122771"><ele>49.25</ele></trkpt>
   <trkpt lat="50.694637" lon="2.122915"><ele>49.75</ele></trkpt>
   <trkpt lat="50.694315" lon="2.123011"><ele>50.75</ele></trkpt>
   <trkpt lat="50.694045" lon="2.123105"><ele>50</ele></trkpt>
   <trkpt lat="50.693886" lon="2.123132"><ele>49.5</ele></trkpt>
   <trkpt lat="50.693555" lon="2.123138"><ele>49.5</ele></trkpt>
   <trkpt lat="50.693277" lon="2.12314"><ele>48.25</ele></trkpt>
   <trkpt lat="50.69313" lon="2.123185"><ele>47</ele></trkpt>
   <trkpt lat="50.692969" lon="2.123294"><ele>46.25</ele></trkpt>
   <trkpt lat="50.692638" lon="2.123577"><ele>47</ele></trkpt>
   <trkpt lat="50.692532" lon="2.123692"><ele>47.5</ele></trkpt>
   <trkpt lat="50.692101" lon="2.124211"><ele>50.75</ele></trkpt>
   <trkpt lat="50.691857" lon="2.124433"><ele>52</ele></trkpt>
   <trkpt lat="50.691344" lon="2.124771"><ele>51.25</ele></trkpt>
   <trkpt lat="50.691318" lon="2.124788"><ele>51.25</ele></trkpt>
   <trkpt lat="50.690605" lon="2.125263"><ele>51</ele></trkpt>
   <trkpt lat="50.690578" lon="2.125295"><ele>51</ele></trkpt>
   <trkpt lat="50.690518" lon="2.125388"><ele>50.75</ele></trkpt>
   <trkpt lat="50.69049" lon="2.125446"><ele>50.5</ele></trkpt>
   <trkpt lat="50.690428" lon="2.125563"><ele>50.25</ele></trkpt>
   <trkpt lat="50.690411" lon="2.125597"><ele>50.25</ele></trkpt>
   <trkpt lat="50.690358" lon="2.125705"><ele>50.25</ele></trkpt>
   <trkpt lat="50.690264" lon="2.125838"><ele>50</ele></trkpt>
   <trkpt lat="50.690027" lon="2.126093"><ele>50</ele></trkpt>
   <trkpt lat="50.689791" lon="2.126377"><ele>49</ele></trkpt>
   <trkpt lat="50.68973" lon="2.12645"><ele>49</ele></trkpt>
   <trkpt lat="50.689549" lon="2.126724"><ele>49.75</ele></trkpt>
   <trkpt lat="50.689293" lon="2.127156"><ele>49.5</ele></trkpt>
   <trkpt lat="50.68919" lon="2.127281"><ele>49.5</ele></trkpt>
   <trkpt lat="50.689116" lon="2.127351"><ele>49.75</ele></trkpt>
   <trkpt lat="50.688749" lon="2.127672"><ele>51</ele></trkpt>
   <trkpt lat="50.688602" lon="2.127802"><ele>51</ele></trkpt>
   <trkpt lat="50.688486" lon="2.127919"><ele>51.25</ele></trkpt>
   <trkpt lat="50.688105" lon="2.128382"><ele>51.5</ele></trkpt>
   <trkpt lat="50.687996" lon="2.128518"><ele>51.5</ele></trkpt>
   <trkpt lat="50.687895" lon="2.128638"><ele>51.5</ele></trkpt>
   <trkpt lat="50.687831" lon="2.12873"><ele>51.25</ele></trkpt>
   <trkpt lat="50.687784" lon="2.128818"><ele>51</ele></trkpt>
   <trkpt lat="50.687733" lon="2.12894"><ele>51</ele></trkpt>
   <trkpt lat="50.687702" lon="2.129034"><ele>51.25</ele></trkpt>
   <trkpt lat="50.687589" lon="2.129497"><ele>50.75</ele></trkpt>
   <trkpt lat="50.687538" lon="2.129673"><ele>50.75</ele></trkpt>
   <trkpt lat="50.687498" lon="2.129765"><ele>51</ele></trkpt>
   <trkpt lat="50.687426" lon="2.129911"><ele>51.25</ele></trkpt>
   <trkpt lat="50.687325" lon="2.130056"><ele>51.25</ele></trkpt>
   <trkpt lat="50.686347" lon="2.131236"><ele>55</ele></trkpt>
   <trkpt lat="50.68631" lon="2.131279"><ele>55</ele></trkpt>
   <trkpt lat="50.68608" lon="2.131534"><ele>53</ele></trkpt>
   <trkpt lat="50.685503" lon="2.132058"><ele>48.75</ele></trkpt>
   <trkpt lat="50.685381" lon="2.132185"><ele>47.75</ele></trkpt>
   <trkpt lat="50.685316" lon="2.132269"><ele>47.5</ele></trkpt>
   <trkpt lat="50.6852" lon="2.132459"><ele>46.75</ele></trkpt>
   <trkpt lat="50.685038" lon="2.132807"><ele>46</ele></trkpt>
   <trkpt lat="50.684982" lon="2.132941"><ele>46</ele></trkpt>
   <trkpt lat="50.684936" lon="2.133055"><ele>46</ele></trkpt>
   <trkpt lat="50.684666" lon="2.133805"><ele>46.25</ele></trkpt>
   <trkpt lat="50.684388" lon="2.13467"><ele>46.5</ele></trkpt>
   <trkpt lat="50.684111" lon="2.135548"><ele>49.25</ele></trkpt>
   <trkpt lat="50.684057" lon="2.13576"><ele>49.75</ele></trkpt>
   <trkpt lat="50.684016" lon="2.135995"><ele>50.25</ele></trkpt>
   <trkpt lat="50.683977" lon="2.13637"><ele>49.75</ele></trkpt>
   <trkpt lat="50.683953" lon="2.136488"><ele>49.75</ele></trkpt>
   <trkpt lat="50.683904" lon="2.136626"><ele>49.75</ele></trkpt>
   <trkpt lat="50.683866" lon="2.136706"><ele>49.75</ele></trkpt>
   <trkpt lat="50.683731" lon="2.136897"><ele>49.5</ele></trkpt>
   <trkpt lat="50.683634" lon="2.136996"><ele>49.75</ele></trkpt>
   <trkpt lat="50.683551" lon="2.13705"><ele>50</ele></trkpt>
   <trkpt lat="50.683195" lon="2.137187"><ele>50</ele></trkpt>
   <trkpt lat="50.683148" lon="2.137212"><ele>50</ele></trkpt>
   <trkpt lat="50.683068" lon="2.137274"><ele>50</ele></trkpt>
   <trkpt lat="50.68305" lon="2.137297"><ele>50</ele></trkpt>
   <trkpt lat="50.683023" lon="2.137332"><ele>50</ele></trkpt>
   <trkpt lat="50.682894" lon="2.137552"><ele>50</ele></trkpt>
   <trkpt lat="50.682723" lon="2.137885"><ele>50</ele></trkpt>
   <trkpt lat="50.682669" lon="2.137988"><ele>50.25</ele></trkpt>
   <trkpt lat="50.682645" lon="2.13803"><ele>50.25</ele></trkpt>
   <trkpt lat="50.682601" lon="2.138115"><ele>50.5</ele></trkpt>
   <trkpt lat="50.682496" lon="2.138305"><ele>51</ele></trkpt>
   <trkpt lat="50.682464" lon="2.138362"><ele>51</ele></trkpt>
   <trkpt lat="50.682351" lon="2.13855"><ele>52.25</ele></trkpt>
   <trkpt lat="50.682249" lon="2.138726"><ele>53.25</ele></trkpt>
   <trkpt lat="50.682202" lon="2.138805"><ele>53.75</ele></trkpt>
   <trkpt lat="50.68176" lon="2.139537"><ele>57.5</ele></trkpt>
   <trkpt lat="50.681397" lon="2.140167"><ele>58</ele></trkpt>
   <trkpt lat="50.681262" lon="2.140393"><ele>58.5</ele></trkpt>
   <trkpt lat="50.681003" lon="2.140791"><ele>59.25</ele></trkpt>
   <trkpt lat="50.68094" lon="2.140729"><ele>59.5</ele></trkpt>
   <trkpt lat="50.680819" lon="2.140651"><ele>60</ele></trkpt>
   <trkpt lat="50.680646" lon="2.140508"><ele>60</ele></trkpt>
   <trkpt lat="50.67965" lon="2.139656"><ele>62.25</ele></trkpt>
   <trkpt lat="50.678655" lon="2.138809"><ele>65.75</ele></trkpt>
   <trkpt lat="50.677872" lon="2.13811"><ele>70</ele></trkpt>
   <trkpt lat="50.677256" lon="2.137539"><ele>76.5</ele></trkpt>
   <trkpt lat="50.677166" lon="2.137417"><ele>78</ele></trkpt>
   <trkpt lat="50.676942" lon="2.137085"><ele>82</ele></trkpt>
   <trkpt lat="50.676726" lon="2.13673"><ele>85</ele></trkpt>
   <trkpt lat="50.676614" lon="2.136601"><ele>84.75</ele></trkpt>
   <trkpt lat="50.676519" lon="2.136542"><ele>85.25</ele></trkpt>
   <trkpt lat="50.676367" lon="2.136485"><ele>86</ele></trkpt>
   <trkpt lat="50.675696" lon="2.136325"><ele>99.5</ele></trkpt>
   <trkpt lat="50.674507" lon="2.136042"><ele>99.5</ele></trkpt>
   <trkpt lat="50.674344" lon="2.136039"><ele>100.5</ele></trkpt>
   <trkpt lat="50.673995" lon="2.136104"><ele>102.5</ele></trkpt>
   <trkpt lat="50.67382" lon="2.136122"><ele>103</ele></trkpt>
   <trkpt lat="50.672833" lon="2.136118"><ele>105.75</ele></trkpt>
   <trkpt lat="50.672304" lon="2.136101"><ele>106</ele></trkpt>
   <trkpt lat="50.669867" lon="2.135916"><ele>110.25</ele></trkpt>
   <trkpt lat="50.669134" lon="2.135866"><ele>112</ele></trkpt>
   <trkpt lat="50.668321" lon="2.135825"><ele>114</ele></trkpt>
   <trkpt lat="50.667513" lon="2.135739"><ele>116</ele></trkpt>
   <trkpt lat="50.665887" lon="2.135614"><ele>118.75</ele></trkpt>
   <trkpt lat="50.665754" lon="2.135594"><ele>119.25</ele></trkpt>
   <trkpt lat="50.665608" lon="2.13555"><ele>119.75</ele></trkpt>
   <trkpt lat="50.665466" lon="2.135483"><ele>119.75</ele></trkpt>
   <trkpt lat="50.664796" lon="2.135134"><ele>121</ele></trkpt>
   <trkpt lat="50.664683" lon="2.13511"><ele>121.25</ele></trkpt>
   <trkpt lat="50.6646" lon="2.135108"><ele>121.5</ele></trkpt>
   <trkpt lat="50.664498" lon="2.135139"><ele>121.75</ele></trkpt>
   <trkpt lat="50.664273" lon="2.135244"><ele>122.5</ele></trkpt>
   <trkpt lat="50.662218" lon="2.136315"><ele>126.75</ele></trkpt>
   <trkpt lat="50.660929" lon="2.136968"><ele>122.25</ele></trkpt>
   <trkpt lat="50.660431" lon="2.137423"><ele>120.5</ele></trkpt>
   <trkpt lat="50.660066" lon="2.137822"><ele>118.75</ele></trkpt>
   <trkpt lat="50.659512" lon="2.13806"><ele>117</ele></trkpt>
   <trkpt lat="50.659053" lon="2.138173"><ele>116</ele></trkpt>
   <trkpt lat="50.658687" lon="2.138402"><ele>115.75</ele></trkpt>
   <trkpt lat="50.658259" lon="2.138802"><ele>114</ele></trkpt>
   <trkpt lat="50.657347" lon="2.139816"><ele>110</ele></trkpt>
   <trkpt lat="50.656529" lon="2.140934"><ele>105</ele></trkpt>
   <trkpt lat="50.655467" lon="2.142646"><ele>94.75</ele></trkpt>
   <trkpt lat="50.655221" lon="2.142978"><ele>92</ele></trkpt>
   <trkpt lat="50.65503" lon="2.143094"><ele>88.5</ele></trkpt>
   <trkpt lat="50.654787" lon="2.143047"><ele>85</ele></trkpt>
   <trkpt lat="50.654354" lon="2.142838"><ele>81.25</ele></trkpt>
   <trkpt lat="50.65412" lon="2.142529"><ele>80.25</ele></trkpt>
   <trkpt lat="50.653943" lon="2.142253"><ele>79.5</ele></trkpt>
   <trkpt lat="50.653621" lon="2.14189"><ele>77</ele></trkpt>
   <trkpt lat="50.653106" lon="2.141207"><ele>71.5</ele></trkpt>
   <trkpt lat="50.653015" lon="2.140915"><ele>70.75</ele></trkpt>
   <trkpt lat="50.653082" lon="2.140355"><ele>68.75</ele></trkpt>
   <trkpt lat="50.653057" lon="2.140129"><ele>67</ele></trkpt>
   <trkpt lat="50.653022" lon="2.139992"><ele>66.75</ele></trkpt>
   <trkpt lat="50.652916" lon="2.139844"><ele>66.25</ele></trkpt>
   <trkpt lat="50.65242" lon="2.139284"><ele>67.75</ele></trkpt>
   <trkpt lat="50.652263" lon="2.139068"><ele>68.25</ele></trkpt>
   <trkpt lat="50.651984" lon="2.138675"><ele>67.75</ele></trkpt>
   <trkpt lat="50.650808" lon="2.137145"><ele>60.75</ele></trkpt>
   <trkpt lat="50.650593" lon="2.136793"><ele>59.25</ele></trkpt>
   <trkpt lat="50.650522" lon="2.136634"><ele>58.75</ele></trkpt>
   <trkpt lat="50.650462" lon="2.136479"><ele>58.75</ele></trkpt>
   <trkpt lat="50.650181" lon="2.135567"><ele>58.75</ele></trkpt>
   <trkpt lat="50.650064" lon="2.135255"><ele>59.25</ele></trkpt>
   <trkpt lat="50.649867" lon="2.134874"><ele>59.5</ele></trkpt>
   <trkpt lat="50.649708" lon="2.134585"><ele>60.25</ele></trkpt>
   <trkpt lat="50.649513" lon="2.134367"><ele>62</ele></trkpt>
   <trkpt lat="50.649326" lon="2.13411"><ele>63.75</ele></trkpt>
   <trkpt lat="50.649214" lon="2.13403"><ele>63.5</ele></trkpt>
   <trkpt lat="50.648943" lon="2.133874"><ele>62.25</ele></trkpt>
   <trkpt lat="50.648707" lon="2.13375"><ele>61.75</ele></trkpt>
   <trkpt lat="50.648443" lon="2.133561"><ele>61.5</ele></trkpt>
   <trkpt lat="50.64814" lon="2.133203"><ele>61.5</ele></trkpt>
   <trkpt lat="50.648074" lon="2.133102"><ele>61.75</ele></trkpt>
   <trkpt lat="50.647946" lon="2.132887"><ele>62.25</ele></trkpt>
   <trkpt lat="50.647543" lon="2.132278"><ele>62.75</ele></trkpt>
   <trkpt lat="50.647341" lon="2.131994"><ele>63</ele></trkpt>
   <trkpt lat="50.64724" lon="2.131897"><ele>62.25</ele></trkpt>
   <trkpt lat="50.647116" lon="2.131803"><ele>62</ele></trkpt>
   <trkpt lat="50.647048" lon="2.131779"><ele>61.75</ele></trkpt>
   <trkpt lat="50.646937" lon="2.131694"><ele>61.75</ele></trkpt>
   <trkpt lat="50.646593" lon="2.131283"><ele>60.75</ele></trkpt>
   <trkpt lat="50.645832" lon="2.130347"><ele>60.25</ele></trkpt>
   <trkpt lat="50.645666" lon="2.130186"><ele>60.25</ele></trkpt>
   <trkpt lat="50.64541" lon="2.129894"><ele>61</ele></trkpt>
   <trkpt lat="50.644719" lon="2.129242"><ele>63.75</ele></trkpt>
   <trkpt lat="50.64458" lon="2.129071"><ele>65.25</ele></trkpt>
   <trkpt lat="50.644137" lon="2.128605"><ele>67.5</ele></trkpt>
   <trkpt lat="50.643402" lon="2.12773"><ele>67.75</ele></trkpt>
   <trkpt lat="50.642984" lon="2.127264"><ele>67.25</ele></trkpt>
   <trkpt lat="50.642658" lon="2.126851"><ele>66</ele></trkpt>
   <trkpt lat="50.642495" lon="2.126625"><ele>65.25</ele></trkpt>
   <trkpt lat="50.642275" lon="2.126236"><ele>66</ele></trkpt>
   <trkpt lat="50.642079" lon="2.126108"><ele>65.75</ele></trkpt>
   <trkpt lat="50.641925" lon="2.126025"><ele>65.5</ele></trkpt>
   <trkpt lat="50.640829" lon="2.125889"><ele>64.5</ele></trkpt>
   <trkpt lat="50.640331" lon="2.125759"><ele>63.75</ele></trkpt>
   <trkpt lat="50.640059" lon="2.125554"><ele>62.5</ele></trkpt>
   <trkpt lat="50.639778" lon="2.125208"><ele>61.5</ele></trkpt>
   <trkpt lat="50.639567" lon="2.124862"><ele>62</ele></trkpt>
   <trkpt lat="50.639302" lon="2.124586"><ele>61.25</ele></trkpt>
   <trkpt lat="50.639123" lon="2.124455"><ele>61</ele></trkpt>
   <trkpt lat="50.638956" lon="2.124341"><ele>61.25</ele></trkpt>
   <trkpt lat="50.638746" lon="2.124239"><ele>61.5</ele></trkpt>
   <trkpt lat="50.638572" lon="2.124175"><ele>61.75</ele></trkpt>
   <trkpt lat="50.638456" lon="2.124147"><ele>61.5</ele></trkpt>
   <trkpt lat="50.638132" lon="2.124099"><ele>61.25</ele></trkpt>
   <trkpt lat="50.637917" lon="2.124035"><ele>61.25</ele></trkpt>
   <trkpt lat="50.637585" lon="2.123894"><ele>61.75</ele></trkpt>
   <trkpt lat="50.637201" lon="2.123663"><ele>61.75</ele></trkpt>
   <trkpt lat="50.636896" lon="2.123437"><ele>62</ele></trkpt>
   <trkpt lat="50.636719" lon="2.123203"><ele>62</ele></trkpt>
   <trkpt lat="50.636581" lon="2.123022"><ele>62</ele></trkpt>
   <trkpt lat="50.636105" lon="2.122255"><ele>62</ele></trkpt>
   <trkpt lat="50.635299" lon="2.121256"><ele>62.5</ele></trkpt>
   <trkpt lat="50.634828" lon="2.120537"><ele>63.25</ele></trkpt>
   <trkpt lat="50.634611" lon="2.120233"><ele>63.75</ele></trkpt>
   <trkpt lat="50.634498" lon="2.120053"><ele>64</ele></trkpt>
   <trkpt lat="50.634061" lon="2.119818"><ele>63.5</ele></trkpt>
   <trkpt lat="50.633536" lon="2.119457"><ele>64.75</ele></trkpt>
   <trkpt lat="50.631959" lon="2.118474"><ele>67.75</ele></trkpt>
   <trkpt lat="50.63184" lon="2.118374"><ele>68</ele></trkpt>
   <trkpt lat="50.631726" lon="2.118223"><ele>67.75</ele></trkpt>
   <trkpt lat="50.631507" lon="2.118828"><ele>65.25</ele></trkpt>
   <trkpt lat="50.631499" lon="2.118904"><ele>64.75</ele></trkpt>
   <trkpt lat="50.631504" lon="2.118997"><ele>65</ele></trkpt>
   <trkpt lat="50.631513" lon="2.119049"><ele>65</ele></trkpt>
   <trkpt lat="50.631541" lon="2.119117"><ele>65</ele></trkpt>
   <trkpt lat="50.631643" lon="2.119267"><ele>64.5</ele></trkpt>
   <trkpt lat="50.631869" lon="2.119566"><ele>63.25</ele></trkpt>
   <trkpt lat="50.63199" lon="2.119832"><ele>62.75</ele></trkpt>
   <trkpt lat="50.632042" lon="2.119998"><ele>62.5</ele></trkpt>
   <trkpt lat="50.632079" lon="2.120169"><ele>62.5</ele></trkpt>
   <trkpt lat="50.632097" lon="2.120315"><ele>62.25</ele></trkpt>
   <trkpt lat="50.632107" lon="2.120643"><ele>62.25</ele></trkpt>
   <trkpt lat="50.632102" lon="2.120885"><ele>62.25</ele></trkpt>
   <trkpt lat="50.632102" lon="2.121147"><ele>62.25</ele></trkpt>
   <trkpt lat="50.63208" lon="2.121441"><ele>62.25</ele></trkpt>
   <trkpt lat="50.63205" lon="2.121633"><ele>62</ele></trkpt>
   <trkpt lat="50.632003" lon="2.121589"><ele>63</ele></trkpt>
   <trkpt lat="50.63205" lon="2.121633"><ele>62</ele></trkpt>
   <trkpt lat="50.631969" lon="2.12216"><ele>63.75</ele></trkpt>
   <trkpt lat="50.631937" lon="2.122315"><ele>64.5</ele></trkpt>
   <trkpt lat="50.631804" lon="2.123242"><ele>73</ele></trkpt>
   <trkpt lat="50.631607" lon="2.124052"><ele>78</ele></trkpt>
   <trkpt lat="50.631413" lon="2.124783"><ele>83</ele></trkpt>
   <trkpt lat="50.631144" lon="2.125999"><ele>91</ele></trkpt>
   <trkpt lat="50.631055" lon="2.12637"><ele>93.75</ele></trkpt>
   <trkpt lat="50.631008" lon="2.126616"><ele>95.5</ele></trkpt>
   <trkpt lat="50.631039" lon="2.126831"><ele>97.75</ele></trkpt>
   <trkpt lat="50.631158" lon="2.127045"><ele>100</ele></trkpt>
   <trkpt lat="50.631528" lon="2.127357"><ele>101.5</ele></trkpt>
   <trkpt lat="50.631641" lon="2.127465"><ele>102.5</ele></trkpt>
   <trkpt lat="50.632069" lon="2.127823"><ele>105.5</ele></trkpt>
   <trkpt lat="50.632729" lon="2.128441"><ele>114.5</ele></trkpt>
   <trkpt lat="50.633257" lon="2.128871"><ele>120.5</ele></trkpt>
   <trkpt lat="50.633761" lon="2.129572"><ele>126.5</ele></trkpt>
   <trkpt lat="50.633997" lon="2.129935"><ele>128</ele></trkpt>
   <trkpt lat="50.634215" lon="2.130342"><ele>129.75</ele></trkpt>
   <trkpt lat="50.634291" lon="2.130556"><ele>131</ele></trkpt>
   <trkpt lat="50.634333" lon="2.130696"><ele>131.75</ele></trkpt>
   <trkpt lat="50.634362" lon="2.130867"><ele>132.5</ele></trkpt>
   <trkpt lat="50.634394" lon="2.131067"><ele>133</ele></trkpt>
   <trkpt lat="50.634427" lon="2.131409"><ele>134</ele></trkpt>
   <trkpt lat="50.634437" lon="2.131622"><ele>134</ele></trkpt>
   <trkpt lat="50.634424" lon="2.133955"><ele>133.5</ele></trkpt>
   <trkpt lat="50.634431" lon="2.134512"><ele>131.75</ele></trkpt>
   <trkpt lat="50.634404" lon="2.134674"><ele>131.25</ele></trkpt>
   <trkpt lat="50.63438" lon="2.134888"><ele>131.75</ele></trkpt>
   <trkpt lat="50.63372" lon="2.137097"><ele>140.25</ele></trkpt>
   <trkpt lat="50.633482" lon="2.137936"><ele>142</ele></trkpt>
   <trkpt lat="50.633453" lon="2.138132"><ele>142.5</ele></trkpt>
   <trkpt lat="50.633194" lon="2.13899"><ele>143.5</ele></trkpt>
   <trkpt lat="50.633045" lon="2.139434"><ele>144</ele></trkpt>
   <trkpt lat="50.632719" lon="2.14034"><ele>142</ele></trkpt>
   <trkpt lat="50.63269" lon="2.140419"><ele>142</ele></trkpt>
   <trkpt lat="50.631998" lon="2.142376"><ele>136.25</ele></trkpt>
   <trkpt lat="50.63198" lon="2.142427"><ele>136.25</ele></trkpt>
   <trkpt lat="50.631962" lon="2.142479"><ele>136</ele></trkpt>
   <trkpt lat="50.631942" lon="2.142524"><ele>136</ele></trkpt>
   <trkpt lat="50.631903" lon="2.142616"><ele>136</ele></trkpt>
   <trkpt lat="50.631591" lon="2.143338"><ele>135.75</ele></trkpt>
   <trkpt lat="50.631436" lon="2.143807"><ele>135</ele></trkpt>
   <trkpt lat="50.631627" lon="2.144227"><ele>134</ele></trkpt>
   <trkpt lat="50.631964" lon="2.144807"><ele>132.5</ele></trkpt>
   <trkpt lat="50.6321" lon="2.145145"><ele>132</ele></trkpt>
   <trkpt lat="50.632172" lon="2.145461"><ele>131.25</ele></trkpt>
   <trkpt lat="50.632236" lon="2.145912"><ele>130</ele></trkpt>
   <trkpt lat="50.632299" lon="2.14617"><ele>130</ele></trkpt>
   <trkpt lat="50.632337" lon="2.146239"><ele>130</ele></trkpt>
   <trkpt lat="50.632458" lon="2.146336"><ele>130</ele></trkpt>
   <trkpt lat="50.632577" lon="2.146481"><ele>130.25</ele></trkpt>
   <trkpt lat="50.632633" lon="2.146574"><ele>130.25</ele></trkpt>
   <trkpt lat="50.632668" lon="2.146631"><ele>130.5</ele></trkpt>
   <trkpt lat="50.632726" lon="2.146789"><ele>130.5</ele></trkpt>
   <trkpt lat="50.632784" lon="2.147032"><ele>130.5</ele></trkpt>
   <trkpt lat="50.633022" lon="2.147665"><ele>131.75</ele></trkpt>
   <trkpt lat="50.633372" lon="2.148332"><ele>133</ele></trkpt>
   <trkpt lat="50.633695" lon="2.148847"><ele>134.25</ele></trkpt>
   <trkpt lat="50.633771" lon="2.148986"><ele>134.5</ele></trkpt>
   <trkpt lat="50.633975" lon="2.149678"><ele>135.25</ele></trkpt>
   <trkpt lat="50.634063" lon="2.150043"><ele>136</ele></trkpt>
   <trkpt lat="50.634126" lon="2.150432"><ele>136</ele></trkpt>
   <trkpt lat="50.634155" lon="2.15073"><ele>135.25</ele></trkpt>
   <trkpt lat="50.634199" lon="2.15115"><ele>135</ele></trkpt>
   <trkpt lat="50.634243" lon="2.151419"><ele>134.75</ele></trkpt>
   <trkpt lat="50.634329" lon="2.151781"><ele>135</ele></trkpt>
   <trkpt lat="50.634632" lon="2.15256"><ele>135</ele></trkpt>
   <trkpt lat="50.634608" lon="2.15265"><ele>135</ele></trkpt>
   <trkpt lat="50.634534" lon="2.152808"><ele>134.75</ele></trkpt>
   <trkpt lat="50.634339" lon="2.153027"><ele>134</ele></trkpt>
   <trkpt lat="50.634253" lon="2.153063"><ele>134</ele></trkpt>
   <trkpt lat="50.634191" lon="2.153098"><ele>134</ele></trkpt>
   <trkpt lat="50.634121" lon="2.153171"><ele>133.75</ele></trkpt>
   <trkpt lat="50.633921" lon="2.153404"><ele>133</ele></trkpt>
   <trkpt lat="50.633784" lon="2.153617"><ele>132.5</ele></trkpt>
   <trkpt lat="50.633611" lon="2.153806"><ele>132</ele></trkpt>
   <trkpt lat="50.633409" lon="2.153944"><ele>132</ele></trkpt>
   <trkpt lat="50.633179" lon="2.153929"><ele>131.25</ele></trkpt>
   <trkpt lat="50.63292" lon="2.15382"><ele>131</ele></trkpt>
   <trkpt lat="50.632549" lon="2.153897"><ele>130</ele></trkpt>
   <trkpt lat="50.632322" lon="2.153982"><ele>130</ele></trkpt>
   <trkpt lat="50.632025" lon="2.154201"><ele>129.25</ele></trkpt>
   <trkpt lat="50.631925" lon="2.154248"><ele>129</ele></trkpt>
   <trkpt lat="50.631824" lon="2.154417"><ele>129.25</ele></trkpt>
   <trkpt lat="50.631673" lon="2.154514"><ele>129</ele></trkpt>
   <trkpt lat="50.631505" lon="2.154729"><ele>128.25</ele></trkpt>
   <trkpt lat="50.631365" lon="2.154935"><ele>127.75</ele></trkpt>
   <trkpt lat="50.631115" lon="2.155104"><ele>127.25</ele></trkpt>
   <trkpt lat="50.630944" lon="2.155193"><ele>127</ele></trkpt>
   <trkpt lat="50.630443" lon="2.155557"><ele>124.75</ele></trkpt>
   <trkpt lat="50.629771" lon="2.156346"><ele>122</ele></trkpt>
   <trkpt lat="50.629684" lon="2.156448"><ele>122</ele></trkpt>
   <trkpt lat="50.629449" lon="2.156813"><ele>121.25</ele></trkpt>
   <trkpt lat="50.629049" lon="2.157306"><ele>121.75</ele></trkpt>
   <trkpt lat="50.628456" lon="2.15781"><ele>121.5</ele></trkpt>
   <trkpt lat="50.628341" lon="2.15793"><ele>121.75</ele></trkpt>
   <trkpt lat="50.628275" lon="2.158021"><ele>122</ele></trkpt>
   <trkpt lat="50.627874" lon="2.160285"><ele>124.25</ele></trkpt>
   <trkpt lat="50.627663" lon="2.1614"><ele>125.25</ele></trkpt>
   <trkpt lat="50.62739" lon="2.162001"><ele>126.25</ele></trkpt>
   <trkpt lat="50.625873" lon="2.16286"><ele>128.5</ele></trkpt>
   <trkpt lat="50.625545" lon="2.163103"><ele>128.75</ele></trkpt>
   <trkpt lat="50.6255" lon="2.163116"><ele>128.75</ele></trkpt>
   <trkpt lat="50.625389" lon="2.163192"><ele>128.75</ele></trkpt>
   <trkpt lat="50.624694" lon="2.163524"><ele>127.25</ele></trkpt>
   <trkpt lat="50.624486" lon="2.163684"><ele>126.75</ele></trkpt>
   <trkpt lat="50.625098" lon="2.164237"><ele>124.75</ele></trkpt>
   <trkpt lat="50.625481" lon="2.165199"><ele>122.75</ele></trkpt>
   <trkpt lat="50.625639" lon="2.165676"><ele>122.25</ele></trkpt>
   <trkpt lat="50.625688" lon="2.165825"><ele>122.25</ele></trkpt>
   <trkpt lat="50.625841" lon="2.166764"><ele>122</ele></trkpt>
   <trkpt lat="50.626144" lon="2.167774"><ele>121</ele></trkpt>
   <trkpt lat="50.626371" lon="2.16859"><ele>120</ele></trkpt>
   <trkpt lat="50.626488" lon="2.169056"><ele>119.75</ele></trkpt>
   <trkpt lat="50.626583" lon="2.169488"><ele>119.5</ele></trkpt>
   <trkpt lat="50.626858" lon="2.170752"><ele>120.25</ele></trkpt>
   <trkpt lat="50.62691" lon="2.170977"><ele>120.75</ele></trkpt>
   <trkpt lat="50.626981" lon="2.171246"><ele>121.25</ele></trkpt>
   <trkpt lat="50.627424" lon="2.172543"><ele>122.25</ele></trkpt>
   <trkpt lat="50.627636" lon="2.173076"><ele>123.25</ele></trkpt>
   <trkpt lat="50.627736" lon="2.173433"><ele>123.25</ele></trkpt>
   <trkpt lat="50.627837" lon="2.173714"><ele>123.75</ele></trkpt>
   <trkpt lat="50.62764" lon="2.173816"><ele>121.5</ele></trkpt>
   <trkpt lat="50.627434" lon="2.173879"><ele>119.5</ele></trkpt>
   <trkpt lat="50.627324" lon="2.173902"><ele>118.75</ele></trkpt>
   <trkpt lat="50.627174" lon="2.173912"><ele>117.75</ele></trkpt>
   <trkpt lat="50.627107" lon="2.173888"><ele>117.5</ele></trkpt>
   <trkpt lat="50.627038" lon="2.173846"><ele>117</ele></trkpt>
   <trkpt lat="50.626969" lon="2.173786"><ele>116.25</ele></trkpt>
   <trkpt lat="50.625519" lon="2.172124"><ele>103</ele></trkpt>
   <trkpt lat="50.625497" lon="2.172103"><ele>102.5</ele></trkpt>
   <trkpt lat="50.625417" lon="2.172024"><ele>102.5</ele></trkpt>
   <trkpt lat="50.625316" lon="2.17194"><ele>101.25</ele></trkpt>
   <trkpt lat="50.625116" lon="2.17182"><ele>100.25</ele></trkpt>
   <trkpt lat="50.624988" lon="2.171769"><ele>99.25</ele></trkpt>
   <trkpt lat="50.623776" lon="2.171464"><ele>92.25</ele></trkpt>
   <trkpt lat="50.623542" lon="2.171431"><ele>90.75</ele></trkpt>
   <trkpt lat="50.623463" lon="2.171435"><ele>90.5</ele></trkpt>
   <trkpt lat="50.623377" lon="2.171455"><ele>90</ele></trkpt>
   <trkpt lat="50.623285" lon="2.171495"><ele>89.75</ele></trkpt>
   <trkpt lat="50.623184" lon="2.171557"><ele>89</ele></trkpt>
   <trkpt lat="50.623078" lon="2.171638"><ele>88.25</ele></trkpt>
   <trkpt lat="50.622989" lon="2.171732"><ele>87.75</ele></trkpt>
   <trkpt lat="50.622922" lon="2.171824"><ele>87.5</ele></trkpt>
   <trkpt lat="50.622848" lon="2.171951"><ele>87</ele></trkpt>
   <trkpt lat="50.622773" lon="2.172111"><ele>86.25</ele></trkpt>
   <trkpt lat="50.622703" lon="2.172292"><ele>86.25</ele></trkpt>
   <trkpt lat="50.622147" lon="2.173809"><ele>81.75</ele></trkpt>
   <trkpt lat="50.622029" lon="2.174145"><ele>80.5</ele></trkpt>
   <trkpt lat="50.621933" lon="2.174471"><ele>79.75</ele></trkpt>
   <trkpt lat="50.621423" lon="2.17671"><ele>74.5</ele></trkpt>
   <trkpt lat="50.621326" lon="2.17709"><ele>72.5</ele></trkpt>
   <trkpt lat="50.621272" lon="2.177282"><ele>72.25</ele></trkpt>
   <trkpt lat="50.621216" lon="2.177433"><ele>72</ele></trkpt>
   <trkpt lat="50.6211" lon="2.177656"><ele>71.25</ele></trkpt>
   <trkpt lat="50.62095" lon="2.177838"><ele>70.25</ele></trkpt>
   <trkpt lat="50.620756" lon="2.178"><ele>70.25</ele></trkpt>
   <trkpt lat="50.620568" lon="2.178119"><ele>71.5</ele></trkpt>
   <trkpt lat="50.620488" lon="2.17815"><ele>72.25</ele></trkpt>
   <trkpt lat="50.620418" lon="2.17816"><ele>73</ele></trkpt>
   <trkpt lat="50.620346" lon="2.178158"><ele>73.75</ele></trkpt>
   <trkpt lat="50.620261" lon="2.178135"><ele>74.75</ele></trkpt>
   <trkpt lat="50.620139" lon="2.178073"><ele>76.25</ele></trkpt>
   <trkpt lat="50.619521" lon="2.177683"><ele>82.75</ele></trkpt>
   <trkpt lat="50.618762" lon="2.17722"><ele>90.25</ele></trkpt>
   <trkpt lat="50.618633" lon="2.17716"><ele>91.75</ele></trkpt>
   <trkpt lat="50.618562" lon="2.177144"><ele>92.5</ele></trkpt>
   <trkpt lat="50.618404" lon="2.177153"><ele>94</ele></trkpt>
   <trkpt lat="50.618329" lon="2.17718"><ele>95</ele></trkpt>
   <trkpt lat="50.61813" lon="2.177285"><ele>97.5</ele></trkpt>
   <trkpt lat="50.616248" lon="2.17849"><ele>117</ele></trkpt>
   <trkpt lat="50.612064" lon="2.181134"><ele>82.5</ele></trkpt>
   <trkpt lat="50.611863" lon="2.18125"><ele>80.25</ele></trkpt>
   <trkpt lat="50.611733" lon="2.181315"><ele>78.75</ele></trkpt>
   <trkpt lat="50.61149" lon="2.181413"><ele>76.5</ele></trkpt>
   <trkpt lat="50.608482" lon="2.182437"><ele>55.5</ele></trkpt>
   <trkpt lat="50.60822" lon="2.182488"><ele>54.5</ele></trkpt>
   <trkpt lat="50.607778" lon="2.182514"><ele>53</ele></trkpt>
   <trkpt lat="50.607146" lon="2.182531"><ele>51.5</ele></trkpt>
   <trkpt lat="50.606638" lon="2.182538"><ele>50.75</ele></trkpt>
   <trkpt lat="50.606341" lon="2.182557"><ele>50</ele></trkpt>
   <trkpt lat="50.606157" lon="2.182592"><ele>49.75</ele></trkpt>
   <trkpt lat="50.606025" lon="2.182685"><ele>50</ele></trkpt>
   <trkpt lat="50.605824" lon="2.182935"><ele>49.75</ele></trkpt>
   <trkpt lat="50.605731" lon="2.183066"><ele>49.5</ele></trkpt>
   <trkpt lat="50.605574" lon="2.183264"><ele>49</ele></trkpt>
   <trkpt lat="50.605513" lon="2.183355"><ele>49</ele></trkpt>
   <trkpt lat="50.604873" lon="2.184201"><ele>49</ele></trkpt>
   <trkpt lat="50.60486" lon="2.184251"><ele>49</ele></trkpt>
   <trkpt lat="50.604335" lon="2.183851"><ele>49</ele></trkpt>
   <trkpt lat="50.604011" lon="2.183606"><ele>48.25</ele></trkpt>
   <trkpt lat="50.603987" lon="2.183588"><ele>48.25</ele></trkpt>
   <trkpt lat="50.60374" lon="2.183399"><ele>48.75</ele></trkpt>
   <trkpt lat="50.603488" lon="2.18317"><ele>49</ele></trkpt>
   <trkpt lat="50.603361" lon="2.183041"><ele>49</ele></trkpt>
   <trkpt lat="50.603141" lon="2.182791"><ele>48.25</ele></trkpt>
   <trkpt lat="50.602848" lon="2.183443"><ele>49</ele></trkpt>
   <trkpt lat="50.602701" lon="2.183804"><ele>49</ele></trkpt>
   <trkpt lat="50.602523" lon="2.184299"><ele>48.75</ele></trkpt>
   <trkpt lat="50.602271" lon="2.185081"><ele>48.75</ele></trkpt>
   <trkpt lat="50.602124" lon="2.185704"><ele>49</ele></trkpt>
   <trkpt lat="50.602079" lon="2.185898"><ele>49</ele></trkpt>
   <trkpt lat="50.601845" lon="2.186868"><ele>49</ele></trkpt>
   <trkpt lat="50.601785" lon="2.187086"><ele>49</ele></trkpt>
   <trkpt lat="50.601698" lon="2.187358"><ele>49</ele></trkpt>
   <trkpt lat="50.601577" lon="2.187702"><ele>49</ele></trkpt>
   <trkpt lat="50.601491" lon="2.187895"><ele>49.75</ele></trkpt>
   <trkpt lat="50.60126" lon="2.188361"><ele>50</ele></trkpt>
   <trkpt lat="50.601096" lon="2.188818"><ele>51</ele></trkpt>
   <trkpt lat="50.601096" lon="2.189049"><ele>51.5</ele></trkpt>
   <trkpt lat="50.601083" lon="2.189391"><ele>53.5</ele></trkpt>
   <trkpt lat="50.600995" lon="2.191072"><ele>62.25</ele></trkpt>
   <trkpt lat="50.600961" lon="2.191601"><ele>65.75</ele></trkpt>
   <trkpt lat="50.600911" lon="2.192618"><ele>72.25</ele></trkpt>
   <trkpt lat="50.600923" lon="2.192768"><ele>73.25</ele></trkpt>
   <trkpt lat="50.600956" lon="2.19287"><ele>74.25</ele></trkpt>
   <trkpt lat="50.600997" lon="2.192947"><ele>75</ele></trkpt>
   <trkpt lat="50.601072" lon="2.193015"><ele>76.25</ele></trkpt>
   <trkpt lat="50.601133" lon="2.193051"><ele>77</ele></trkpt>
   <trkpt lat="50.601234" lon="2.193069"><ele>77.5</ele></trkpt>
   <trkpt lat="50.601587" lon="2.193068"><ele>78.75</ele></trkpt>
   <trkpt lat="50.601933" lon="2.193108"><ele>80.5</ele></trkpt>
   <trkpt lat="50.602033" lon="2.193134"><ele>80.75</ele></trkpt>
   <trkpt lat="50.602114" lon="2.193176"><ele>81</ele></trkpt>
   <trkpt lat="50.602195" lon="2.193249"><ele>81.75</ele></trkpt>
   <trkpt lat="50.602252" lon="2.193348"><ele>83</ele></trkpt>
   <trkpt lat="50.602307" lon="2.193482"><ele>84</ele></trkpt>
   <trkpt lat="50.602366" lon="2.193672"><ele>85.75</ele></trkpt>
   <trkpt lat="50.602508" lon="2.194193"><ele>92.25</ele></trkpt>
   <trkpt lat="50.602654" lon="2.194686"><ele>97</ele></trkpt>
   <trkpt lat="50.602772" lon="2.195271"><ele>96</ele></trkpt>
   <trkpt lat="50.60269" lon="2.19558"><ele>98.75</ele></trkpt>
   <trkpt lat="50.602469" lon="2.195884"><ele>102.5</ele></trkpt>
   <trkpt lat="50.602272" lon="2.196227"><ele>106</ele></trkpt>
   <trkpt lat="50.602169" lon="2.196603"><ele>108.5</ele></trkpt>
   <trkpt lat="50.602094" lon="2.197138"><ele>112.75</ele></trkpt>
   <trkpt lat="50.601955" lon="2.198319"><ele>116.75</ele></trkpt>
   <trkpt lat="50.601851" lon="2.198735"><ele>117.25</ele></trkpt>
   <trkpt lat="50.601658" lon="2.199207"><ele>118</ele></trkpt>
   <trkpt lat="50.601146" lon="2.200039"><ele>119</ele></trkpt>
   <trkpt lat="50.60096" lon="2.200369"><ele>119.25</ele></trkpt>
   <trkpt lat="50.600759" lon="2.201468"><ele>119</ele></trkpt>
   <trkpt lat="50.600509" lon="2.203093"><ele>123</ele></trkpt>
   <trkpt lat="50.600384" lon="2.203796"><ele>124.5</ele></trkpt>
   <trkpt lat="50.599888" lon="2.205668"><ele>129</ele></trkpt>
   <trkpt lat="50.599683" lon="2.206406"><ele>131</ele></trkpt>
   <trkpt lat="50.599508" lon="2.207202"><ele>131.75</ele></trkpt>
   <trkpt lat="50.599019" lon="2.210097"><ele>129</ele></trkpt>
   <trkpt lat="50.59891" lon="2.210849"><ele>127</ele></trkpt>
   <trkpt lat="50.598802" lon="2.212257"><ele>123.5</ele></trkpt>
   <trkpt lat="50.598733" lon="2.213241"><ele>120.75</ele></trkpt>
   <trkpt lat="50.59859" lon="2.215611"><ele>118</ele></trkpt>
   <trkpt lat="50.598569" lon="2.215766"><ele>118</ele></trkpt>
   <trkpt lat="50.598501" lon="2.216087"><ele>118.25</ele></trkpt>
   <trkpt lat="50.598316" lon="2.216856"><ele>120</ele></trkpt>
   <trkpt lat="50.598285" lon="2.217185"><ele>121</ele></trkpt>
   <trkpt lat="50.598401" lon="2.220057"><ele>125</ele></trkpt>
   <trkpt lat="50.598412" lon="2.22059"><ele>125</ele></trkpt>
   <trkpt lat="50.598413" lon="2.221325"><ele>125</ele></trkpt>
   <trkpt lat="50.598379" lon="2.222498"><ele>127.75</ele></trkpt>
   <trkpt lat="50.598338" lon="2.223943"><ele>127.75</ele></trkpt>
   <trkpt lat="50.598283" lon="2.226161"><ele>129</ele></trkpt>
   <trkpt lat="50.598243" lon="2.227245"><ele>129</ele></trkpt>
   <trkpt lat="50.59827" lon="2.227348"><ele>129</ele></trkpt>
   <trkpt lat="50.598172" lon="2.227556"><ele>129</ele></trkpt>
   <trkpt lat="50.597936" lon="2.228257"><ele>130</ele></trkpt>
   <trkpt lat="50.597287" lon="2.230482"><ele>131.75</ele></trkpt>
   <trkpt lat="50.596233" lon="2.233313"><ele>130.5</ele></trkpt>
   <trkpt lat="50.596144" lon="2.233545"><ele>130.75</ele></trkpt>
   <trkpt lat="50.595976" lon="2.233982"><ele>130.75</ele></trkpt>
   <trkpt lat="50.595857" lon="2.234251"><ele>131</ele></trkpt>
   <trkpt lat="50.595751" lon="2.234421"><ele>131.75</ele></trkpt>
   <trkpt lat="50.595332" lon="2.234931"><ele>131.75</ele></trkpt>
   <trkpt lat="50.595209" lon="2.23513"><ele>131.5</ele></trkpt>
   <trkpt lat="50.594925" lon="2.235764"><ele>131</ele></trkpt>
   <trkpt lat="50.594882" lon="2.235838"><ele>131</ele></trkpt>
   <trkpt lat="50.594797" lon="2.235955"><ele>131</ele></trkpt>
   <trkpt lat="50.594663" lon="2.236235"><ele>130.75</ele></trkpt>
   <trkpt lat="50.59465" lon="2.236272"><ele>130.75</ele></trkpt>
   <trkpt lat="50.593142" lon="2.234336"><ele>127.75</ele></trkpt>
   <trkpt lat="50.591951" lon="2.232766"><ele>125</ele></trkpt>
   <trkpt lat="50.59071" lon="2.230775"><ele>123.5</ele></trkpt>
   <trkpt lat="50.58945" lon="2.229713"><ele>117</ele></trkpt>
   <trkpt lat="50.58904" lon="2.228938"><ele>113.75</ele></trkpt>
   <trkpt lat="50.588066" lon="2.227779"><ele>115</ele></trkpt>
   <trkpt lat="50.587845" lon="2.227462"><ele>112.5</ele></trkpt>
   <trkpt lat="50.587621" lon="2.227055"><ele>110</ele></trkpt>
   <trkpt lat="50.587452" lon="2.226925"><ele>109.5</ele></trkpt>
   <trkpt lat="50.586336" lon="2.226802"><ele>106</ele></trkpt>
   <trkpt lat="50.585921" lon="2.226689"><ele>102</ele></trkpt>
   <trkpt lat="50.585502" lon="2.226561"><ele>99.5</ele></trkpt>
   <trkpt lat="50.585304" lon="2.226483"><ele>98.25</ele></trkpt>
   <trkpt lat="50.585154" lon="2.226357"><ele>97</ele></trkpt>
   <trkpt lat="50.584939" lon="2.22612"><ele>94.75</ele></trkpt>
   <trkpt lat="50.584373" lon="2.22534"><ele>92.5</ele></trkpt>
   <trkpt lat="50.584109" lon="2.225186"><ele>92</ele></trkpt>
   <trkpt lat="50.583818" lon="2.225142"><ele>91.5</ele></trkpt>
   <trkpt lat="50.583391" lon="2.225078"><ele>91.75</ele></trkpt>
   <trkpt lat="50.583025" lon="2.225086"><ele>91</ele></trkpt>
   <trkpt lat="50.582687" lon="2.225161"><ele>89.75</ele></trkpt>
   <trkpt lat="50.582235" lon="2.224887"><ele>90.25</ele></trkpt>
   <trkpt lat="50.582138" lon="2.224844"><ele>90.25</ele></trkpt>
   <trkpt lat="50.582067" lon="2.224858"><ele>90</ele></trkpt>
   <trkpt lat="50.582022" lon="2.224897"><ele>90</ele></trkpt>
   <trkpt lat="50.581963" lon="2.224981"><ele>90</ele></trkpt>
   <trkpt lat="50.581812" lon="2.225436"><ele>90</ele></trkpt>
   <trkpt lat="50.581648" lon="2.225904"><ele>90</ele></trkpt>
   <trkpt lat="50.581495" lon="2.226534"><ele>90.5</ele></trkpt>
   <trkpt lat="50.581387" lon="2.226695"><ele>91</ele></trkpt>
   <trkpt lat="50.581039" lon="2.226955"><ele>91.25</ele></trkpt>
   <trkpt lat="50.580665" lon="2.227305"><ele>92.75</ele></trkpt>
   <trkpt lat="50.580011" lon="2.22809"><ele>95.5</ele></trkpt>
   <trkpt lat="50.579353" lon="2.228792"><ele>96.5</ele></trkpt>
   <trkpt lat="50.579035" lon="2.229293"><ele>96.25</ele></trkpt>
   <trkpt lat="50.578744" lon="2.229726"><ele>95.25</ele></trkpt>
   <trkpt lat="50.57814" lon="2.230687"><ele>96</ele></trkpt>
   <trkpt lat="50.577959" lon="2.231011"><ele>96.75</ele></trkpt>
   <trkpt lat="50.577764" lon="2.231394"><ele>95</ele></trkpt>
   <trkpt lat="50.577246" lon="2.232465"><ele>97</ele></trkpt>
   <trkpt lat="50.576851" lon="2.233237"><ele>96</ele></trkpt>
   <trkpt lat="50.576475" lon="2.234015"><ele>96</ele></trkpt>
   <trkpt lat="50.576325" lon="2.23426"><ele>96.25</ele></trkpt>
   <trkpt lat="50.576233" lon="2.234259"><ele>96.25</ele></trkpt>
   <trkpt lat="50.575448" lon="2.234066"><ele>97.25</ele></trkpt>
   <trkpt lat="50.575104" lon="2.234044"><ele>98.5</ele></trkpt>
   <trkpt lat="50.574348" lon="2.233833"><ele>103</ele></trkpt>
   <trkpt lat="50.573979" lon="2.23376"><ele>105</ele></trkpt>
   <trkpt lat="50.573647" lon="2.233748"><ele>106.25</ele></trkpt>
   <trkpt lat="50.573327" lon="2.233801"><ele>107.5</ele></trkpt>
   <trkpt lat="50.573184" lon="2.23384"><ele>107.75</ele></trkpt>
   <trkpt lat="50.572788" lon="2.23398"><ele>108.75</ele></trkpt>
   <trkpt lat="50.572095" lon="2.234265"><ele>111.75</ele></trkpt>
   <trkpt lat="50.571744" lon="2.234462"><ele>111.5</ele></trkpt>
   <trkpt lat="50.571508" lon="2.234564"><ele>112.75</ele></trkpt>
   <trkpt lat="50.571151" lon="2.234579"><ele>113.25</ele></trkpt>
   <trkpt lat="50.570804" lon="2.234532"><ele>114</ele></trkpt>
   <trkpt lat="50.570283" lon="2.234342"><ele>115</ele></trkpt>
   <trkpt lat="50.569498" lon="2.234028"><ele>117</ele></trkpt>
   <trkpt lat="50.568819" lon="2.233585"><ele>117.25</ele></trkpt>
   <trkpt lat="50.568713" lon="2.233514"><ele>118</ele></trkpt>
   <trkpt lat="50.568441" lon="2.233304"><ele>119</ele></trkpt>
   <trkpt lat="50.568086" lon="2.233089"><ele>120</ele></trkpt>
   <trkpt lat="50.56696" lon="2.232715"><ele>119.5</ele></trkpt>
   <trkpt lat="50.56637" lon="2.232542"><ele>118.75</ele></trkpt>
   <trkpt lat="50.565718" lon="2.232397"><ele>118.25</ele></trkpt>
   <trkpt lat="50.563989" lon="2.232042"><ele>115.75</ele></trkpt>
   <trkpt lat="50.563197" lon="2.23181"><ele>114.75</ele></trkpt>
   <trkpt lat="50.56242" lon="2.231483"><ele>114.75</ele></trkpt>
   <trkpt lat="50.562334" lon="2.231427"><ele>114.75</ele></trkpt>
   <trkpt lat="50.561445" lon="2.230927"><ele>116</ele></trkpt>
   <trkpt lat="50.561247" lon="2.230816"><ele>116.5</ele></trkpt>
   <trkpt lat="50.561181" lon="2.230779"><ele>116.75</ele></trkpt>
   <trkpt lat="50.560806" lon="2.230703"><ele>117.5</ele></trkpt>
   <trkpt lat="50.560355" lon="2.230681"><ele>118.25</ele></trkpt>
   <trkpt lat="50.560029" lon="2.23054"><ele>119</ele></trkpt>
   <trkpt lat="50.559916" lon="2.230528"><ele>119</ele></trkpt>
   <trkpt lat="50.559649" lon="2.230569"><ele>119.25</ele></trkpt>
   <trkpt lat="50.559595" lon="2.230604"><ele>119.25</ele></trkpt>
   <trkpt lat="50.559311" lon="2.230748"><ele>120</ele></trkpt>
   <trkpt lat="50.559065" lon="2.230839"><ele>120.25</ele></trkpt>
   <trkpt lat="50.558713" lon="2.230975"><ele>121</ele></trkpt>
   <trkpt lat="50.557839" lon="2.231161"><ele>121.75</ele></trkpt>
   <trkpt lat="50.557778" lon="2.231145"><ele>121.75</ele></trkpt>
   <trkpt lat="50.557644" lon="2.231112"><ele>122</ele></trkpt>
   <trkpt lat="50.556421" lon="2.230416"><ele>124</ele></trkpt>
   <trkpt lat="50.556399" lon="2.230399"><ele>124.25</ele></trkpt>
   <trkpt lat="50.556267" lon="2.230294"><ele>124.25</ele></trkpt>
   <trkpt lat="50.556199" lon="2.230183"><ele>124.75</ele></trkpt>
   <trkpt lat="50.556116" lon="2.229989"><ele>125</ele></trkpt>
   <trkpt lat="50.555984" lon="2.229748"><ele>125.75</ele></trkpt>
   <trkpt lat="50.555935" lon="2.229688"><ele>126</ele></trkpt>
   <trkpt lat="50.555826" lon="2.229619"><ele>126.25</ele></trkpt>
   <trkpt lat="50.55483" lon="2.229254"><ele>129.75</ele></trkpt>
   <trkpt lat="50.554164" lon="2.229074"><ele>132.25</ele></trkpt>
   <trkpt lat="50.55356" lon="2.229071"><ele>134.75</ele></trkpt>
   <trkpt lat="50.553253" lon="2.228972"><ele>135.75</ele></trkpt>
   <trkpt lat="50.551762" lon="2.228001"><ele>142.5</ele></trkpt>
   <trkpt lat="50.551595" lon="2.227929"><ele>142.75</ele></trkpt>
   <trkpt lat="50.550005" lon="2.227694"><ele>151.75</ele></trkpt>
   <trkpt lat="50.549285" lon="2.227768"><ele>157.75</ele></trkpt>
   <trkpt lat="50.548713" lon="2.227886"><ele>161.5</ele></trkpt>
   <trkpt lat="50.548466" lon="2.227853"><ele>162.75</ele></trkpt>
   <trkpt lat="50.548224" lon="2.227797"><ele>163.75</ele></trkpt>
   <trkpt lat="50.547832" lon="2.22754"><ele>165.75</ele></trkpt>
   <trkpt lat="50.547131" lon="2.22707"><ele>168.75</ele></trkpt>
   <trkpt lat="50.546981" lon="2.227007"><ele>168.5</ele></trkpt>
   <trkpt lat="50.546123" lon="2.226539"><ele>169.25</ele></trkpt>
   <trkpt lat="50.544955" lon="2.225978"><ele>170.25</ele></trkpt>
   <trkpt lat="50.543384" lon="2.224518"><ele>176</ele></trkpt>
   <trkpt lat="50.542149" lon="2.2236"><ele>178.25</ele></trkpt>
   <trkpt lat="50.542042" lon="2.223643"><ele>178.5</ele></trkpt>
   <trkpt lat="50.540644" lon="2.227547"><ele>181</ele></trkpt>
   <trkpt lat="50.539287" lon="2.229318"><ele>182.25</ele></trkpt>
   <trkpt lat="50.539139" lon="2.229636"><ele>182</ele></trkpt>
   <trkpt lat="50.539123" lon="2.229745"><ele>182</ele></trkpt>
   <trkpt lat="50.538947" lon="2.230891"><ele>183</ele></trkpt>
   <trkpt lat="50.538452" lon="2.23258"><ele>183.25</ele></trkpt>
   <trkpt lat="50.537998" lon="2.234357"><ele>183</ele></trkpt>
   <trkpt lat="50.537574" lon="2.235403"><ele>182.25</ele></trkpt>
   <trkpt lat="50.537156" lon="2.236739"><ele>180.75</ele></trkpt>
   <trkpt lat="50.536903" lon="2.23766"><ele>179.75</ele></trkpt>
   <trkpt lat="50.536206" lon="2.240843"><ele>178.25</ele></trkpt>
   <trkpt lat="50.535748" lon="2.244559"><ele>176.5</ele></trkpt>
   <trkpt lat="50.535697" lon="2.245106"><ele>176.5</ele></trkpt>
   <trkpt lat="50.535637" lon="2.246022"><ele>176</ele></trkpt>
   <trkpt lat="50.535457" lon="2.24875"><ele>178</ele></trkpt>
   <trkpt lat="50.535225" lon="2.250336"><ele>180</ele></trkpt>
   <trkpt lat="50.535068" lon="2.251209"><ele>180.25</ele></trkpt>
   <trkpt lat="50.53492" lon="2.251693"><ele>181</ele></trkpt>
   <trkpt lat="50.534635" lon="2.252303"><ele>181.5</ele></trkpt>
   <trkpt lat="50.534581" lon="2.25242"><ele>181.75</ele></trkpt>
   <trkpt lat="50.533952" lon="2.253421"><ele>182</ele></trkpt>
   <trkpt lat="50.533558" lon="2.254116"><ele>182</ele></trkpt>
   <trkpt lat="50.533256" lon="2.25465"><ele>181</ele></trkpt>
   <trkpt lat="50.532348" lon="2.256355"><ele>180</ele></trkpt>
   <trkpt lat="50.531653" lon="2.257715"><ele>180</ele></trkpt>
   <trkpt lat="50.531441" lon="2.258104"><ele>180</ele></trkpt>
   <trkpt lat="50.531361" lon="2.258229"><ele>180</ele></trkpt>
   <trkpt lat="50.531293" lon="2.258154"><ele>180.25</ele></trkpt>
   <trkpt lat="50.531101" lon="2.258056"><ele>181</ele></trkpt>
   <trkpt lat="50.530842" lon="2.25805"><ele>180.75</ele></trkpt>
   <trkpt lat="50.530503" lon="2.258018"><ele>180.75</ele></trkpt>
   <trkpt lat="50.53016" lon="2.258029"><ele>180</ele></trkpt>
   <trkpt lat="50.528624" lon="2.257991"><ele>178.75</ele></trkpt>
   <trkpt lat="50.527391" lon="2.257578"><ele>177.5</ele></trkpt>
   <trkpt lat="50.526313" lon="2.257235"><ele>176</ele></trkpt>
   <trkpt lat="50.525132" lon="2.256511"><ele>174.25</ele></trkpt>
   <trkpt lat="50.525009" lon="2.25642"><ele>174</ele></trkpt>
   <trkpt lat="50.524641" lon="2.256146"><ele>173.5</ele></trkpt>
   <trkpt lat="50.523899" lon="2.255728"><ele>171.5</ele></trkpt>
   <trkpt lat="50.522814" lon="2.255422"><ele>169.5</ele></trkpt>
   <trkpt lat="50.522012" lon="2.255163"><ele>168</ele></trkpt>
   <trkpt lat="50.520835" lon="2.254451"><ele>167</ele></trkpt>
   <trkpt lat="50.520114" lon="2.254136"><ele>169</ele></trkpt>
   <trkpt lat="50.518884" lon="2.25409"><ele>171.5</ele></trkpt>
   <trkpt lat="50.5184" lon="2.253983"><ele>173</ele></trkpt>
   <trkpt lat="50.517964" lon="2.253887"><ele>173</ele></trkpt>
   <trkpt lat="50.517519" lon="2.253871"><ele>173</ele></trkpt>
   <trkpt lat="50.516968" lon="2.254016"><ele>172.5</ele></trkpt>
   <trkpt lat="50.515387" lon="2.254147"><ele>170</ele></trkpt>
   <trkpt lat="50.51413" lon="2.254553"><ele>167.5</ele></trkpt>
   <trkpt lat="50.513521" lon="2.254942"><ele>164.75</ele></trkpt>
   <trkpt lat="50.512987" lon="2.255319"><ele>161.75</ele></trkpt>
   <trkpt lat="50.512648" lon="2.255596"><ele>159</ele></trkpt>
   <trkpt lat="50.51219" lon="2.255888"><ele>156</ele></trkpt>
   <trkpt lat="50.511687" lon="2.256296"><ele>155.5</ele></trkpt>
   <trkpt lat="50.511069" lon="2.256693"><ele>159.25</ele></trkpt>
   <trkpt lat="50.510843" lon="2.256785"><ele>161.25</ele></trkpt>
   <trkpt lat="50.510012" lon="2.256802"><ele>165.25</ele></trkpt>
   <trkpt lat="50.509518" lon="2.257063"><ele>166.75</ele></trkpt>
   <trkpt lat="50.509119" lon="2.257201"><ele>168</ele></trkpt>
   <trkpt lat="50.507906" lon="2.257376"><ele>169</ele></trkpt>
   <trkpt lat="50.507266" lon="2.257578"><ele>170.25</ele></trkpt>
   <trkpt lat="50.506111" lon="2.258279"><ele>172</ele></trkpt>
   <trkpt lat="50.506065" lon="2.258286"><ele>172</ele></trkpt>
   <trkpt lat="50.505973" lon="2.258364"><ele>172</ele></trkpt>
   <trkpt lat="50.505308" lon="2.258666"><ele>172</ele></trkpt>
   <trkpt lat="50.504237" lon="2.258866"><ele>171</ele></trkpt>
   <trkpt lat="50.503781" lon="2.258696"><ele>171</ele></trkpt>
   <trkpt lat="50.50351" lon="2.258561"><ele>171</ele></trkpt>
   <trkpt lat="50.503287" lon="2.25845"><ele>171</ele></trkpt>
   <trkpt lat="50.503031" lon="2.258412"><ele>170.75</ele></trkpt>
   <trkpt lat="50.502995" lon="2.258406"><ele>170.75</ele></trkpt>
   <trkpt lat="50.502257" lon="2.258323"><ele>170</ele></trkpt>
   <trkpt lat="50.501466" lon="2.258179"><ele>169</ele></trkpt>
   <trkpt lat="50.501413" lon="2.258151"><ele>169</ele></trkpt>
   <trkpt lat="50.500558" lon="2.257847"><ele>168</ele></trkpt>
   <trkpt lat="50.499952" lon="2.257657"><ele>166.25</ele></trkpt>
   <trkpt lat="50.499473" lon="2.257292"><ele>166</ele></trkpt>
   <trkpt lat="50.498736" lon="2.256956"><ele>165</ele></trkpt>
   <trkpt lat="50.497972" lon="2.257042"><ele>165.25</ele></trkpt>
   <trkpt lat="50.497547" lon="2.257115"><ele>165.75</ele></trkpt>
   <trkpt lat="50.497334" lon="2.257131"><ele>166</ele></trkpt>
   <trkpt lat="50.497239" lon="2.257125"><ele>166</ele></trkpt>
   <trkpt lat="50.497121" lon="2.257101"><ele>166</ele></trkpt>
   <trkpt lat="50.496872" lon="2.257009"><ele>165.75</ele></trkpt>
   <trkpt lat="50.496615" lon="2.256896"><ele>165</ele></trkpt>
   <trkpt lat="50.496207" lon="2.256789"><ele>165</ele></trkpt>
   <trkpt lat="50.495576" lon="2.25673"><ele>164.75</ele></trkpt>
   <trkpt lat="50.495299" lon="2.256693"><ele>164</ele></trkpt>
   <trkpt lat="50.495139" lon="2.25606"><ele>165</ele></trkpt>
   <trkpt lat="50.494956" lon="2.255486"><ele>166</ele></trkpt>
   <trkpt lat="50.49475" lon="2.254735"><ele>166</ele></trkpt>
   <trkpt lat="50.494647" lon="2.254493"><ele>166</ele></trkpt>
   <trkpt lat="50.494473" lon="2.254155"><ele>165</ele></trkpt>
   <trkpt lat="50.49369" lon="2.25273"><ele>163.25</ele></trkpt>
   <trkpt lat="50.493206" lon="2.251827"><ele>161</ele></trkpt>
   <trkpt lat="50.492707" lon="2.251098"><ele>159.75</ele></trkpt>
   <trkpt lat="50.492398" lon="2.250535"><ele>159.5</ele></trkpt>
   <trkpt lat="50.491899" lon="2.249292"><ele>158.75</ele></trkpt>
   <trkpt lat="50.491506" lon="2.248227"><ele>157.25</ele></trkpt>
   <trkpt lat="50.491324" lon="2.247546"><ele>156</ele></trkpt>
   <trkpt lat="50.491167" lon="2.247152"><ele>154.75</ele></trkpt>
   <trkpt lat="50.490941" lon="2.246754"><ele>153.5</ele></trkpt>
   <trkpt lat="50.490711" lon="2.246382"><ele>152.75</ele></trkpt>
   <trkpt lat="50.49044" lon="2.246094"><ele>152.25</ele></trkpt>
   <trkpt lat="50.490136" lon="2.245824"><ele>151.75</ele></trkpt>
   <trkpt lat="50.489886" lon="2.245641"><ele>152</ele></trkpt>
   <trkpt lat="50.489216" lon="2.246892"><ele>152</ele></trkpt>
   <trkpt lat="50.488666" lon="2.247947"><ele>148.5</ele></trkpt>
   <trkpt lat="50.488516" lon="2.248359"><ele>147.5</ele></trkpt>
   <trkpt lat="50.488328" lon="2.249119"><ele>145.75</ele></trkpt>
   <trkpt lat="50.488153" lon="2.249925"><ele>146.75</ele></trkpt>
   <trkpt lat="50.487992" lon="2.250679"><ele>149.5</ele></trkpt>
   <trkpt lat="50.487893" lon="2.251001"><ele>150.75</ele></trkpt>
   <trkpt lat="50.487794" lon="2.251181"><ele>151.25</ele></trkpt>
   <trkpt lat="50.487684" lon="2.251325"><ele>152</ele></trkpt>
   <trkpt lat="50.487385" lon="2.251688"><ele>153</ele></trkpt>
   <trkpt lat="50.486709" lon="2.252369"><ele>152</ele></trkpt>
   <trkpt lat="50.485719" lon="2.253442"><ele>148.5</ele></trkpt>
   <trkpt lat="50.484554" lon="2.254792"><ele>143.25</ele></trkpt>
   <trkpt lat="50.484" lon="2.255365"><ele>140.75</ele></trkpt>
   <trkpt lat="50.483765" lon="2.25552"><ele>139.5</ele></trkpt>
   <trkpt lat="50.483137" lon="2.25558"><ele>138.25</ele></trkpt>
   <trkpt lat="50.483064" lon="2.255621"><ele>138.25</ele></trkpt>
   <trkpt lat="50.482775" lon="2.255861"><ele>139</ele></trkpt>
   <trkpt lat="50.481867" lon="2.257077"><ele>142.75</ele></trkpt>
   <trkpt lat="50.481341" lon="2.257644"><ele>143</ele></trkpt>
   <trkpt lat="50.480646" lon="2.258082"><ele>142.25</ele></trkpt>
   <trkpt lat="50.479866" lon="2.258052"><ele>140</ele></trkpt>
   <trkpt lat="50.479631" lon="2.258241"><ele>139</ele></trkpt>
   <trkpt lat="50.479277" lon="2.258883"><ele>136.25</ele></trkpt>
   <trkpt lat="50.478653" lon="2.261004"><ele>128.5</ele></trkpt>
   <trkpt lat="50.478511" lon="2.261391"><ele>127.25</ele></trkpt>
   <trkpt lat="50.478196" lon="2.261828"><ele>123.75</ele></trkpt>
   <trkpt lat="50.477717" lon="2.262314"><ele>119.5</ele></trkpt>
   <trkpt lat="50.476998" lon="2.262958"><ele>114</ele></trkpt>
   <trkpt lat="50.476347" lon="2.263503"><ele>108.5</ele></trkpt>
   <trkpt lat="50.47585" lon="2.263951"><ele>102.75</ele></trkpt>
   <trkpt lat="50.47571" lon="2.264059"><ele>102</ele></trkpt>
   <trkpt lat="50.474985" lon="2.265136"><ele>94</ele></trkpt>
   <trkpt lat="50.474715" lon="2.265581"><ele>91.5</ele></trkpt>
   <trkpt lat="50.474431" lon="2.266046"><ele>87.25</ele></trkpt>
   <trkpt lat="50.474261" lon="2.266206"><ele>87</ele></trkpt>
   <trkpt lat="50.473877" lon="2.266493"><ele>83.75</ele></trkpt>
   <trkpt lat="50.473761" lon="2.266571"><ele>83</ele></trkpt>
   <trkpt lat="50.47362" lon="2.266688"><ele>82</ele></trkpt>
   <trkpt lat="50.473589" lon="2.266742"><ele>81.75</ele></trkpt>
   <trkpt lat="50.473732" lon="2.266953"><ele>82.75</ele></trkpt>
   <trkpt lat="50.473841" lon="2.267069"><ele>83</ele></trkpt>
   <trkpt lat="50.474162" lon="2.267338"><ele>84</ele></trkpt>
   <trkpt lat="50.474367" lon="2.267511"><ele>84.25</ele></trkpt>
   <trkpt lat="50.474457" lon="2.267607"><ele>84.5</ele></trkpt>
   <trkpt lat="50.474632" lon="2.267805"><ele>84.5</ele></trkpt>
   <trkpt lat="50.474909" lon="2.268196"><ele>84.25</ele></trkpt>
   <trkpt lat="50.474935" lon="2.268237"><ele>84.25</ele></trkpt>
   <trkpt lat="50.474985" lon="2.268321"><ele>84</ele></trkpt>
   <trkpt lat="50.475139" lon="2.268572"><ele>84.5</ele></trkpt>
   <trkpt lat="50.475113" lon="2.268615"><ele>84.25</ele></trkpt>
   <trkpt lat="50.475057" lon="2.268718"><ele>84</ele></trkpt>
   <trkpt lat="50.474884" lon="2.269035"><ele>83.25</ele></trkpt>
   <trkpt lat="50.474784" lon="2.269217"><ele>82.25</ele></trkpt>
   <trkpt lat="50.474688" lon="2.269418"><ele>82</ele></trkpt>
   <trkpt lat="50.474501" lon="2.269773"><ele>81</ele></trkpt>
   <trkpt lat="50.474398" lon="2.269932"><ele>80</ele></trkpt>
   <trkpt lat="50.474343" lon="2.27001"><ele>80</ele></trkpt>
   <trkpt lat="50.474065" lon="2.270324"><ele>79</ele></trkpt>
   <trkpt lat="50.473932" lon="2.270453"><ele>79</ele></trkpt>
   <trkpt lat="50.473648" lon="2.270737"><ele>79.5</ele></trkpt>
   <trkpt lat="50.47336" lon="2.271077"><ele>78.75</ele></trkpt>
   <trkpt lat="50.473348" lon="2.271193"><ele>79.5</ele></trkpt>
   <trkpt lat="50.473315" lon="2.271447"><ele>82.25</ele></trkpt>
   <trkpt lat="50.473382" lon="2.271777"><ele>87.5</ele></trkpt>
   <trkpt lat="50.473632" lon="2.272368"><ele>93.5</ele></trkpt>
   <trkpt lat="50.474113" lon="2.273201"><ele>99</ele></trkpt>
   <trkpt lat="50.475187" lon="2.274849"><ele>108.25</ele></trkpt>
   <trkpt lat="50.476366" lon="2.276329"><ele>117.25</ele></trkpt>
   <trkpt lat="50.476557" lon="2.276669"><ele>118.75</ele></trkpt>
   <trkpt lat="50.476656" lon="2.277101"><ele>120.25</ele></trkpt>
   <trkpt lat="50.476675" lon="2.277531"><ele>122.75</ele></trkpt>
   <trkpt lat="50.476622" lon="2.27825"><ele>126.75</ele></trkpt>
   <trkpt lat="50.476575" lon="2.278694"><ele>129.25</ele></trkpt>
   <trkpt lat="50.476438" lon="2.280619"><ele>137.25</ele></trkpt>
   <trkpt lat="50.476349" lon="2.281766"><ele>141.5</ele></trkpt>
   <trkpt lat="50.476257" lon="2.282946"><ele>145</ele></trkpt>
   <trkpt lat="50.476114" lon="2.284545"><ele>147.75</ele></trkpt>
   <trkpt lat="50.475981" lon="2.28672"><ele>149</ele></trkpt>
   <trkpt lat="50.475995" lon="2.288431"><ele>152.25</ele></trkpt>
   <trkpt lat="50.475978" lon="2.289568"><ele>154.25</ele></trkpt>
   <trkpt lat="50.475804" lon="2.290578"><ele>156</ele></trkpt>
   <trkpt lat="50.475694" lon="2.291741"><ele>154.75</ele></trkpt>
   <trkpt lat="50.475588" lon="2.293946"><ele>148.75</ele></trkpt>
   <trkpt lat="50.475532" lon="2.294482"><ele>145.25</ele></trkpt>
   <trkpt lat="50.475528" lon="2.294516"><ele>145.25</ele></trkpt>
   <trkpt lat="50.475293" lon="2.296293"><ele>138.5</ele></trkpt>
   <trkpt lat="50.475267" lon="2.296668"><ele>136.75</ele></trkpt>
   <trkpt lat="50.475285" lon="2.297332"><ele>132.5</ele></trkpt>
   <trkpt lat="50.475368" lon="2.297819"><ele>130.25</ele></trkpt>
   <trkpt lat="50.475431" lon="2.298184"><ele>128</ele></trkpt>
   <trkpt lat="50.475451" lon="2.2986"><ele>125.25</ele></trkpt>
   <trkpt lat="50.475423" lon="2.299189"><ele>121.25</ele></trkpt>
   <trkpt lat="50.47537" lon="2.299931"><ele>118</ele></trkpt>
   <trkpt lat="50.475293" lon="2.30079"><ele>113.5</ele></trkpt>
   <trkpt lat="50.475238" lon="2.301156"><ele>111.75</ele></trkpt>
   <trkpt lat="50.47505" lon="2.302265"><ele>106.75</ele></trkpt>
   <trkpt lat="50.474867" lon="2.302752"><ele>106</ele></trkpt>
   <trkpt lat="50.47466" lon="2.303333"><ele>105</ele></trkpt>
   <trkpt lat="50.474535" lon="2.303993"><ele>105</ele></trkpt>
   <trkpt lat="50.474246" lon="2.304958"><ele>103.5</ele></trkpt>
   <trkpt lat="50.474214" lon="2.305138"><ele>103.25</ele></trkpt>
   <trkpt lat="50.474194" lon="2.305355"><ele>103</ele></trkpt>
   <trkpt lat="50.47421" lon="2.305542"><ele>103</ele></trkpt>
   <trkpt lat="50.474271" lon="2.306032"><ele>104.25</ele></trkpt>
   <trkpt lat="50.474385" lon="2.307132"><ele>105</ele></trkpt>
   <trkpt lat="50.47452" lon="2.308306"><ele>107.5</ele></trkpt>
   <trkpt lat="50.474701" lon="2.310232"><ele>109.75</ele></trkpt>
   <trkpt lat="50.4748" lon="2.310747"><ele>111.5</ele></trkpt>
   <trkpt lat="50.475174" lon="2.312319"><ele>113.5</ele></trkpt>
   <trkpt lat="50.475819" lon="2.313889"><ele>115</ele></trkpt>
   <trkpt lat="50.476083" lon="2.314505"><ele>116.25</ele></trkpt>
   <trkpt lat="50.476291" lon="2.314972"><ele>117.75</ele></trkpt>
   <trkpt lat="50.476418" lon="2.315369"><ele>119</ele></trkpt>
   <trkpt lat="50.476472" lon="2.315578"><ele>120.75</ele></trkpt>
   <trkpt lat="50.476514" lon="2.31606"><ele>121.75</ele></trkpt>
   <trkpt lat="50.476395" lon="2.322775"><ele>152</ele></trkpt>
   <trkpt lat="50.476396" lon="2.324872"><ele>163.5</ele></trkpt>
   <trkpt lat="50.476406" lon="2.326265"><ele>166.5</ele></trkpt>
   <trkpt lat="50.47644" lon="2.326599"><ele>167.25</ele></trkpt>
   <trkpt lat="50.47647" lon="2.326738"><ele>167.5</ele></trkpt>
   <trkpt lat="50.476556" lon="2.327017"><ele>167.5</ele></trkpt>
   <trkpt lat="50.47721" lon="2.328713"><ele>168.75</ele></trkpt>
   <trkpt lat="50.478163" lon="2.332091"><ele>172.5</ele></trkpt>
   <trkpt lat="50.478562" lon="2.333306"><ele>173.75</ele></trkpt>
   <trkpt lat="50.47863" lon="2.333735"><ele>173.75</ele></trkpt>
   <trkpt lat="50.478589" lon="2.336399"><ele>168.5</ele></trkpt>
   <trkpt lat="50.478503" lon="2.342129"><ele>168.5</ele></trkpt>
   <trkpt lat="50.478488" lon="2.343079"><ele>169.25</ele></trkpt>
   <trkpt lat="50.478498" lon="2.343365"><ele>170</ele></trkpt>
   <trkpt lat="50.478502" lon="2.343467"><ele>170</ele></trkpt>
   <trkpt lat="50.478559" lon="2.343878"><ele>170</ele></trkpt>
   <trkpt lat="50.478832" lon="2.345338"><ele>171</ele></trkpt>
   <trkpt lat="50.478989" lon="2.346598"><ele>171</ele></trkpt>
   <trkpt lat="50.479297" lon="2.348076"><ele>169.75</ele></trkpt>
   <trkpt lat="50.479347" lon="2.348427"><ele>169.25</ele></trkpt>
   <trkpt lat="50.479386" lon="2.349079"><ele>168</ele></trkpt>
   <trkpt lat="50.479389" lon="2.349125"><ele>168</ele></trkpt>
   <trkpt lat="50.478511" lon="2.34944"><ele>168</ele></trkpt>
   <trkpt lat="50.477907" lon="2.349747"><ele>167.5</ele></trkpt>
   <trkpt lat="50.477493" lon="2.350011"><ele>167</ele></trkpt>
   <trkpt lat="50.476945" lon="2.350511"><ele>166</ele></trkpt>
   <trkpt lat="50.476645" lon="2.350745"><ele>166.75</ele></trkpt>
   <trkpt lat="50.476355" lon="2.35088"><ele>166.75</ele></trkpt>
   <trkpt lat="50.475678" lon="2.351111"><ele>166.5</ele></trkpt>
   <trkpt lat="50.475538" lon="2.35114"><ele>167</ele></trkpt>
   <trkpt lat="50.474623" lon="2.351326"><ele>167.25</ele></trkpt>
   <trkpt lat="50.474163" lon="2.351384"><ele>168</ele></trkpt>
   <trkpt lat="50.473956" lon="2.351337"><ele>167.75</ele></trkpt>
   <trkpt lat="50.473418" lon="2.351149"><ele>167</ele></trkpt>
   <trkpt lat="50.472544" lon="2.350616"><ele>166.5</ele></trkpt>
   <trkpt lat="50.471159" lon="2.349814"><ele>166</ele></trkpt>
   <trkpt lat="50.470969" lon="2.349736"><ele>166</ele></trkpt>
   <trkpt lat="50.470843" lon="2.349704"><ele>166</ele></trkpt>
   <trkpt lat="50.470787" lon="2.349691"><ele>166</ele></trkpt>
   <trkpt lat="50.470693" lon="2.349666"><ele>166</ele></trkpt>
   <trkpt lat="50.470591" lon="2.34965"><ele>166</ele></trkpt>
   <trkpt lat="50.47038" lon="2.349657"><ele>166</ele></trkpt>
   <trkpt lat="50.470228" lon="2.349678"><ele>166</ele></trkpt>
   <trkpt lat="50.470067" lon="2.349733"><ele>165.75</ele></trkpt>
   <trkpt lat="50.469789" lon="2.349867"><ele>165.25</ele></trkpt>
   <trkpt lat="50.46767" lon="2.351256"><ele>160.25</ele></trkpt>
   <trkpt lat="50.466195" lon="2.351848"><ele>159</ele></trkpt>
   <trkpt lat="50.466122" lon="2.351877"><ele>159</ele></trkpt>
   <trkpt lat="50.46583" lon="2.352014"><ele>159</ele></trkpt>
   <trkpt lat="50.464116" lon="2.35275"><ele>163.75</ele></trkpt>
   <trkpt lat="50.463935" lon="2.352893"><ele>163.25</ele></trkpt>
   <trkpt lat="50.463438" lon="2.351501"><ele>165</ele></trkpt>
   <trkpt lat="50.463084" lon="2.35028"><ele>166</ele></trkpt>
   <trkpt lat="50.462821" lon="2.349246"><ele>167</ele></trkpt>
   <trkpt lat="50.4627" lon="2.348838"><ele>167</ele></trkpt>
   <trkpt lat="50.462509" lon="2.348218"><ele>167</ele></trkpt>
   <trkpt lat="50.462357" lon="2.347856"><ele>167</ele></trkpt>
   <trkpt lat="50.462115" lon="2.347421"><ele>167</ele></trkpt>
   <trkpt lat="50.461757" lon="2.346835"><ele>166.5</ele></trkpt>
   <trkpt lat="50.46099" lon="2.3457"><ele>165.75</ele></trkpt>
   <trkpt lat="50.460278" lon="2.344674"><ele>164</ele></trkpt>
   <trkpt lat="50.460188" lon="2.344522"><ele>164.25</ele></trkpt>
   <trkpt lat="50.459528" lon="2.34361"><ele>163.25</ele></trkpt>
   <trkpt lat="50.457864" lon="2.341535"><ele>159.5</ele></trkpt>
   <trkpt lat="50.455864" lon="2.338833"><ele>155.25</ele></trkpt>
   <trkpt lat="50.455575" lon="2.338449"><ele>155.25</ele></trkpt>
   <trkpt lat="50.455182" lon="2.337899"><ele>154.5</ele></trkpt>
   <trkpt lat="50.455024" lon="2.337749"><ele>154</ele></trkpt>
   <trkpt lat="50.454213" lon="2.336775"><ele>150.75</ele></trkpt>
   <trkpt lat="50.453694" lon="2.336153"><ele>150.75</ele></trkpt>
   <trkpt lat="50.453331" lon="2.335577"><ele>149</ele></trkpt>
   <trkpt lat="50.453156" lon="2.335245"><ele>149</ele></trkpt>
   <trkpt lat="50.451542" lon="2.333453"><ele>146.75</ele></trkpt>
   <trkpt lat="50.450957" lon="2.332887"><ele>145.75</ele></trkpt>
   <trkpt lat="50.450438" lon="2.332264"><ele>145</ele></trkpt>
   <trkpt lat="50.450127" lon="2.332068"><ele>144.75</ele></trkpt>
   <trkpt lat="50.449711" lon="2.331822"><ele>146.5</ele></trkpt>
   <trkpt lat="50.449153" lon="2.331384"><ele>148</ele></trkpt>
   <trkpt lat="50.449205" lon="2.33164"><ele>148.5</ele></trkpt>
   <trkpt lat="50.449225" lon="2.332194"><ele>149.5</ele></trkpt>
   <trkpt lat="50.449206" lon="2.33239"><ele>150.25</ele></trkpt>
   <trkpt lat="50.449193" lon="2.332419"><ele>151</ele></trkpt>
   <trkpt lat="50.449142" lon="2.332535"><ele>151</ele></trkpt>
   <trkpt lat="50.448903" lon="2.332906"><ele>151.75</ele></trkpt>
   <trkpt lat="50.448842" lon="2.333085"><ele>152</ele></trkpt>
   <trkpt lat="50.448794" lon="2.333323"><ele>152</ele></trkpt>
   <trkpt lat="50.448798" lon="2.333517"><ele>152</ele></trkpt>
   <trkpt lat="50.44888" lon="2.334112"><ele>152</ele></trkpt>
   <trkpt lat="50.448968" lon="2.334914"><ele>153</ele></trkpt>
   <trkpt lat="50.449246" lon="2.336982"><ele>152</ele></trkpt>
   <trkpt lat="50.449246" lon="2.337465"><ele>152</ele></trkpt>
   <trkpt lat="50.449191" lon="2.338549"><ele>149.25</ele></trkpt>
   <trkpt lat="50.449198" lon="2.338881"><ele>149</ele></trkpt>
   <trkpt lat="50.449239" lon="2.339192"><ele>149</ele></trkpt>
   <trkpt lat="50.449902" lon="2.34269"><ele>147.75</ele></trkpt>
   <trkpt lat="50.449887" lon="2.342964"><ele>147.5</ele></trkpt>
   <trkpt lat="50.449662" lon="2.343296"><ele>146</ele></trkpt>
   <trkpt lat="50.44958" lon="2.343436"><ele>146</ele></trkpt>
   <trkpt lat="50.449628" lon="2.343822"><ele>146</ele></trkpt>
   <trkpt lat="50.449697" lon="2.344342"><ele>146</ele></trkpt>
   <trkpt lat="50.449676" lon="2.344745"><ele>147</ele></trkpt>
   <trkpt lat="50.44956" lon="2.345104"><ele>147</ele></trkpt>
   <trkpt lat="50.449129" lon="2.34615"><ele>150.25</ele></trkpt>
   <trkpt lat="50.448993" lon="2.346552"><ele>152</ele></trkpt>
   <trkpt lat="50.448946" lon="2.346896"><ele>152.75</ele></trkpt>
   <trkpt lat="50.448951" lon="2.347663"><ele>154.75</ele></trkpt>
   <trkpt lat="50.448856" lon="2.347995"><ele>155</ele></trkpt>
   <trkpt lat="50.448521" lon="2.348693"><ele>157.25</ele></trkpt>
   <trkpt lat="50.44818" lon="2.349739"><ele>158</ele></trkpt>
   <trkpt lat="50.447838" lon="2.350259"><ele>159</ele></trkpt>
   <trkpt lat="50.447448" lon="2.350871"><ele>158.75</ele></trkpt>
   <trkpt lat="50.447189" lon="2.351697"><ele>158.75</ele></trkpt>
   <trkpt lat="50.446888" lon="2.352802"><ele>159</ele></trkpt>
   <trkpt lat="50.446411" lon="2.354116"><ele>160</ele></trkpt>
   <trkpt lat="50.445761" lon="2.355418"><ele>158</ele></trkpt>
   <trkpt lat="50.445323" lon="2.35628"><ele>157</ele></trkpt>
   <trkpt lat="50.445071" lon="2.356728"><ele>156.75</ele></trkpt>
   <trkpt lat="50.444797" lon="2.357308"><ele>156</ele></trkpt>
   <trkpt lat="50.443692" lon="2.359781"><ele>152.25</ele></trkpt>
   <trkpt lat="50.443281" lon="2.360462"><ele>151.75</ele></trkpt>
   <trkpt lat="50.442741" lon="2.361251"><ele>151.75</ele></trkpt>
   <trkpt lat="50.442502" lon="2.361618"><ele>152.75</ele></trkpt>
   <trkpt lat="50.442017" lon="2.362303"><ele>153</ele></trkpt>
   <trkpt lat="50.44052" lon="2.364507"><ele>155</ele></trkpt>
   <trkpt lat="50.440069" lon="2.365204"><ele>156</ele></trkpt>
   <trkpt lat="50.439714" lon="2.366003"><ele>156</ele></trkpt>
   <trkpt lat="50.439232" lon="2.367054"><ele>156</ele></trkpt>
   <trkpt lat="50.438892" lon="2.367714"><ele>156.75</ele></trkpt>
   <trkpt lat="50.438711" lon="2.368084"><ele>156.75</ele></trkpt>
   <trkpt lat="50.438612" lon="2.368326"><ele>156.75</ele></trkpt>
   <trkpt lat="50.438433" lon="2.368932"><ele>156.5</ele></trkpt>
   <trkpt lat="50.438303" lon="2.36933"><ele>156.25</ele></trkpt>
   <trkpt lat="50.437926" lon="2.370627"><ele>155.25</ele></trkpt>
   <trkpt lat="50.43791" lon="2.370788"><ele>155.5</ele></trkpt>
   <trkpt lat="50.437989" lon="2.370728"><ele>155</ele></trkpt>
   <trkpt lat="50.43836" lon="2.370546"><ele>155</ele></trkpt>
   <trkpt lat="50.438902" lon="2.370427"><ele>154.75</ele></trkpt>
   <trkpt lat="50.43836" lon="2.370546"><ele>155</ele></trkpt>
   <trkpt lat="50.437989" lon="2.370728"><ele>155</ele></trkpt>
   <trkpt lat="50.43791" lon="2.370788"><ele>155.5</ele></trkpt>
   <trkpt lat="50.437848" lon="2.37088"><ele>155.5</ele></trkpt>
   <trkpt lat="50.437774" lon="2.371011"><ele>156</ele></trkpt>
   <trkpt lat="50.437582" lon="2.371438"><ele>156.75</ele></trkpt>
   <trkpt lat="50.437349" lon="2.371907"><ele>157.5</ele></trkpt>
   <trkpt lat="50.436753" lon="2.372569"><ele>157.75</ele></trkpt>
   <trkpt lat="50.436565" lon="2.372854"><ele>157.25</ele></trkpt>
   <trkpt lat="50.436445" lon="2.373152"><ele>156.5</ele></trkpt>
   <trkpt lat="50.436332" lon="2.373632"><ele>155.5</ele></trkpt>
   <trkpt lat="50.436233" lon="2.373925"><ele>154.75</ele></trkpt>
   <trkpt lat="50.436092" lon="2.374139"><ele>154</ele></trkpt>
   <trkpt lat="50.435783" lon="2.374467"><ele>153</ele></trkpt>
   <trkpt lat="50.435665" lon="2.374624"><ele>153</ele></trkpt>
   <trkpt lat="50.435558" lon="2.374832"><ele>152.75</ele></trkpt>
   <trkpt lat="50.435453" lon="2.375075"><ele>153.5</ele></trkpt>
   <trkpt lat="50.43529" lon="2.375268"><ele>153.75</ele></trkpt>
   <trkpt lat="50.43488" lon="2.37567"><ele>156.25</ele></trkpt>
   <trkpt lat="50.434851" lon="2.37575"><ele>156.5</ele></trkpt>
   <trkpt lat="50.434841" lon="2.375842"><ele>156.5</ele></trkpt>
   <trkpt lat="50.434735" lon="2.375868"><ele>156.75</ele></trkpt>
   <trkpt lat="50.434639" lon="2.375909"><ele>157</ele></trkpt>
   <trkpt lat="50.434549" lon="2.375968"><ele>157.25</ele></trkpt>
   <trkpt lat="50.434017" lon="2.376436"><ele>158.5</ele></trkpt>
   <trkpt lat="50.433941" lon="2.37649"><ele>158.75</ele></trkpt>
   <trkpt lat="50.43387" lon="2.376519"><ele>159</ele></trkpt>
   <trkpt lat="50.433779" lon="2.376533"><ele>159.25</ele></trkpt>
   <trkpt lat="50.433771" lon="2.376623"><ele>159.25</ele></trkpt>
   <trkpt lat="50.433738" lon="2.376696"><ele>159.25</ele></trkpt>
   <trkpt lat="50.433408" lon="2.377464"><ele>159</ele></trkpt>
   <trkpt lat="50.43307" lon="2.378259"><ele>157.75</ele></trkpt>
   <trkpt lat="50.432991" lon="2.378451"><ele>157.5</ele></trkpt>
   <trkpt lat="50.432839" lon="2.378798"><ele>156.75</ele></trkpt>
   <trkpt lat="50.432355" lon="2.379897"><ele>156.5</ele></trkpt>
   <trkpt lat="50.432136" lon="2.380413"><ele>157.25</ele></trkpt>
   <trkpt lat="50.43147" lon="2.381974"><ele>160</ele></trkpt>
   <trkpt lat="50.431039" lon="2.382987"><ele>160</ele></trkpt>
   <trkpt lat="50.430446" lon="2.384312"><ele>158.75</ele></trkpt>
   <trkpt lat="50.430299" lon="2.384591"><ele>158</ele></trkpt>
   <trkpt lat="50.430111" lon="2.384893"><ele>157.5</ele></trkpt>
   <trkpt lat="50.42943" lon="2.385928"><ele>156</ele></trkpt>
   <trkpt lat="50.428197" lon="2.387843"><ele>156.25</ele></trkpt>
   <trkpt lat="50.428103" lon="2.387995"><ele>156.75</ele></trkpt>
   <trkpt lat="50.427967" lon="2.388251"><ele>157</ele></trkpt>
   <trkpt lat="50.427786" lon="2.388681"><ele>157</ele></trkpt>
   <trkpt lat="50.427699" lon="2.388931"><ele>157.25</ele></trkpt>
   <trkpt lat="50.427602" lon="2.389282"><ele>157.5</ele></trkpt>
   <trkpt lat="50.427244" lon="2.390901"><ele>158.75</ele></trkpt>
   <trkpt lat="50.427085" lon="2.391594"><ele>159.75</ele></trkpt>
   <trkpt lat="50.42694" lon="2.392283"><ele>161</ele></trkpt>
   <trkpt lat="50.426854" lon="2.392627"><ele>161.5</ele></trkpt>
   <trkpt lat="50.426659" lon="2.393189"><ele>163</ele></trkpt>
   <trkpt lat="50.426519" lon="2.393512"><ele>163.75</ele></trkpt>
   <trkpt lat="50.425956" lon="2.394675"><ele>165</ele></trkpt>
   <trkpt lat="50.425843" lon="2.394936"><ele>165</ele></trkpt>
   <trkpt lat="50.425724" lon="2.395272"><ele>165</ele></trkpt>
   <trkpt lat="50.425291" lon="2.396713"><ele>164</ele></trkpt>
   <trkpt lat="50.425129" lon="2.397255"><ele>164.5</ele></trkpt>
   <trkpt lat="50.424165" lon="2.400357"><ele>161.5</ele></trkpt>
   <trkpt lat="50.423965" lon="2.400943"><ele>160.5</ele></trkpt>
   <trkpt lat="50.423459" lon="2.402015"><ele>157.75</ele></trkpt>
   <trkpt lat="50.422772" lon="2.403559"><ele>156</ele></trkpt>
   <trkpt lat="50.422552" lon="2.404039"><ele>157</ele></trkpt>
   <trkpt lat="50.422245" lon="2.404737"><ele>156.75</ele></trkpt>
   <trkpt lat="50.422254" lon="2.404872"><ele>156.75</ele></trkpt>
   <trkpt lat="50.422088" lon="2.405974"><ele>158</ele></trkpt>
   <trkpt lat="50.422028" lon="2.406247"><ele>158.25</ele></trkpt>
   <trkpt lat="50.421971" lon="2.406408"><ele>158.75</ele></trkpt>
   <trkpt lat="50.421475" lon="2.407309"><ele>159</ele></trkpt>
   <trkpt lat="50.421262" lon="2.407673"><ele>159.5</ele></trkpt>
   <trkpt lat="50.421173" lon="2.407847"><ele>159.75</ele></trkpt>
   <trkpt lat="50.420868" lon="2.408356"><ele>160.75</ele></trkpt>
   <trkpt lat="50.420742" lon="2.408526"><ele>160.5</ele></trkpt>
   <trkpt lat="50.419014" lon="2.412545"><ele>164</ele></trkpt>
   <trkpt lat="50.418901" lon="2.412776"><ele>164</ele></trkpt>
   <trkpt lat="50.418792" lon="2.412968"><ele>164.75</ele></trkpt>
   <trkpt lat="50.418732" lon="2.413047"><ele>164.75</ele></trkpt>
   <trkpt lat="50.41865" lon="2.413133"><ele>165</ele></trkpt>
   <trkpt lat="50.418563" lon="2.413181"><ele>165</ele></trkpt>
   <trkpt lat="50.418419" lon="2.413202"><ele>165</ele></trkpt>
   <trkpt lat="50.41835" lon="2.413224"><ele>164.75</ele></trkpt>
   <trkpt lat="50.418311" lon="2.413232"><ele>165</ele></trkpt>
   <trkpt lat="50.418356" lon="2.413455"><ele>165</ele></trkpt>
   <trkpt lat="50.418451" lon="2.413901"><ele>165</ele></trkpt>
   <trkpt lat="50.419007" lon="2.416364"><ele>164.25</ele></trkpt>
   <trkpt lat="50.419043" lon="2.416548"><ele>164</ele></trkpt>
   <trkpt lat="50.41901" lon="2.416571"><ele>164</ele></trkpt>
   <trkpt lat="50.418684" lon="2.416838"><ele>163.5</ele></trkpt>
   <trkpt lat="50.418456" lon="2.417038"><ele>163.5</ele></trkpt>
   <trkpt lat="50.4179" lon="2.41755"><ele>161.75</ele></trkpt>
   <trkpt lat="50.417769" lon="2.417681"><ele>161.25</ele></trkpt>
   <trkpt lat="50.417691" lon="2.417817"><ele>160.75</ele></trkpt>
   <trkpt lat="50.417679" lon="2.418032"><ele>160</ele></trkpt>
   <trkpt lat="50.417678" lon="2.41837"><ele>160.25</ele></trkpt>
   <trkpt lat="50.417712" lon="2.419514"><ele>158.75</ele></trkpt>
   <trkpt lat="50.417753" lon="2.42055"><ele>158</ele></trkpt>
   <trkpt lat="50.417724" lon="2.420903"><ele>158</ele></trkpt>
   <trkpt lat="50.417733" lon="2.421081"><ele>158</ele></trkpt>
   <trkpt lat="50.41747" lon="2.42145"><ele>158</ele></trkpt>
   <trkpt lat="50.417103" lon="2.422073"><ele>158</ele></trkpt>
   <trkpt lat="50.416959" lon="2.422313"><ele>157.75</ele></trkpt>
   <trkpt lat="50.41683" lon="2.422493"><ele>158</ele></trkpt>
   <trkpt lat="50.416711" lon="2.422644"><ele>158</ele></trkpt>
   <trkpt lat="50.416588" lon="2.42275"><ele>158</ele></trkpt>
   <trkpt lat="50.416383" lon="2.4229"><ele>158.25</ele></trkpt>
   <trkpt lat="50.416193" lon="2.423027"><ele>158.75</ele></trkpt>
   <trkpt lat="50.416004" lon="2.423188"><ele>159</ele></trkpt>
   <trkpt lat="50.415916" lon="2.423288"><ele>159</ele></trkpt>
   <trkpt lat="50.415751" lon="2.423496"><ele>159</ele></trkpt>
   <trkpt lat="50.415449" lon="2.423941"><ele>159</ele></trkpt>
   <trkpt lat="50.414863" lon="2.424796"><ele>158.5</ele></trkpt>
   <trkpt lat="50.414656" lon="2.425096"><ele>157.5</ele></trkpt>
   <trkpt lat="50.414277" lon="2.42565"><ele>156.25</ele></trkpt>
   <trkpt lat="50.413888" lon="2.426207"><ele>153.75</ele></trkpt>
   <trkpt lat="50.413737" lon="2.426375"><ele>153.25</ele></trkpt>
   <trkpt lat="50.413685" lon="2.426404"><ele>153.25</ele></trkpt>
   <trkpt lat="50.4134" lon="2.426513"><ele>152</ele></trkpt>
   <trkpt lat="50.413228" lon="2.426589"><ele>151.25</ele></trkpt>
   <trkpt lat="50.413145" lon="2.426648"><ele>150.5</ele></trkpt>
   <trkpt lat="50.413087" lon="2.426748"><ele>150</ele></trkpt>
   <trkpt lat="50.413031" lon="2.426912"><ele>150</ele></trkpt>
   <trkpt lat="50.412887" lon="2.427418"><ele>150</ele></trkpt>
   <trkpt lat="50.412824" lon="2.427692"><ele>150</ele></trkpt>
   <trkpt lat="50.412766" lon="2.428021"><ele>150</ele></trkpt>
   <trkpt lat="50.412641" lon="2.428832"><ele>150</ele></trkpt>
   <trkpt lat="50.412604" lon="2.429018"><ele>149.75</ele></trkpt>
   <trkpt lat="50.41256" lon="2.429159"><ele>149.75</ele></trkpt>
   <trkpt lat="50.41253" lon="2.429262"><ele>149.75</ele></trkpt>
   <trkpt lat="50.412455" lon="2.429444"><ele>150</ele></trkpt>
   <trkpt lat="50.412374" lon="2.429604"><ele>149.5</ele></trkpt>
   <trkpt lat="50.411517" lon="2.431021"><ele>149.5</ele></trkpt>
   <trkpt lat="50.411211" lon="2.431605"><ele>149.5</ele></trkpt>
   <trkpt lat="50.410942" lon="2.432097"><ele>149.25</ele></trkpt>
   <trkpt lat="50.410705" lon="2.432469"><ele>149</ele></trkpt>
   <trkpt lat="50.41044" lon="2.432887"><ele>148.25</ele></trkpt>
   <trkpt lat="50.410121" lon="2.433459"><ele>147.5</ele></trkpt>
   <trkpt lat="50.409789" lon="2.434076"><ele>146.25</ele></trkpt>
   <trkpt lat="50.409565" lon="2.434511"><ele>145.25</ele></trkpt>
   <trkpt lat="50.409435" lon="2.434738"><ele>145</ele></trkpt>
   <trkpt lat="50.409228" lon="2.43513"><ele>144.5</ele></trkpt>
   <trkpt lat="50.408827" lon="2.435838"><ele>144</ele></trkpt>
   <trkpt lat="50.409228" lon="2.43513"><ele>144.5</ele></trkpt>
   <trkpt lat="50.409435" lon="2.434738"><ele>145</ele></trkpt>
   <trkpt lat="50.409565" lon="2.434511"><ele>145.25</ele></trkpt>
   <trkpt lat="50.409789" lon="2.434076"><ele>146.25</ele></trkpt>
   <trkpt lat="50.410046" lon="2.434497"><ele>145.75</ele></trkpt>
   <trkpt lat="50.410124" lon="2.434671"><ele>145.5</ele></trkpt>
   <trkpt lat="50.410175" lon="2.434857"><ele>145.25</ele></trkpt>
   <trkpt lat="50.410556" lon="2.437047"><ele>147</ele></trkpt>
   <trkpt lat="50.410557" lon="2.437135"><ele>147</ele></trkpt>
   <trkpt lat="50.410521" lon="2.438348"><ele>147.75</ele></trkpt>
   <trkpt lat="50.41052" lon="2.438505"><ele>147.75</ele></trkpt>
   <trkpt lat="50.410542" lon="2.438601"><ele>147.75</ele></trkpt>
   <trkpt lat="50.410607" lon="2.438822"><ele>148.25</ele></trkpt>
   <trkpt lat="50.410729" lon="2.439039"><ele>149</ele></trkpt>
   <trkpt lat="50.411415" lon="2.440364"><ele>151</ele></trkpt>
   <trkpt lat="50.411483" lon="2.440524"><ele>151.25</ele></trkpt>
   <trkpt lat="50.411423" lon="2.440813"><ele>151</ele></trkpt>
   <trkpt lat="50.411335" lon="2.448369"><ele>152</ele></trkpt>
   <trkpt lat="50.411294" lon="2.452296"><ele>150.5</ele></trkpt>
   <trkpt lat="50.411212" lon="2.452929"><ele>150</ele></trkpt>
   <trkpt lat="50.411088" lon="2.453535"><ele>149.75</ele></trkpt>
   <trkpt lat="50.410659" lon="2.454967"><ele>149</ele></trkpt>
   <trkpt lat="50.410097" lon="2.456818"><ele>146.25</ele></trkpt>
   <trkpt lat="50.409974" lon="2.457322"><ele>146.75</ele></trkpt>
   <trkpt lat="50.409844" lon="2.458266"><ele>146.25</ele></trkpt>
   <trkpt lat="50.409605" lon="2.460101"><ele>146</ele></trkpt>
   <trkpt lat="50.409428" lon="2.460804"><ele>145</ele></trkpt>
   <trkpt lat="50.408341" lon="2.464143"><ele>137</ele></trkpt>
   <trkpt lat="50.408176" lon="2.46465"><ele>136</ele></trkpt>
   <trkpt lat="50.407936" lon="2.465423"><ele>132.5</ele></trkpt>
   <trkpt lat="50.407763" lon="2.465857"><ele>130.75</ele></trkpt>
   <trkpt lat="50.40729" lon="2.466585"><ele>128</ele></trkpt>
   <trkpt lat="50.406556" lon="2.467622"><ele>122.75</ele></trkpt>
   <trkpt lat="50.40631" lon="2.468056"><ele>119.75</ele></trkpt>
   <trkpt lat="50.406098" lon="2.468571"><ele>115.75</ele></trkpt>
   <trkpt lat="50.405971" lon="2.46906"><ele>113.75</ele></trkpt>
   <trkpt lat="50.405784" lon="2.469831"><ele>110.5</ele></trkpt>
   <trkpt lat="50.405738" lon="2.469894"><ele>110</ele></trkpt>
   <trkpt lat="50.405708" lon="2.469907"><ele>109.75</ele></trkpt>
   <trkpt lat="50.405778" lon="2.470553"><ele>108</ele></trkpt>
   <trkpt lat="50.405797" lon="2.470859"><ele>107.25</ele></trkpt>
   <trkpt lat="50.405786" lon="2.47114"><ele>106</ele></trkpt>
   <trkpt lat="50.405755" lon="2.471477"><ele>103.5</ele></trkpt>
   <trkpt lat="50.405622" lon="2.47245"><ele>100.5</ele></trkpt>
   <trkpt lat="50.405613" lon="2.47269"><ele>100.25</ele></trkpt>
   <trkpt lat="50.405624" lon="2.472893"><ele>99.75</ele></trkpt>
   <trkpt lat="50.405757" lon="2.473828"><ele>98.75</ele></trkpt>
   <trkpt lat="50.405804" lon="2.474012"><ele>98.25</ele></trkpt>
   <trkpt lat="50.406005" lon="2.474543"><ele>98.25</ele></trkpt>
   <trkpt lat="50.40603" lon="2.474667"><ele>98</ele></trkpt>
   <trkpt lat="50.406034" lon="2.474824"><ele>98</ele></trkpt>
   <trkpt lat="50.406024" lon="2.474924"><ele>98</ele></trkpt>
   <trkpt lat="50.406004" lon="2.475056"><ele>98</ele></trkpt>
   <trkpt lat="50.405954" lon="2.475211"><ele>98</ele></trkpt>
   <trkpt lat="50.405885" lon="2.475351"><ele>97.75</ele></trkpt>
   <trkpt lat="50.405807" lon="2.475488"><ele>98</ele></trkpt>
   <trkpt lat="50.40571" lon="2.475592"><ele>98</ele></trkpt>
   <trkpt lat="50.405617" lon="2.47567"><ele>98</ele></trkpt>
   <trkpt lat="50.405346" lon="2.475856"><ele>98.5</ele></trkpt>
   <trkpt lat="50.405066" lon="2.475943"><ele>100</ele></trkpt>
   <trkpt lat="50.40481" lon="2.476087"><ele>102.75</ele></trkpt>
   <trkpt lat="50.404791" lon="2.47614"><ele>103</ele></trkpt>
   <trkpt lat="50.404776" lon="2.476185"><ele>103.25</ele></trkpt>
   <trkpt lat="50.404774" lon="2.476303"><ele>103.25</ele></trkpt>
   <trkpt lat="50.404894" lon="2.477129"><ele>103.75</ele></trkpt>
   <trkpt lat="50.405017" lon="2.477907"><ele>103.25</ele></trkpt>
   <trkpt lat="50.405169" lon="2.479419"><ele>104</ele></trkpt>
   <trkpt lat="50.405183" lon="2.479682"><ele>104</ele></trkpt>
   <trkpt lat="50.405174" lon="2.480101"><ele>104</ele></trkpt>
   <trkpt lat="50.404844" lon="2.482219"><ele>105.5</ele></trkpt>
   <trkpt lat="50.404778" lon="2.482622"><ele>105</ele></trkpt>
   <trkpt lat="50.404643" lon="2.483298"><ele>104.5</ele></trkpt>
   <trkpt lat="50.40457" lon="2.483534"><ele>105</ele></trkpt>
   <trkpt lat="50.404456" lon="2.483797"><ele>105.25</ele></trkpt>
   <trkpt lat="50.40425" lon="2.484114"><ele>106.5</ele></trkpt>
   <trkpt lat="50.404054" lon="2.484479"><ele>108.75</ele></trkpt>
   <trkpt lat="50.403962" lon="2.484684"><ele>109</ele></trkpt>
   <trkpt lat="50.403933" lon="2.484802"><ele>109</ele></trkpt>
   <trkpt lat="50.403905" lon="2.484986"><ele>109.75</ele></trkpt>
   <trkpt lat="50.403949" lon="2.485045"><ele>109.75</ele></trkpt>
   <trkpt lat="50.403983" lon="2.485122"><ele>110</ele></trkpt>
   <trkpt lat="50.403995" lon="2.48524"><ele>110.25</ele></trkpt>
   <trkpt lat="50.404005" lon="2.485335"><ele>110.5</ele></trkpt>
   <trkpt lat="50.404004" lon="2.485492"><ele>110.5</ele></trkpt>
   <trkpt lat="50.403989" lon="2.485649"><ele>110.25</ele></trkpt>
   <trkpt lat="50.403909" lon="2.485904"><ele>109.5</ele></trkpt>
   <trkpt lat="50.403679" lon="2.486474"><ele>108.5</ele></trkpt>
   <trkpt lat="50.403342" lon="2.487185"><ele>108</ele></trkpt>
   <trkpt lat="50.403238" lon="2.487396"><ele>107.75</ele></trkpt>
   <trkpt lat="50.402896" lon="2.48816"><ele>104.5</ele></trkpt>
   <trkpt lat="50.402658" lon="2.488579"><ele>102.5</ele></trkpt>
   <trkpt lat="50.402425" lon="2.488854"><ele>102</ele></trkpt>
   <trkpt lat="50.402199" lon="2.488962"><ele>102</ele></trkpt>
   <trkpt lat="50.401931" lon="2.489067"><ele>102</ele></trkpt>
   <trkpt lat="50.401875" lon="2.48909"><ele>102</ele></trkpt>
   <trkpt lat="50.401699" lon="2.489069"><ele>102</ele></trkpt>
   <trkpt lat="50.401495" lon="2.48907"><ele>102.75</ele></trkpt>
   <trkpt lat="50.401247" lon="2.489279"><ele>103.75</ele></trkpt>
   <trkpt lat="50.400875" lon="2.489589"><ele>105.25</ele></trkpt>
   <trkpt lat="50.400602" lon="2.489847"><ele>106.25</ele></trkpt>
   <trkpt lat="50.400485" lon="2.489994"><ele>106.5</ele></trkpt>
   <trkpt lat="50.400359" lon="2.490204"><ele>107.5</ele></trkpt>
   <trkpt lat="50.400235" lon="2.490494"><ele>107.25</ele></trkpt>
   <trkpt lat="50.400169" lon="2.49061"><ele>107.25</ele></trkpt>
   <trkpt lat="50.400093" lon="2.490721"><ele>107.5</ele></trkpt>
   <trkpt lat="50.399775" lon="2.491113"><ele>108.5</ele></trkpt>
   <trkpt lat="50.399664" lon="2.491291"><ele>108.75</ele></trkpt>
   <trkpt lat="50.399355" lon="2.491773"><ele>110</ele></trkpt>
   <trkpt lat="50.398969" lon="2.492491"><ele>114.25</ele></trkpt>
   <trkpt lat="50.398633" lon="2.493114"><ele>114.5</ele></trkpt>
   <trkpt lat="50.398595" lon="2.493272"><ele>113.25</ele></trkpt>
   <trkpt lat="50.398569" lon="2.493414"><ele>113.25</ele></trkpt>
   <trkpt lat="50.398507" lon="2.493693"><ele>114</ele></trkpt>
   <trkpt lat="50.398424" lon="2.494132"><ele>113.5</ele></trkpt>
   <trkpt lat="50.398422" lon="2.494339"><ele>113.5</ele></trkpt>
   <trkpt lat="50.398429" lon="2.494531"><ele>113.75</ele></trkpt>
   <trkpt lat="50.398444" lon="2.494707"><ele>114.5</ele></trkpt>
   <trkpt lat="50.398469" lon="2.494889"><ele>116.25</ele></trkpt>
   <trkpt lat="50.398498" lon="2.495182"><ele>118.5</ele></trkpt>
   <trkpt lat="50.39852" lon="2.495495"><ele>122.25</ele></trkpt>
   <trkpt lat="50.398575" lon="2.495678"><ele>125</ele></trkpt>
   <trkpt lat="50.398753" lon="2.495892"><ele>125.25</ele></trkpt>
   <trkpt lat="50.399033" lon="2.496144"><ele>123.5</ele></trkpt>
   <trkpt lat="50.399217" lon="2.496322"><ele>122.5</ele></trkpt>
   <trkpt lat="50.399309" lon="2.496593"><ele>122.5</ele></trkpt>
   <trkpt lat="50.399322" lon="2.496897"><ele>124.25</ele></trkpt>
   <trkpt lat="50.399272" lon="2.498987"><ele>138</ele></trkpt>
   <trkpt lat="50.399258" lon="2.500043"><ele>144</ele></trkpt>
   <trkpt lat="50.399254" lon="2.50023"><ele>145</ele></trkpt>
   <trkpt lat="50.399222" lon="2.500488"><ele>147.5</ele></trkpt>
   <trkpt lat="50.399191" lon="2.50068"><ele>149</ele></trkpt>
   <trkpt lat="50.399101" lon="2.500981"><ele>151.25</ele></trkpt>
   <trkpt lat="50.399001" lon="2.501156"><ele>152.25</ele></trkpt>
   <trkpt lat="50.398893" lon="2.501295"><ele>153.25</ele></trkpt>
   <trkpt lat="50.39839" lon="2.501968"><ele>156</ele></trkpt>
   <trkpt lat="50.39826" lon="2.502168"><ele>155.75</ele></trkpt>
   <trkpt lat="50.397918" lon="2.503317"><ele>157</ele></trkpt>
   <trkpt lat="50.39746" lon="2.505023"><ele>156.75</ele></trkpt>
   <trkpt lat="50.397173" lon="2.505934"><ele>157</ele></trkpt>
   <trkpt lat="50.396769" lon="2.506922"><ele>158.25</ele></trkpt>
   <trkpt lat="50.396626" lon="2.507351"><ele>158.25</ele></trkpt>
   <trkpt lat="50.396544" lon="2.507651"><ele>158.75</ele></trkpt>
   <trkpt lat="50.396557" lon="2.507994"><ele>159.5</ele></trkpt>
   <trkpt lat="50.396592" lon="2.508498"><ele>160</ele></trkpt>
   <trkpt lat="50.396687" lon="2.509314"><ele>160.5</ele></trkpt>
   <trkpt lat="50.396708" lon="2.509615"><ele>161</ele></trkpt>
   <trkpt lat="50.396706" lon="2.509767"><ele>161</ele></trkpt>
   <trkpt lat="50.396626" lon="2.510558"><ele>161.5</ele></trkpt>
   <trkpt lat="50.396538" lon="2.511261"><ele>161.5</ele></trkpt>
   <trkpt lat="50.396427" lon="2.511814"><ele>161</ele></trkpt>
   <trkpt lat="50.396236" lon="2.512328"><ele>160.25</ele></trkpt>
   <trkpt lat="50.395815" lon="2.51335"><ele>158</ele></trkpt>
   <trkpt lat="50.395769" lon="2.513475"><ele>158.5</ele></trkpt>
   <trkpt lat="50.395757" lon="2.513508"><ele>158.5</ele></trkpt>
   <trkpt lat="50.396742" lon="2.514329"><ele>161.75</ele></trkpt>
   <trkpt lat="50.397514" lon="2.514929"><ele>165</ele></trkpt>
   <trkpt lat="50.398146" lon="2.515448"><ele>167.75</ele></trkpt>
   <trkpt lat="50.398388" lon="2.51567"><ele>168.5</ele></trkpt>
   <trkpt lat="50.398419" lon="2.515706"><ele>168.75</ele></trkpt>
   <trkpt lat="50.398846" lon="2.516203"><ele>170.75</ele></trkpt>
   <trkpt lat="50.399276" lon="2.516703"><ele>171.25</ele></trkpt>
   <trkpt lat="50.399263" lon="2.516732"><ele>171.25</ele></trkpt>
   <trkpt lat="50.399031" lon="2.517254"><ele>170.75</ele></trkpt>
   <trkpt lat="50.39806" lon="2.518764"><ele>167.25</ele></trkpt>
   <trkpt lat="50.396627" lon="2.522296"><ele>163</ele></trkpt>
   <trkpt lat="50.396342" lon="2.522944"><ele>161.75</ele></trkpt>
   <trkpt lat="50.396213" lon="2.523237"><ele>161.25</ele></trkpt>
   <trkpt lat="50.396135" lon="2.52343"><ele>161</ele></trkpt>
   <trkpt lat="50.395997" lon="2.523729"><ele>161</ele></trkpt>
   <trkpt lat="50.395805" lon="2.524106"><ele>160</ele></trkpt>
   <trkpt lat="50.395325" lon="2.524953"><ele>158.25</ele></trkpt>
   <trkpt lat="50.39434" lon="2.526539"><ele>153.75</ele></trkpt>
   <trkpt lat="50.394232" lon="2.526672"><ele>153</ele></trkpt>
   <trkpt lat="50.393964" lon="2.527012"><ele>152.25</ele></trkpt>
   <trkpt lat="50.393534" lon="2.52751"><ele>151</ele></trkpt>
   <trkpt lat="50.393414" lon="2.527623"><ele>151</ele></trkpt>
   <trkpt lat="50.393164" lon="2.527814"><ele>150.5</ele></trkpt>
   <trkpt lat="50.392395" lon="2.528352"><ele>148.5</ele></trkpt>
   <trkpt lat="50.390221" lon="2.529799"><ele>144</ele></trkpt>
   <trkpt lat="50.389598" lon="2.530176"><ele>143.25</ele></trkpt>
   <trkpt lat="50.389123" lon="2.530491"><ele>142.5</ele></trkpt>
   <trkpt lat="50.388896" lon="2.530632"><ele>142</ele></trkpt>
   <trkpt lat="50.388654" lon="2.530755"><ele>142</ele></trkpt>
   <trkpt lat="50.38846" lon="2.530794"><ele>142</ele></trkpt>
   <trkpt lat="50.388339" lon="2.530774"><ele>142</ele></trkpt>
   <trkpt lat="50.38825" lon="2.530753"><ele>142</ele></trkpt>
   <trkpt lat="50.387703" lon="2.530546"><ele>142</ele></trkpt>
   <trkpt lat="50.386838" lon="2.530219"><ele>142</ele></trkpt>
   <trkpt lat="50.386266" lon="2.530251"><ele>142</ele></trkpt>
   <trkpt lat="50.38596" lon="2.530289"><ele>142.5</ele></trkpt>
   <trkpt lat="50.385669" lon="2.5303"><ele>143</ele></trkpt>
   <trkpt lat="50.385309" lon="2.530261"><ele>143.75</ele></trkpt>
   <trkpt lat="50.384987" lon="2.530208"><ele>144.5</ele></trkpt>
   <trkpt lat="50.38491" lon="2.530214"><ele>144.75</ele></trkpt>
   <trkpt lat="50.384854" lon="2.530229"><ele>145</ele></trkpt>
   <trkpt lat="50.384826" lon="2.53019"><ele>145.25</ele></trkpt>
   <trkpt lat="50.384784" lon="2.53015"><ele>145.75</ele></trkpt>
   <trkpt lat="50.384522" lon="2.530089"><ele>146.5</ele></trkpt>
   <trkpt lat="50.382861" lon="2.529755"><ele>150.75</ele></trkpt>
   <trkpt lat="50.381743" lon="2.529515"><ele>150</ele></trkpt>
   <trkpt lat="50.381535" lon="2.529496"><ele>149.5</ele></trkpt>
   <trkpt lat="50.381465" lon="2.529508"><ele>149.25</ele></trkpt>
   <trkpt lat="50.381322" lon="2.529549"><ele>149</ele></trkpt>
   <trkpt lat="50.38115" lon="2.52962"><ele>149</ele></trkpt>
   <trkpt lat="50.380443" lon="2.52996"><ele>148</ele></trkpt>
   <trkpt lat="50.37988" lon="2.530262"><ele>148.25</ele></trkpt>
   <trkpt lat="50.379671" lon="2.530417"><ele>148.25</ele></trkpt>
   <trkpt lat="50.379522" lon="2.530552"><ele>148.5</ele></trkpt>
   <trkpt lat="50.379072" lon="2.531072"><ele>148.5</ele></trkpt>
   <trkpt lat="50.378739" lon="2.531467"><ele>148.25</ele></trkpt>
   <trkpt lat="50.378403" lon="2.531848"><ele>148</ele></trkpt>
   <trkpt lat="50.378231" lon="2.532024"><ele>147.5</ele></trkpt>
   <trkpt lat="50.378068" lon="2.532153"><ele>147.75</ele></trkpt>
   <trkpt lat="50.377584" lon="2.532485"><ele>146.25</ele></trkpt>
   <trkpt lat="50.376808" lon="2.532998"><ele>144</ele></trkpt>
   <trkpt lat="50.376561" lon="2.53315"><ele>143.25</ele></trkpt>
   <trkpt lat="50.375631" lon="2.533573"><ele>139.25</ele></trkpt>
   <trkpt lat="50.37547" lon="2.533678"><ele>139</ele></trkpt>
   <trkpt lat="50.375328" lon="2.533846"><ele>139</ele></trkpt>
   <trkpt lat="50.375205" lon="2.534028"><ele>138.5</ele></trkpt>
   <trkpt lat="50.375007" lon="2.534268"><ele>138.5</ele></trkpt>
   <trkpt lat="50.374764" lon="2.534513"><ele>139.5</ele></trkpt>
   <trkpt lat="50.374508" lon="2.534719"><ele>140</ele></trkpt>
   <trkpt lat="50.374294" lon="2.534829"><ele>140.5</ele></trkpt>
   <trkpt lat="50.374059" lon="2.534887"><ele>140.5</ele></trkpt>
   <trkpt lat="50.373766" lon="2.534953"><ele>140.25</ele></trkpt>
   <trkpt lat="50.373518" lon="2.535022"><ele>139.5</ele></trkpt>
   <trkpt lat="50.373358" lon="2.535027"><ele>139</ele></trkpt>
   <trkpt lat="50.373248" lon="2.534995"><ele>138.75</ele></trkpt>
   <trkpt lat="50.373139" lon="2.534931"><ele>138.75</ele></trkpt>
   <trkpt lat="50.372837" lon="2.534692"><ele>138</ele></trkpt>
   <trkpt lat="50.37274" lon="2.534636"><ele>137.75</ele></trkpt>
   <trkpt lat="50.372628" lon="2.534604"><ele>137.75</ele></trkpt>
   <trkpt lat="50.372342" lon="2.534584"><ele>136.75</ele></trkpt>
   <trkpt lat="50.37218" lon="2.534607"><ele>136.25</ele></trkpt>
   <trkpt lat="50.371929" lon="2.534707"><ele>135</ele></trkpt>
   <trkpt lat="50.371807" lon="2.53476"><ele>134.75</ele></trkpt>
   <trkpt lat="50.371619" lon="2.534876"><ele>134.75</ele></trkpt>
   <trkpt lat="50.371425" lon="2.535064"><ele>134.5</ele></trkpt>
   <trkpt lat="50.371144" lon="2.535367"><ele>134</ele></trkpt>
   <trkpt lat="50.37091" lon="2.535661"><ele>133</ele></trkpt>
   <trkpt lat="50.370619" lon="2.536048"><ele>132.25</ele></trkpt>
   <trkpt lat="50.370437" lon="2.536258"><ele>131.75</ele></trkpt>
   <trkpt lat="50.370323" lon="2.53636"><ele>130.5</ele></trkpt>
   <trkpt lat="50.370244" lon="2.536412"><ele>130</ele></trkpt>
   <trkpt lat="50.370131" lon="2.536442"><ele>130</ele></trkpt>
   <trkpt lat="50.369934" lon="2.536452"><ele>129.75</ele></trkpt>
   <trkpt lat="50.36964" lon="2.536422"><ele>128.75</ele></trkpt>
   <trkpt lat="50.369374" lon="2.536371"><ele>127.75</ele></trkpt>
   <trkpt lat="50.369126" lon="2.536355"><ele>126.75</ele></trkpt>
   <trkpt lat="50.368906" lon="2.536468"><ele>126.25</ele></trkpt>
   <trkpt lat="50.368752" lon="2.536554"><ele>126</ele></trkpt>
   <trkpt lat="50.368632" lon="2.536664"><ele>125</ele></trkpt>
   <trkpt lat="50.368252" lon="2.537159"><ele>122</ele></trkpt>
   <trkpt lat="50.368156" lon="2.537227"><ele>122</ele></trkpt>
   <trkpt lat="50.368199" lon="2.537444"><ele>122.25</ele></trkpt>
   <trkpt lat="50.36832" lon="2.538163"><ele>122</ele></trkpt>
   <trkpt lat="50.36841" lon="2.538977"><ele>122.75</ele></trkpt>
   <trkpt lat="50.368392" lon="2.539084"><ele>122.5</ele></trkpt>
   <trkpt lat="50.368349" lon="2.539198"><ele>122</ele></trkpt>
   <trkpt lat="50.367329" lon="2.541207"><ele>123.25</ele></trkpt>
   <trkpt lat="50.367482" lon="2.541606"><ele>124.75</ele></trkpt>
   <trkpt lat="50.36758" lon="2.541821"><ele>125.5</ele></trkpt>
   <trkpt lat="50.367586" lon="2.541835"><ele>125.5</ele></trkpt>
   <trkpt lat="50.367665" lon="2.542075"><ele>126</ele></trkpt>
   <trkpt lat="50.367769" lon="2.542574"><ele>127</ele></trkpt>
   <trkpt lat="50.367854" lon="2.543116"><ele>128.75</ele></trkpt>
   <trkpt lat="50.367886" lon="2.543387"><ele>129.75</ele></trkpt>
   <trkpt lat="50.368027" lon="2.543694"><ele>130.25</ele></trkpt>
   <trkpt lat="50.368859" lon="2.54513"><ele>135</ele></trkpt>
   <trkpt lat="50.36921" lon="2.545926"><ele>136.5</ele></trkpt>
   <trkpt lat="50.369319" lon="2.546191"><ele>138</ele></trkpt>
   <trkpt lat="50.369527" lon="2.546762"><ele>138.25</ele></trkpt>
   <trkpt lat="50.369587" lon="2.546935"><ele>138.5</ele></trkpt>
   <trkpt lat="50.369895" lon="2.547888"><ele>139</ele></trkpt>
   <trkpt lat="50.370699" lon="2.550884"><ele>139.5</ele></trkpt>
   <trkpt lat="50.370756" lon="2.551151"><ele>139.75</ele></trkpt>
   <trkpt lat="50.370656" lon="2.551245"><ele>139.5</ele></trkpt>
   <trkpt lat="50.369352" lon="2.55266"><ele>139.25</ele></trkpt>
   <trkpt lat="50.368837" lon="2.553129"><ele>139</ele></trkpt>
   <trkpt lat="50.368641" lon="2.553296"><ele>139</ele></trkpt>
   <trkpt lat="50.368457" lon="2.553419"><ele>138.75</ele></trkpt>
   <trkpt lat="50.367484" lon="2.553929"><ele>136.75</ele></trkpt>
   <trkpt lat="50.366623" lon="2.55446"><ele>133.75</ele></trkpt>
   <trkpt lat="50.365594" lon="2.555014"><ele>130</ele></trkpt>
   <trkpt lat="50.365288" lon="2.5553"><ele>129</ele></trkpt>
   <trkpt lat="50.36472" lon="2.556132"><ele>126</ele></trkpt>
   <trkpt lat="50.363627" lon="2.557863"><ele>124.25</ele></trkpt>
   <trkpt lat="50.362765" lon="2.559048"><ele>121.75</ele></trkpt>
   <trkpt lat="50.362213" lon="2.559765"><ele>119.25</ele></trkpt>
   <trkpt lat="50.361582" lon="2.560343"><ele>118.75</ele></trkpt>
   <trkpt lat="50.361099" lon="2.56075"><ele>118.5</ele></trkpt>
   <trkpt lat="50.360427" lon="2.561065"><ele>116.75</ele></trkpt>
   <trkpt lat="50.359805" lon="2.561303"><ele>115.5</ele></trkpt>
   <trkpt lat="50.358781" lon="2.561713"><ele>110.5</ele></trkpt>
   <trkpt lat="50.357801" lon="2.561956"><ele>105.25</ele></trkpt>
   <trkpt lat="50.357393" lon="2.562027"><ele>104</ele></trkpt>
   <trkpt lat="50.356884" lon="2.562101"><ele>101.25</ele></trkpt>
   <trkpt lat="50.356657" lon="2.562157"><ele>100.75</ele></trkpt>
   <trkpt lat="50.356431" lon="2.562252"><ele>98.75</ele></trkpt>
   <trkpt lat="50.356325" lon="2.562357"><ele>100.25</ele></trkpt>
   <trkpt lat="50.356231" lon="2.562416"><ele>100.5</ele></trkpt>
   <trkpt lat="50.355806" lon="2.562678"><ele>98.25</ele></trkpt>
   <trkpt lat="50.355786" lon="2.562752"><ele>98</ele></trkpt>
   <trkpt lat="50.355791" lon="2.563624"><ele>100.75</ele></trkpt>
   <trkpt lat="50.355728" lon="2.564469"><ele>101.75</ele></trkpt>
   <trkpt lat="50.355732" lon="2.564766"><ele>101.75</ele></trkpt>
   <trkpt lat="50.355861" lon="2.565994"><ele>99.25</ele></trkpt>
   <trkpt lat="50.355896" lon="2.566316"><ele>98.75</ele></trkpt>
   <trkpt lat="50.35593" lon="2.566734"><ele>99.25</ele></trkpt>
   <trkpt lat="50.355935" lon="2.566892"><ele>99.25</ele></trkpt>
   <trkpt lat="50.355911" lon="2.56717"><ele>98.5</ele></trkpt>
   <trkpt lat="50.355855" lon="2.567461"><ele>96.5</ele></trkpt>
   <trkpt lat="50.355759" lon="2.567701"><ele>96.5</ele></trkpt>
   <trkpt lat="50.355615" lon="2.567946"><ele>95.75</ele></trkpt>
   <trkpt lat="50.355348" lon="2.568242"><ele>95</ele></trkpt>
   <trkpt lat="50.355026" lon="2.568601"><ele>95.75</ele></trkpt>
   <trkpt lat="50.354916" lon="2.568723"><ele>96</ele></trkpt>
   <trkpt lat="50.354368" lon="2.56931"><ele>97.5</ele></trkpt>
   <trkpt lat="50.354215" lon="2.569454"><ele>98</ele></trkpt>
   <trkpt lat="50.354157" lon="2.569492"><ele>98.25</ele></trkpt>
   <trkpt lat="50.354128" lon="2.569538"><ele>98.5</ele></trkpt>
   <trkpt lat="50.354066" lon="2.569593"><ele>99</ele></trkpt>
   <trkpt lat="50.353875" lon="2.569731"><ele>100</ele></trkpt>
   <trkpt lat="50.35381" lon="2.569822"><ele>101</ele></trkpt>
   <trkpt lat="50.353735" lon="2.569957"><ele>101.75</ele></trkpt>
   <trkpt lat="50.353689" lon="2.570064"><ele>101.75</ele></trkpt>
   <trkpt lat="50.353646" lon="2.570162"><ele>101.5</ele></trkpt>
   <trkpt lat="50.353567" lon="2.570338"><ele>101.25</ele></trkpt>
   <trkpt lat="50.353415" lon="2.570715"><ele>102.25</ele></trkpt>
   <trkpt lat="50.353276" lon="2.571183"><ele>101.5</ele></trkpt>
   <trkpt lat="50.35299" lon="2.572259"><ele>99.5</ele></trkpt>
   <trkpt lat="50.352865" lon="2.572595"><ele>99.5</ele></trkpt>
   <trkpt lat="50.352738" lon="2.572848"><ele>98</ele></trkpt>
   <trkpt lat="50.352578" lon="2.573143"><ele>96.75</ele></trkpt>
   <trkpt lat="50.352441" lon="2.573462"><ele>96</ele></trkpt>
   <trkpt lat="50.352359" lon="2.573711"><ele>95.75</ele></trkpt>
   <trkpt lat="50.352292" lon="2.573973"><ele>94.75</ele></trkpt>
   <trkpt lat="50.352251" lon="2.574187"><ele>94</ele></trkpt>
   <trkpt lat="50.352234" lon="2.574406"><ele>94</ele></trkpt>
   <trkpt lat="50.352228" lon="2.574565"><ele>94</ele></trkpt>
   <trkpt lat="50.352202" lon="2.575195"><ele>94</ele></trkpt>
   <trkpt lat="50.352122" lon="2.575652"><ele>93.5</ele></trkpt>
   <trkpt lat="50.352056" lon="2.575863"><ele>93.5</ele></trkpt>
   <trkpt lat="50.351987" lon="2.57604"><ele>93</ele></trkpt>
   <trkpt lat="50.351943" lon="2.576155"><ele>93</ele></trkpt>
   <trkpt lat="50.351877" lon="2.576301"><ele>93</ele></trkpt>
   <trkpt lat="50.351751" lon="2.576545"><ele>93.25</ele></trkpt>
   <trkpt lat="50.351425" lon="2.577111"><ele>93.25</ele></trkpt>
   <trkpt lat="50.351251" lon="2.577383"><ele>93.25</ele></trkpt>
   <trkpt lat="50.351175" lon="2.577479"><ele>93</ele></trkpt>
   <trkpt lat="50.351006" lon="2.577673"><ele>93.5</ele></trkpt>
   <trkpt lat="50.350729" lon="2.577904"><ele>93.25</ele></trkpt>
   <trkpt lat="50.350569" lon="2.578023"><ele>93.75</ele></trkpt>
   <trkpt lat="50.350471" lon="2.578129"><ele>94</ele></trkpt>
   <trkpt lat="50.350389" lon="2.57824"><ele>93.75</ele></trkpt>
   <trkpt lat="50.350332" lon="2.578373"><ele>93.75</ele></trkpt>
   <trkpt lat="50.350296" lon="2.578451"><ele>93.5</ele></trkpt>
   <trkpt lat="50.350217" lon="2.578725"><ele>93</ele></trkpt>
   <trkpt lat="50.350167" lon="2.578938"><ele>93.25</ele></trkpt>
   <trkpt lat="50.350177" lon="2.579374"><ele>93</ele></trkpt>
   <trkpt lat="50.350178" lon="2.579713"><ele>93</ele></trkpt>
   <trkpt lat="50.350182" lon="2.58021"><ele>93</ele></trkpt>
   <trkpt lat="50.35018" lon="2.580626"><ele>92.25</ele></trkpt>
   <trkpt lat="50.350173" lon="2.581009"><ele>92</ele></trkpt>
   <trkpt lat="50.350167" lon="2.581137"><ele>92</ele></trkpt>
   <trkpt lat="50.350162" lon="2.581326"><ele>92</ele></trkpt>
   <trkpt lat="50.35016" lon="2.581388"><ele>92</ele></trkpt>
   <trkpt lat="50.350113" lon="2.58223"><ele>92.5</ele></trkpt>
   <trkpt lat="50.350073" lon="2.582428"><ele>92</ele></trkpt>
   <trkpt lat="50.350021" lon="2.582598"><ele>92</ele></trkpt>
   <trkpt lat="50.349977" lon="2.582702"><ele>92</ele></trkpt>
   <trkpt lat="50.349921" lon="2.582841"><ele>92.25</ele></trkpt>
   <trkpt lat="50.350102" lon="2.582985"><ele>92</ele></trkpt>
   <trkpt lat="50.350224" lon="2.583182"><ele>92</ele></trkpt>
   <trkpt lat="50.350393" lon="2.583458"><ele>92.25</ele></trkpt>
   <trkpt lat="50.350507" lon="2.583674"><ele>92</ele></trkpt>
   <trkpt lat="50.350551" lon="2.583831"><ele>92</ele></trkpt>
   <trkpt lat="50.350585" lon="2.584019"><ele>92.5</ele></trkpt>
   <trkpt lat="50.350592" lon="2.584096"><ele>92.75</ele></trkpt>
   <trkpt lat="50.350622" lon="2.584399"><ele>93</ele></trkpt>
   <trkpt lat="50.350654" lon="2.584653"><ele>92.75</ele></trkpt>
   <trkpt lat="50.35054" lon="2.584707"><ele>93.25</ele></trkpt>
   <trkpt lat="50.35049" lon="2.584774"><ele>94.5</ele></trkpt>
   <trkpt lat="50.350216" lon="2.58531"><ele>98.75</ele></trkpt>
   <trkpt lat="50.350156" lon="2.58545"><ele>99.5</ele></trkpt>
   <trkpt lat="50.350057" lon="2.58567"><ele>101</ele></trkpt>
   <trkpt lat="50.349951" lon="2.586001"><ele>102.25</ele></trkpt>
   <trkpt lat="50.349761" lon="2.586814"><ele>105.75</ele></trkpt>
   <trkpt lat="50.349678" lon="2.587201"><ele>106</ele></trkpt>
   <trkpt lat="50.349665" lon="2.587256"><ele>106.25</ele></trkpt>
   <trkpt lat="50.349648" lon="2.587318"><ele>106.5</ele></trkpt>
   <trkpt lat="50.349617" lon="2.587436"><ele>107</ele></trkpt>
   <trkpt lat="50.349584" lon="2.587667"><ele>107.25</ele></trkpt>
   <trkpt lat="50.349542" lon="2.58809"><ele>107.75</ele></trkpt>
   <trkpt lat="50.349529" lon="2.588231"><ele>108.25</ele></trkpt>
   <trkpt lat="50.349487" lon="2.58883"><ele>107.5</ele></trkpt>
   <trkpt lat="50.349444" lon="2.588926"><ele>106.5</ele></trkpt>
   <trkpt lat="50.349377" lon="2.589004"><ele>107</ele></trkpt>
   <trkpt lat="50.349358" lon="2.589041"><ele>107</ele></trkpt>
   <trkpt lat="50.349336" lon="2.589065"><ele>107.25</ele></trkpt>
   <trkpt lat="50.349319" lon="2.589099"><ele>107.25</ele></trkpt>
   <trkpt lat="50.349311" lon="2.589139"><ele>107</ele></trkpt>
   <trkpt lat="50.349312" lon="2.589182"><ele>107</ele></trkpt>
   <trkpt lat="50.349322" lon="2.589222"><ele>107</ele></trkpt>
   <trkpt lat="50.34934" lon="2.589253"><ele>107</ele></trkpt>
   <trkpt lat="50.349363" lon="2.589274"><ele>106.75</ele></trkpt>
   <trkpt lat="50.349389" lon="2.589281"><ele>106.5</ele></trkpt>
   <trkpt lat="50.349416" lon="2.589275"><ele>106</ele></trkpt>
   <trkpt lat="50.349531" lon="2.589356"><ele>105.75</ele></trkpt>
   <trkpt lat="50.349605" lon="2.589429"><ele>104.75</ele></trkpt>
   <trkpt lat="50.349592" lon="2.589485"><ele>105.5</ele></trkpt>
   <trkpt lat="50.349591" lon="2.589593"><ele>107.25</ele></trkpt>
   <trkpt lat="50.349601" lon="2.590377"><ele>107.75</ele></trkpt>
   <trkpt lat="50.349651" lon="2.590807"><ele>104.5</ele></trkpt>
   <trkpt lat="50.349697" lon="2.591063"><ele>103.25</ele></trkpt>
   <trkpt lat="50.349779" lon="2.591528"><ele>103</ele></trkpt>
   <trkpt lat="50.349887" lon="2.591883"><ele>102.5</ele></trkpt>
   <trkpt lat="50.34993" lon="2.591986"><ele>101.75</ele></trkpt>
   <trkpt lat="50.349998" lon="2.592178"><ele>99.25</ele></trkpt>
   <trkpt lat="50.350163" lon="2.593005"><ele>97.25</ele></trkpt>
   <trkpt lat="50.350214" lon="2.593202"><ele>96.5</ele></trkpt>
   <trkpt lat="50.350252" lon="2.593525"><ele>96.25</ele></trkpt>
   <trkpt lat="50.350353" lon="2.594084"><ele>93.25</ele></trkpt>
   <trkpt lat="50.350396" lon="2.594256"><ele>92.75</ele></trkpt>
   <trkpt lat="50.350427" lon="2.59427"><ele>92.75</ele></trkpt>
   <trkpt lat="50.350423" lon="2.59445"><ele>92.25</ele></trkpt>
   <trkpt lat="50.350427" lon="2.594633"><ele>92.25</ele></trkpt>
   <trkpt lat="50.350477" lon="2.595464"><ele>92</ele></trkpt>
   <trkpt lat="50.350495" lon="2.595677"><ele>92.5</ele></trkpt>
   <trkpt lat="50.350705" lon="2.59662"><ele>93.75</ele></trkpt>
   <trkpt lat="50.350729" lon="2.596786"><ele>93.75</ele></trkpt>
   <trkpt lat="50.350723" lon="2.597258"><ele>94.5</ele></trkpt>
   <trkpt lat="50.350728" lon="2.598256"><ele>96.75</ele></trkpt>
   <trkpt lat="50.350724" lon="2.59872"><ele>97</ele></trkpt>
   <trkpt lat="50.350755" lon="2.599036"><ele>96.5</ele></trkpt>
   <trkpt lat="50.35081" lon="2.599256"><ele>96.25</ele></trkpt>
   <trkpt lat="50.350854" lon="2.599397"><ele>96.5</ele></trkpt>
   <trkpt lat="50.350958" lon="2.599702"><ele>96.5</ele></trkpt>
   <trkpt lat="50.351104" lon="2.600098"><ele>95</ele></trkpt>
   <trkpt lat="50.351205" lon="2.600448"><ele>95</ele></trkpt>
   <trkpt lat="50.351275" lon="2.60079"><ele>94.25</ele></trkpt>
   <trkpt lat="50.351379" lon="2.601379"><ele>94</ele></trkpt>
   <trkpt lat="50.351492" lon="2.602163"><ele>93</ele></trkpt>
   <trkpt lat="50.351509" lon="2.602327"><ele>92.75</ele></trkpt>
   <trkpt lat="50.351646" lon="2.603217"><ele>91.5</ele></trkpt>
   <trkpt lat="50.35176" lon="2.603977"><ele>91</ele></trkpt>
   <trkpt lat="50.351821" lon="2.604326"><ele>91</ele></trkpt>
   <trkpt lat="50.351857" lon="2.604482"><ele>90.75</ele></trkpt>
   <trkpt lat="50.351875" lon="2.604607"><ele>90.5</ele></trkpt>
   <trkpt lat="50.35191" lon="2.604715"><ele>90.25</ele></trkpt>
   <trkpt lat="50.352037" lon="2.604939"><ele>89.75</ele></trkpt>
   <trkpt lat="50.352057" lon="2.60497"><ele>89.75</ele></trkpt>
   <trkpt lat="50.352089" lon="2.604867"><ele>89.75</ele></trkpt>
   <trkpt lat="50.352151" lon="2.60479"><ele>89.25</ele></trkpt>
   <trkpt lat="50.352318" lon="2.604658"><ele>89</ele></trkpt>
   <trkpt lat="50.352685" lon="2.604622"><ele>88.25</ele></trkpt>
   <trkpt lat="50.353078" lon="2.604644"><ele>88.75</ele></trkpt>
   <trkpt lat="50.353101" lon="2.604644"><ele>88.75</ele></trkpt>
   <trkpt lat="50.353205" lon="2.604655"><ele>89.25</ele></trkpt>
   <trkpt lat="50.353352" lon="2.604653"><ele>90</ele></trkpt>
   <trkpt lat="50.353491" lon="2.604663"><ele>90</ele></trkpt>
   <trkpt lat="50.353531" lon="2.604658"><ele>90</ele></trkpt>
   <trkpt lat="50.3537" lon="2.604631"><ele>89.5</ele></trkpt>
   <trkpt lat="50.353967" lon="2.604547"><ele>89</ele></trkpt>
   <trkpt lat="50.353995" lon="2.60454"><ele>89</ele></trkpt>
   <trkpt lat="50.354109" lon="2.604534"><ele>88.75</ele></trkpt>
   <trkpt lat="50.354151" lon="2.604547"><ele>89</ele></trkpt>
   <trkpt lat="50.354306" lon="2.604658"><ele>89.5</ele></trkpt>
   <trkpt lat="50.354166" lon="2.605888"><ele>88</ele></trkpt>
   <trkpt lat="50.3541" lon="2.60626"><ele>88.75</ele></trkpt>
   <trkpt lat="50.354045" lon="2.606541"><ele>89.25</ele></trkpt>
   <trkpt lat="50.353918" lon="2.607104"><ele>88.75</ele></trkpt>
   <trkpt lat="50.353841" lon="2.607418"><ele>88.25</ele></trkpt>
   <trkpt lat="50.353587" lon="2.608145"><ele>88.25</ele></trkpt>
   <trkpt lat="50.353535" lon="2.608413"><ele>89</ele></trkpt>
   <trkpt lat="50.353481" lon="2.608777"><ele>89.75</ele></trkpt>
   <trkpt lat="50.3534" lon="2.609393"><ele>89.5</ele></trkpt>
   <trkpt lat="50.353279" lon="2.610101"><ele>87.25</ele></trkpt>
   <trkpt lat="50.353156" lon="2.61074"><ele>88</ele></trkpt>
   <trkpt lat="50.353045" lon="2.611259"><ele>87</ele></trkpt>
   <trkpt lat="50.352988" lon="2.611893"><ele>87</ele></trkpt>
   <trkpt lat="50.352968" lon="2.612182"><ele>87</ele></trkpt>
   <trkpt lat="50.352949" lon="2.612411"><ele>87</ele></trkpt>
   <trkpt lat="50.352945" lon="2.612573"><ele>87</ele></trkpt>
   <trkpt lat="50.352919" lon="2.612889"><ele>87</ele></trkpt>
   <trkpt lat="50.352904" lon="2.613512"><ele>87</ele></trkpt>
   <trkpt lat="50.352965" lon="2.613895"><ele>87</ele></trkpt>
   <trkpt lat="50.353036" lon="2.614166"><ele>87</ele></trkpt>
   <trkpt lat="50.353111" lon="2.614325"><ele>87.5</ele></trkpt>
   <trkpt lat="50.353282" lon="2.614606"><ele>87</ele></trkpt>
   <trkpt lat="50.353381" lon="2.614794"><ele>87.25</ele></trkpt>
   <trkpt lat="50.35348" lon="2.615152"><ele>88</ele></trkpt>
   <trkpt lat="50.353579" lon="2.615938"><ele>86.75</ele></trkpt>
   <trkpt lat="50.353639" lon="2.616307"><ele>86.5</ele></trkpt>
   <trkpt lat="50.353807" lon="2.617076"><ele>88.75</ele></trkpt>
   <trkpt lat="50.353848" lon="2.617318"><ele>88.75</ele></trkpt>
   <trkpt lat="50.35382" lon="2.617898"><ele>89.5</ele></trkpt>
   <trkpt lat="50.353764" lon="2.618586"><ele>88.5</ele></trkpt>
   <trkpt lat="50.353632" lon="2.619109"><ele>87</ele></trkpt>
   <trkpt lat="50.353433" lon="2.619723"><ele>87.25</ele></trkpt>
   <trkpt lat="50.353246" lon="2.620257"><ele>87</ele></trkpt>
   <trkpt lat="50.353193" lon="2.620478"><ele>87.5</ele></trkpt>
   <trkpt lat="50.353143" lon="2.62079"><ele>89.25</ele></trkpt>
   <trkpt lat="50.353135" lon="2.621127"><ele>92.25</ele></trkpt>
   <trkpt lat="50.353208" lon="2.622532"><ele>99.5</ele></trkpt>
   <trkpt lat="50.353226" lon="2.622809"><ele>100.5</ele></trkpt>
   <trkpt lat="50.353333" lon="2.624036"><ele>101.25</ele></trkpt>
   <trkpt lat="50.353453" lon="2.625201"><ele>101.75</ele></trkpt>
   <trkpt lat="50.353444" lon="2.625439"><ele>101.75</ele></trkpt>
   <trkpt lat="50.353332" lon="2.626354"><ele>103.75</ele></trkpt>
   <trkpt lat="50.353305" lon="2.626661"><ele>103.75</ele></trkpt>
   <trkpt lat="50.353221" lon="2.627199"><ele>105.5</ele></trkpt>
   <trkpt lat="50.353187" lon="2.62779"><ele>106.25</ele></trkpt>
   <trkpt lat="50.353167" lon="2.628359"><ele>107.25</ele></trkpt>
   <trkpt lat="50.353186" lon="2.628763"><ele>107.5</ele></trkpt>
   <trkpt lat="50.353237" lon="2.629547"><ele>108.5</ele></trkpt>
   <trkpt lat="50.353265" lon="2.629869"><ele>108</ele></trkpt>
   <trkpt lat="50.353268" lon="2.629916"><ele>108</ele></trkpt>
   <trkpt lat="50.353286" lon="2.630425"><ele>107.25</ele></trkpt>
   <trkpt lat="50.353286" lon="2.630844"><ele>106</ele></trkpt>
   <trkpt lat="50.353279" lon="2.631097"><ele>106</ele></trkpt>
   <trkpt lat="50.353286" lon="2.631386"><ele>105</ele></trkpt>
   <trkpt lat="50.353293" lon="2.632588"><ele>102.75</ele></trkpt>
   <trkpt lat="50.35332" lon="2.632867"><ele>102.75</ele></trkpt>
   <trkpt lat="50.353334" lon="2.633221"><ele>102.25</ele></trkpt>
   <trkpt lat="50.353464" lon="2.6338"><ele>102.25</ele></trkpt>
   <trkpt lat="50.353567" lon="2.63409"><ele>102.25</ele></trkpt>
   <trkpt lat="50.353703" lon="2.634616"><ele>101.75</ele></trkpt>
   <trkpt lat="50.353731" lon="2.634948"><ele>101.75</ele></trkpt>
   <trkpt lat="50.353724" lon="2.635184"><ele>101.75</ele></trkpt>
   <trkpt lat="50.353676" lon="2.635506"><ele>101.25</ele></trkpt>
   <trkpt lat="50.353621" lon="2.635785"><ele>99.25</ele></trkpt>
   <trkpt lat="50.353567" lon="2.63615"><ele>98</ele></trkpt>
   <trkpt lat="50.353541" lon="2.636198"><ele>98.25</ele></trkpt>
   <trkpt lat="50.353501" lon="2.636239"><ele>98.25</ele></trkpt>
   <trkpt lat="50.353462" lon="2.636335"><ele>98.75</ele></trkpt>
   <trkpt lat="50.353385" lon="2.636582"><ele>99.25</ele></trkpt>
   <trkpt lat="50.353344" lon="2.636751"><ele>99</ele></trkpt>
   <trkpt lat="50.35332" lon="2.636933"><ele>98.75</ele></trkpt>
   <trkpt lat="50.353331" lon="2.637004"><ele>98.75</ele></trkpt>
   <trkpt lat="50.353296" lon="2.637121"><ele>98</ele></trkpt>
   <trkpt lat="50.353245" lon="2.637566"><ele>98.5</ele></trkpt>
   <trkpt lat="50.353224" lon="2.637872"><ele>98.5</ele></trkpt>
   <trkpt lat="50.353214" lon="2.638269"><ele>97.75</ele></trkpt>
   <trkpt lat="50.353176" lon="2.638854"><ele>96.75</ele></trkpt>
   <trkpt lat="50.353173" lon="2.639036"><ele>96.5</ele></trkpt>
   <trkpt lat="50.35319" lon="2.639422"><ele>96.25</ele></trkpt>
   <trkpt lat="50.35321" lon="2.639567"><ele>96.25</ele></trkpt>
   <trkpt lat="50.353231" lon="2.639932"><ele>96</ele></trkpt>
   <trkpt lat="50.353234" lon="2.64012"><ele>95.75</ele></trkpt>
   <trkpt lat="50.353245" lon="2.640238"><ele>96</ele></trkpt>
   <trkpt lat="50.353248" lon="2.641048"><ele>93.75</ele></trkpt>
   <trkpt lat="50.353263" lon="2.641431"><ele>93.5</ele></trkpt>
   <trkpt lat="50.35325" lon="2.64194"><ele>93.75</ele></trkpt>
   <trkpt lat="50.353201" lon="2.642295"><ele>95.75</ele></trkpt>
   <trkpt lat="50.353197" lon="2.642652"><ele>97.75</ele></trkpt>
   <trkpt lat="50.353169" lon="2.643038"><ele>99.5</ele></trkpt>
   <trkpt lat="50.35313" lon="2.643247"><ele>99.75</ele></trkpt>
   <trkpt lat="50.352718" lon="2.644068"><ele>101.5</ele></trkpt>
   <trkpt lat="50.352485" lon="2.644711"><ele>101.75</ele></trkpt>
   <trkpt lat="50.352341" lon="2.645184"><ele>102.25</ele></trkpt>
   <trkpt lat="50.352191" lon="2.645591"><ele>102</ele></trkpt>
   <trkpt lat="50.352033" lon="2.646171"><ele>102.5</ele></trkpt>
   <trkpt lat="50.351698" lon="2.647286"><ele>102.75</ele></trkpt>
   <trkpt lat="50.35165" lon="2.647501"><ele>102</ele></trkpt>
   <trkpt lat="50.351506" lon="2.647844"><ele>102.25</ele></trkpt>
   <trkpt lat="50.351195" lon="2.648485"><ele>100.75</ele></trkpt>
   <trkpt lat="50.350793" lon="2.64868"><ele>99.5</ele></trkpt>
   <trkpt lat="50.35027" lon="2.648976"><ele>97.5</ele></trkpt>
   <trkpt lat="50.348998" lon="2.649746"><ele>93.25</ele></trkpt>
   <trkpt lat="50.348781" lon="2.649851"><ele>92.5</ele></trkpt>
   <trkpt lat="50.348381" lon="2.650169"><ele>91.25</ele></trkpt>
   <trkpt lat="50.348155" lon="2.650447"><ele>90.5</ele></trkpt>
   <trkpt lat="50.34786" lon="2.650836"><ele>89.25</ele></trkpt>
   <trkpt lat="50.347767" lon="2.650947"><ele>88.75</ele></trkpt>
   <trkpt lat="50.347716" lon="2.650957"><ele>88.75</ele></trkpt>
   <trkpt lat="50.347601" lon="2.652011"><ele>87</ele></trkpt>
   <trkpt lat="50.347582" lon="2.652073"><ele>86.5</ele></trkpt>
   <trkpt lat="50.347544" lon="2.652138"><ele>85.75</ele></trkpt>
   <trkpt lat="50.347524" lon="2.652126"><ele>85.5</ele></trkpt>
   <trkpt lat="50.347493" lon="2.652138"><ele>85.25</ele></trkpt>
   <trkpt lat="50.347478" lon="2.652163"><ele>85.25</ele></trkpt>
   <trkpt lat="50.347473" lon="2.652192"><ele>85</ele></trkpt>
   <trkpt lat="50.347476" lon="2.652222"><ele>85</ele></trkpt>
   <trkpt lat="50.347486" lon="2.652247"><ele>85</ele></trkpt>
   <trkpt lat="50.347503" lon="2.652264"><ele>85</ele></trkpt>
   <trkpt lat="50.347522" lon="2.652268"><ele>85.25</ele></trkpt>
   <trkpt lat="50.34754" lon="2.652259"><ele>85.5</ele></trkpt>
   <trkpt lat="50.347561" lon="2.652457"><ele>85.75</ele></trkpt>
   <trkpt lat="50.347523" lon="2.653035"><ele>86</ele></trkpt>
   <trkpt lat="50.347523" lon="2.653208"><ele>86</ele></trkpt>
   <trkpt lat="50.347501" lon="2.653703"><ele>86.25</ele></trkpt>
   <trkpt lat="50.347484" lon="2.653755"><ele>86.25</ele></trkpt>
   <trkpt lat="50.34746" lon="2.654298"><ele>87.25</ele></trkpt>
   <trkpt lat="50.347452" lon="2.654507"><ele>88</ele></trkpt>
   <trkpt lat="50.347444" lon="2.654715"><ele>88</ele></trkpt>
   <trkpt lat="50.347441" lon="2.654789"><ele>88</ele></trkpt>
   <trkpt lat="50.347418" lon="2.654951"><ele>88</ele></trkpt>
   <trkpt lat="50.347403" lon="2.655175"><ele>88</ele></trkpt>
   <trkpt lat="50.347391" lon="2.655622"><ele>88</ele></trkpt>
   <trkpt lat="50.347383" lon="2.655704"><ele>88</ele></trkpt>
   <trkpt lat="50.34738" lon="2.655735"><ele>88</ele></trkpt>
   <trkpt lat="50.347372" lon="2.655787"><ele>88</ele></trkpt>
   <trkpt lat="50.347331" lon="2.656005"><ele>87.75</ele></trkpt>
   <trkpt lat="50.347328" lon="2.656026"><ele>87.75</ele></trkpt>
   <trkpt lat="50.347272" lon="2.656376"><ele>87.25</ele></trkpt>
   <trkpt lat="50.347098" lon="2.657337"><ele>86.5</ele></trkpt>
   <trkpt lat="50.346996" lon="2.658151"><ele>88.25</ele></trkpt>
   <trkpt lat="50.3469" lon="2.658837"><ele>89</ele></trkpt>
   <trkpt lat="50.346869" lon="2.659011"><ele>89.25</ele></trkpt>
   <trkpt lat="50.346792" lon="2.659311"><ele>89.5</ele></trkpt>
   <trkpt lat="50.346648" lon="2.659811"><ele>88.75</ele></trkpt>
   <trkpt lat="50.346543" lon="2.660225"><ele>89</ele></trkpt>
   <trkpt lat="50.346449" lon="2.660688"><ele>87.75</ele></trkpt>
   <trkpt lat="50.346379" lon="2.66117"><ele>86.75</ele></trkpt>
   <trkpt lat="50.34635" lon="2.661408"><ele>86.75</ele></trkpt>
   <trkpt lat="50.346283" lon="2.662107"><ele>85.25</ele></trkpt>
   <trkpt lat="50.346282" lon="2.662447"><ele>84.5</ele></trkpt>
   <trkpt lat="50.346327" lon="2.663138"><ele>83.25</ele></trkpt>
   <trkpt lat="50.346375" lon="2.663605"><ele>82.75</ele></trkpt>
   <trkpt lat="50.346432" lon="2.663997"><ele>82.75</ele></trkpt>
   <trkpt lat="50.346512" lon="2.66459"><ele>82.25</ele></trkpt>
   <trkpt lat="50.346553" lon="2.664983"><ele>82.75</ele></trkpt>
   <trkpt lat="50.346577" lon="2.665625"><ele>84.25</ele></trkpt>
   <trkpt lat="50.346579" lon="2.665997"><ele>84.5</ele></trkpt>
   <trkpt lat="50.346566" lon="2.666127"><ele>84.5</ele></trkpt>
   <trkpt lat="50.346526" lon="2.666357"><ele>84.75</ele></trkpt>
   <trkpt lat="50.346517" lon="2.666411"><ele>84.75</ele></trkpt>
   <trkpt lat="50.346111" lon="2.667602"><ele>82.75</ele></trkpt>
   <trkpt lat="50.345618" lon="2.668965"><ele>84.25</ele></trkpt>
   <trkpt lat="50.345382" lon="2.6696"><ele>85.75</ele></trkpt>
   <trkpt lat="50.345294" lon="2.66979"><ele>86.25</ele></trkpt>
   <trkpt lat="50.345209" lon="2.669918"><ele>86</ele></trkpt>
   <trkpt lat="50.345111" lon="2.669981"><ele>85.5</ele></trkpt>
   <trkpt lat="50.344565" lon="2.670195"><ele>83.5</ele></trkpt>
   <trkpt lat="50.344255" lon="2.670346"><ele>82.5</ele></trkpt>
   <trkpt lat="50.343744" lon="2.670579"><ele>81</ele></trkpt>
   <trkpt lat="50.343413" lon="2.670797"><ele>79.5</ele></trkpt>
   <trkpt lat="50.343062" lon="2.671019"><ele>78</ele></trkpt>
   <trkpt lat="50.343009" lon="2.671081"><ele>77.75</ele></trkpt>
   <trkpt lat="50.342953" lon="2.671182"><ele>77.5</ele></trkpt>
   <trkpt lat="50.342887" lon="2.671325"><ele>77.25</ele></trkpt>
   <trkpt lat="50.342862" lon="2.671451"><ele>77.25</ele></trkpt>
   <trkpt lat="50.342734" lon="2.671963"><ele>76.75</ele></trkpt>
   <trkpt lat="50.342632" lon="2.672445"><ele>76.75</ele></trkpt>
   <trkpt lat="50.342581" lon="2.672974"><ele>76.5</ele></trkpt>
   <trkpt lat="50.342497" lon="2.673727"><ele>76</ele></trkpt>
   <trkpt lat="50.342343" lon="2.674425"><ele>76.25</ele></trkpt>
   <trkpt lat="50.342308" lon="2.674695"><ele>76.25</ele></trkpt>
   <trkpt lat="50.342287" lon="2.67494"><ele>76</ele></trkpt>
   <trkpt lat="50.342315" lon="2.675263"><ele>76.75</ele></trkpt>
   <trkpt lat="50.342423" lon="2.675857"><ele>76.5</ele></trkpt>
   <trkpt lat="50.342633" lon="2.67686"><ele>76.25</ele></trkpt>
   <trkpt lat="50.342656" lon="2.677018"><ele>76.25</ele></trkpt>
   <trkpt lat="50.342681" lon="2.677353"><ele>76</ele></trkpt>
   <trkpt lat="50.342691" lon="2.677577"><ele>76</ele></trkpt>
   <trkpt lat="50.342704" lon="2.677767"><ele>76.25</ele></trkpt>
   <trkpt lat="50.342719" lon="2.677871"><ele>76</ele></trkpt>
   <trkpt lat="50.342834" lon="2.678231"><ele>75.75</ele></trkpt>
   <trkpt lat="50.342873" lon="2.67846"><ele>75.5</ele></trkpt>
   <trkpt lat="50.342929" lon="2.679223"><ele>77</ele></trkpt>
   <trkpt lat="50.342962" lon="2.679508"><ele>77</ele></trkpt>
   <trkpt lat="50.343052" lon="2.679804"><ele>77.25</ele></trkpt>
   <trkpt lat="50.343186" lon="2.680211"><ele>78</ele></trkpt>
   <trkpt lat="50.343236" lon="2.680414"><ele>78</ele></trkpt>
   <trkpt lat="50.343319" lon="2.680687"><ele>77.75</ele></trkpt>
   <trkpt lat="50.343373" lon="2.680643"><ele>78.25</ele></trkpt>
   <trkpt lat="50.343646" lon="2.680258"><ele>79.25</ele></trkpt>
   <trkpt lat="50.343794" lon="2.680078"><ele>80</ele></trkpt>
   <trkpt lat="50.344089" lon="2.679771"><ele>82</ele></trkpt>
   <trkpt lat="50.344161" lon="2.679734"><ele>82</ele></trkpt>
   <trkpt lat="50.344208" lon="2.679733"><ele>82.25</ele></trkpt>
   <trkpt lat="50.344613" lon="2.679756"><ele>85.25</ele></trkpt>
   <trkpt lat="50.344755" lon="2.679735"><ele>86.5</ele></trkpt>
   <trkpt lat="50.344739" lon="2.679977"><ele>87</ele></trkpt>
   <trkpt lat="50.344716" lon="2.68016"><ele>87.5</ele></trkpt>
   <trkpt lat="50.344683" lon="2.680387"><ele>88</ele></trkpt>
   <trkpt lat="50.344621" lon="2.680714"><ele>88.25</ele></trkpt>
   <trkpt lat="50.344596" lon="2.681058"><ele>88</ele></trkpt>
   <trkpt lat="50.344601" lon="2.681474"><ele>87</ele></trkpt>
   <trkpt lat="50.3447" lon="2.68201"><ele>87</ele></trkpt>
   <trkpt lat="50.344794" lon="2.682413"><ele>86</ele></trkpt>
   <trkpt lat="50.344919" lon="2.683031"><ele>84.5</ele></trkpt>
   <trkpt lat="50.345026" lon="2.683496"><ele>79.75</ele></trkpt>
   <trkpt lat="50.345121" lon="2.683864"><ele>78.75</ele></trkpt>
   <trkpt lat="50.345353" lon="2.684778"><ele>76.5</ele></trkpt>
   <trkpt lat="50.345422" lon="2.685182"><ele>76.25</ele></trkpt>
   <trkpt lat="50.345437" lon="2.685486"><ele>76.5</ele></trkpt>
   <trkpt lat="50.345434" lon="2.685615"><ele>76.5</ele></trkpt>
   <trkpt lat="50.345407" lon="2.685944"><ele>76.5</ele></trkpt>
   <trkpt lat="50.345354" lon="2.686483"><ele>77</ele></trkpt>
   <trkpt lat="50.345305" lon="2.686594"><ele>77</ele></trkpt>
   <trkpt lat="50.345262" lon="2.686632"><ele>77</ele></trkpt>
   <trkpt lat="50.345217" lon="2.686687"><ele>77</ele></trkpt>
   <trkpt lat="50.344935" lon="2.68643"><ele>77</ele></trkpt>
   <trkpt lat="50.344798" lon="2.686315"><ele>76.5</ele></trkpt>
   <trkpt lat="50.34473" lon="2.686301"><ele>76.5</ele></trkpt>
   <trkpt lat="50.344685" lon="2.686292"><ele>76.5</ele></trkpt>
   <trkpt lat="50.344692" lon="2.68644"><ele>77</ele></trkpt>
   <trkpt lat="50.344676" lon="2.686738"><ele>78</ele></trkpt>
   <trkpt lat="50.344633" lon="2.686722"><ele>78</ele></trkpt>
   <trkpt lat="50.344567" lon="2.686726"><ele>78</ele></trkpt>
   <trkpt lat="50.344188" lon="2.686863"><ele>78.5</ele></trkpt>
   <trkpt lat="50.343923" lon="2.686902"><ele>78.5</ele></trkpt>
   <trkpt lat="50.343725" lon="2.686947"><ele>79</ele></trkpt>
   <trkpt lat="50.343573" lon="2.686983"><ele>79.25</ele></trkpt>
   <trkpt lat="50.343259" lon="2.687112"><ele>79.5</ele></trkpt>
   <trkpt lat="50.343004" lon="2.687262"><ele>80</ele></trkpt>
   <trkpt lat="50.342805" lon="2.687315"><ele>80</ele></trkpt>
   <trkpt lat="50.342667" lon="2.687286"><ele>79.25</ele></trkpt>
   <trkpt lat="50.342302" lon="2.687146"><ele>77.5</ele></trkpt>
   <trkpt lat="50.342164" lon="2.687079"><ele>76.75</ele></trkpt>
   <trkpt lat="50.342063" lon="2.687067"><ele>76.5</ele></trkpt>
   <trkpt lat="50.341811" lon="2.687087"><ele>75.75</ele></trkpt>
   <trkpt lat="50.341749" lon="2.687109"><ele>75.5</ele></trkpt>
   <trkpt lat="50.341472" lon="2.687336"><ele>75</ele></trkpt>
   <trkpt lat="50.341328" lon="2.68751"><ele>74.5</ele></trkpt>
   <trkpt lat="50.341187" lon="2.687763"><ele>75</ele></trkpt>
   <trkpt lat="50.34112" lon="2.687899"><ele>75</ele></trkpt>
   <trkpt lat="50.340946" lon="2.688432"><ele>75.25</ele></trkpt>
   <trkpt lat="50.340722" lon="2.689246"><ele>75.25</ele></trkpt>
   <trkpt lat="50.340635" lon="2.68948"><ele>74.75</ele></trkpt>
   <trkpt lat="50.340545" lon="2.68969"><ele>72.75</ele></trkpt>
   <trkpt lat="50.340315" lon="2.690189"><ele>74.25</ele></trkpt>
   <trkpt lat="50.34004" lon="2.690784"><ele>74</ele></trkpt>
   <trkpt lat="50.339953" lon="2.690958"><ele>73.5</ele></trkpt>
   <trkpt lat="50.339918" lon="2.691014"><ele>73.75</ele></trkpt>
   <trkpt lat="50.339826" lon="2.691103"><ele>73.5</ele></trkpt>
   <trkpt lat="50.339775" lon="2.69113"><ele>73.5</ele></trkpt>
   <trkpt lat="50.339568" lon="2.691198"><ele>73.5</ele></trkpt>
   <trkpt lat="50.339443" lon="2.691248"><ele>73.25</ele></trkpt>
   <trkpt lat="50.339134" lon="2.691436"><ele>73</ele></trkpt>
   <trkpt lat="50.339064" lon="2.69148"><ele>73</ele></trkpt>
   <trkpt lat="50.338915" lon="2.691553"><ele>72.5</ele></trkpt>
   <trkpt lat="50.338782" lon="2.691604"><ele>72.75</ele></trkpt>
   <trkpt lat="50.338719" lon="2.691588"><ele>72.5</ele></trkpt>
   <trkpt lat="50.33857" lon="2.691495"><ele>72.25</ele></trkpt>
   <trkpt lat="50.338467" lon="2.69144"><ele>72</ele></trkpt>
   <trkpt lat="50.338312" lon="2.691381"><ele>72</ele></trkpt>
   <trkpt lat="50.338143" lon="2.691385"><ele>72</ele></trkpt>
   <trkpt lat="50.337884" lon="2.691452"><ele>72</ele></trkpt>
   <trkpt lat="50.337807" lon="2.691484"><ele>72</ele></trkpt>
   <trkpt lat="50.337689" lon="2.691563"><ele>71.5</ele></trkpt>
   <trkpt lat="50.337544" lon="2.691701"><ele>71.25</ele></trkpt>
   <trkpt lat="50.337333" lon="2.691856"><ele>71.5</ele></trkpt>
   <trkpt lat="50.337275" lon="2.691881"><ele>71.75</ele></trkpt>
   <trkpt lat="50.337161" lon="2.691897"><ele>72.25</ele></trkpt>
   <trkpt lat="50.337076" lon="2.691884"><ele>73</ele></trkpt>
   <trkpt lat="50.336992" lon="2.691844"><ele>73.5</ele></trkpt>
   <trkpt lat="50.336842" lon="2.691749"><ele>73.5</ele></trkpt>
   <trkpt lat="50.336613" lon="2.691525"><ele>72.75</ele></trkpt>
   <trkpt lat="50.336461" lon="2.69132"><ele>73</ele></trkpt>
   <trkpt lat="50.336219" lon="2.691059"><ele>74.25</ele></trkpt>
   <trkpt lat="50.336104" lon="2.690985"><ele>74.5</ele></trkpt>
   <trkpt lat="50.336" lon="2.690936"><ele>74.75</ele></trkpt>
   <trkpt lat="50.335848" lon="2.690921"><ele>75.25</ele></trkpt>
   <trkpt lat="50.335637" lon="2.690917"><ele>74.5</ele></trkpt>
   <trkpt lat="50.335553" lon="2.690888"><ele>74</ele></trkpt>
   <trkpt lat="50.335411" lon="2.690814"><ele>73.75</ele></trkpt>
   <trkpt lat="50.33525" lon="2.690708"><ele>73</ele></trkpt>
   <trkpt lat="50.334723" lon="2.690173"><ele>71.75</ele></trkpt>
   <trkpt lat="50.33453" lon="2.690033"><ele>71</ele></trkpt>
   <trkpt lat="50.334362" lon="2.689934"><ele>71.5</ele></trkpt>
   <trkpt lat="50.334031" lon="2.689767"><ele>71.75</ele></trkpt>
   <trkpt lat="50.333628" lon="2.689606"><ele>73</ele></trkpt>
   <trkpt lat="50.333451" lon="2.689523"><ele>72.5</ele></trkpt>
   <trkpt lat="50.333284" lon="2.689414"><ele>72.25</ele></trkpt>
   <trkpt lat="50.332703" lon="2.688976"><ele>72</ele></trkpt>
   <trkpt lat="50.332499" lon="2.688845"><ele>71.5</ele></trkpt>
   <trkpt lat="50.332393" lon="2.688796"><ele>71.25</ele></trkpt>
   <trkpt lat="50.332233" lon="2.688742"><ele>70.75</ele></trkpt>
   <trkpt lat="50.332101" lon="2.688725"><ele>70.75</ele></trkpt>
   <trkpt lat="50.332019" lon="2.688728"><ele>70.75</ele></trkpt>
   <trkpt lat="50.331934" lon="2.688735"><ele>70.75</ele></trkpt>
   <trkpt lat="50.331849" lon="2.688758"><ele>70.5</ele></trkpt>
   <trkpt lat="50.331664" lon="2.688842"><ele>70</ele></trkpt>
   <trkpt lat="50.331577" lon="2.688897"><ele>70</ele></trkpt>
   <trkpt lat="50.331426" lon="2.689038"><ele>70.5</ele></trkpt>
   <trkpt lat="50.331347" lon="2.689127"><ele>70.5</ele></trkpt>
   <trkpt lat="50.331135" lon="2.689414"><ele>70</ele></trkpt>
   <trkpt lat="50.331065" lon="2.689536"><ele>70.5</ele></trkpt>
   <trkpt lat="50.330896" lon="2.689897"><ele>70.75</ele></trkpt>
   <trkpt lat="50.330594" lon="2.690627"><ele>70.5</ele></trkpt>
   <trkpt lat="50.330447" lon="2.691"><ele>70.5</ele></trkpt>
   <trkpt lat="50.330269" lon="2.691581"><ele>70.5</ele></trkpt>
   <trkpt lat="50.330075" lon="2.692247"><ele>70.5</ele></trkpt>
   <trkpt lat="50.32962" lon="2.693709"><ele>70.25</ele></trkpt>
   <trkpt lat="50.32933" lon="2.694732"><ele>70</ele></trkpt>
   <trkpt lat="50.329206" lon="2.695099"><ele>70.5</ele></trkpt>
   <trkpt lat="50.329032" lon="2.6955"><ele>70.75</ele></trkpt>
   <trkpt lat="50.32872" lon="2.696121"><ele>70.5</ele></trkpt>
   <trkpt lat="50.328429" lon="2.696626"><ele>71</ele></trkpt>
   <trkpt lat="50.328218" lon="2.697017"><ele>71.25</ele></trkpt>
   <trkpt lat="50.327946" lon="2.697572"><ele>72</ele></trkpt>
   <trkpt lat="50.327848" lon="2.697767"><ele>72</ele></trkpt>
   <trkpt lat="50.327713" lon="2.698007"><ele>72.5</ele></trkpt>
   <trkpt lat="50.327488" lon="2.698376"><ele>74.25</ele></trkpt>
   <trkpt lat="50.327371" lon="2.698578"><ele>75.75</ele></trkpt>
   <trkpt lat="50.327185" lon="2.69888"><ele>76.75</ele></trkpt>
   <trkpt lat="50.326968" lon="2.699251"><ele>78.5</ele></trkpt>
   <trkpt lat="50.326654" lon="2.699747"><ele>80</ele></trkpt>
   <trkpt lat="50.326491" lon="2.700023"><ele>81</ele></trkpt>
   <trkpt lat="50.326527" lon="2.700333"><ele>82</ele></trkpt>
   <trkpt lat="50.326537" lon="2.700724"><ele>84</ele></trkpt>
   <trkpt lat="50.326535" lon="2.701065"><ele>84.5</ele></trkpt>
   <trkpt lat="50.326446" lon="2.702014"><ele>85.25</ele></trkpt>
   <trkpt lat="50.326371" lon="2.702623"><ele>84.75</ele></trkpt>
   <trkpt lat="50.326318" lon="2.702989"><ele>85</ele></trkpt>
   <trkpt lat="50.326182" lon="2.703705"><ele>83</ele></trkpt>
   <trkpt lat="50.326111" lon="2.70411"><ele>81.75</ele></trkpt>
   <trkpt lat="50.32609" lon="2.704236"><ele>81.5</ele></trkpt>
   <trkpt lat="50.326005" lon="2.704736"><ele>80</ele></trkpt>
   <trkpt lat="50.325929" lon="2.705168"><ele>79.75</ele></trkpt>
   <trkpt lat="50.325875" lon="2.705492"><ele>78.5</ele></trkpt>
   <trkpt lat="50.325867" lon="2.705546"><ele>78.25</ele></trkpt>
   <trkpt lat="50.325745" lon="2.705487"><ele>77.75</ele></trkpt>
   <trkpt lat="50.325712" lon="2.705466"><ele>77.75</ele></trkpt>
   <trkpt lat="50.325575" lon="2.705406"><ele>77.5</ele></trkpt>
   <trkpt lat="50.325406" lon="2.705362"><ele>76.75</ele></trkpt>
   <trkpt lat="50.325431" lon="2.705446"><ele>77</ele></trkpt>
   <trkpt lat="50.32545" lon="2.705575"><ele>77</ele></trkpt>
   <trkpt lat="50.325462" lon="2.705728"><ele>77.75</ele></trkpt>
   <trkpt lat="50.325466" lon="2.705891"><ele>78.5</ele></trkpt>
   <trkpt lat="50.325466" lon="2.706011"><ele>79</ele></trkpt>
   <trkpt lat="50.325444" lon="2.706135"><ele>79.5</ele></trkpt>
   <trkpt lat="50.325409" lon="2.706294"><ele>79.25</ele></trkpt>
   <trkpt lat="50.325352" lon="2.706463"><ele>79</ele></trkpt>
   <trkpt lat="50.325091" lon="2.707037"><ele>78.25</ele></trkpt>
   <trkpt lat="50.325005" lon="2.707197"><ele>78</ele></trkpt>
   <trkpt lat="50.324949" lon="2.707144"><ele>77.75</ele></trkpt>
   <trkpt lat="50.324621" lon="2.706879"><ele>75.25</ele></trkpt>
   <trkpt lat="50.324488" lon="2.706794"><ele>74.25</ele></trkpt>
   <trkpt lat="50.324288" lon="2.706687"><ele>72.75</ele></trkpt>
   <trkpt lat="50.324092" lon="2.706569"><ele>71</ele></trkpt>
   <trkpt lat="50.324027" lon="2.706527"><ele>70.25</ele></trkpt>
   <trkpt lat="50.324" lon="2.706606"><ele>70.5</ele></trkpt>
   <trkpt lat="50.323489" lon="2.707654"><ele>70.75</ele></trkpt>
   <trkpt lat="50.323363" lon="2.707932"><ele>71.25</ele></trkpt>
   <trkpt lat="50.323121" lon="2.708667"><ele>72.75</ele></trkpt>
   <trkpt lat="50.322645" lon="2.70845"><ele>70</ele></trkpt>
   <trkpt lat="50.322538" lon="2.70841"><ele>69.5</ele></trkpt>
   <trkpt lat="50.322494" lon="2.708427"><ele>69.25</ele></trkpt>
   <trkpt lat="50.322475" lon="2.708453"><ele>69.5</ele></trkpt>
   <trkpt lat="50.32246" lon="2.708504"><ele>69.75</ele></trkpt>
   <trkpt lat="50.322447" lon="2.708581"><ele>70</ele></trkpt>
   <trkpt lat="50.322359" lon="2.709119"><ele>72.75</ele></trkpt>
   <trkpt lat="50.32232" lon="2.709259"><ele>73.5</ele></trkpt>
   <trkpt lat="50.322278" lon="2.709355"><ele>73.75</ele></trkpt>
   <trkpt lat="50.322096" lon="2.709651"><ele>76</ele></trkpt>
   <trkpt lat="50.321918" lon="2.7099"><ele>76.5</ele></trkpt>
   <trkpt lat="50.321857" lon="2.709982"><ele>76.75</ele></trkpt>
   <trkpt lat="50.321755" lon="2.710117"><ele>77.25</ele></trkpt>
   <trkpt lat="50.321653" lon="2.710286"><ele>77</ele></trkpt>
   <trkpt lat="50.321617" lon="2.710359"><ele>77</ele></trkpt>
   <trkpt lat="50.321548" lon="2.710522"><ele>77.5</ele></trkpt>
   <trkpt lat="50.321426" lon="2.710907"><ele>76.25</ele></trkpt>
   <trkpt lat="50.321242" lon="2.711476"><ele>75.75</ele></trkpt>
   <trkpt lat="50.320991" lon="2.712284"><ele>74.5</ele></trkpt>
   <trkpt lat="50.320972" lon="2.712347"><ele>74.25</ele></trkpt>
   <trkpt lat="50.32091" lon="2.712542"><ele>74.25</ele></trkpt>
   <trkpt lat="50.320857" lon="2.712687"><ele>74</ele></trkpt>
   <trkpt lat="50.320823" lon="2.712757"><ele>73.75</ele></trkpt>
   <trkpt lat="50.320738" lon="2.7129"><ele>74.25</ele></trkpt>
   <trkpt lat="50.320622" lon="2.713055"><ele>74</ele></trkpt>
   <trkpt lat="50.320494" lon="2.713185"><ele>73.75</ele></trkpt>
   <trkpt lat="50.320414" lon="2.713254"><ele>73.5</ele></trkpt>
   <trkpt lat="50.320335" lon="2.713305"><ele>73.25</ele></trkpt>
   <trkpt lat="50.320244" lon="2.713351"><ele>72.75</ele></trkpt>
   <trkpt lat="50.320028" lon="2.713435"><ele>72</ele></trkpt>
   <trkpt lat="50.319347" lon="2.713609"><ele>70.75</ele></trkpt>
   <trkpt lat="50.31823" lon="2.713884"><ele>68.75</ele></trkpt>
   <trkpt lat="50.31801" lon="2.713942"><ele>68.75</ele></trkpt>
   <trkpt lat="50.317334" lon="2.714087"><ele>67.75</ele></trkpt>
   <trkpt lat="50.316452" lon="2.714288"><ele>66</ele></trkpt>
   <trkpt lat="50.315428" lon="2.714546"><ele>64.25</ele></trkpt>
   <trkpt lat="50.314968" lon="2.714644"><ele>63.75</ele></trkpt>
   <trkpt lat="50.314736" lon="2.714703"><ele>63</ele></trkpt>
   <trkpt lat="50.314321" lon="2.714845"><ele>62.75</ele></trkpt>
   <trkpt lat="50.314075" lon="2.714987"><ele>62.25</ele></trkpt>
   <trkpt lat="50.313878" lon="2.715135"><ele>61.25</ele></trkpt>
   <trkpt lat="50.313718" lon="2.715274"><ele>61.25</ele></trkpt>
   <trkpt lat="50.31357" lon="2.715426"><ele>61.25</ele></trkpt>
   <trkpt lat="50.313543" lon="2.715459"><ele>61</ele></trkpt>
   <trkpt lat="50.31347" lon="2.715542"><ele>60.75</ele></trkpt>
   <trkpt lat="50.313372" lon="2.715674"><ele>60.5</ele></trkpt>
   <trkpt lat="50.313274" lon="2.715832"><ele>60.75</ele></trkpt>
   <trkpt lat="50.313062" lon="2.716202"><ele>61</ele></trkpt>
   <trkpt lat="50.312902" lon="2.716451"><ele>61</ele></trkpt>
   <trkpt lat="50.312701" lon="2.716667"><ele>61.25</ele></trkpt>
   <trkpt lat="50.312645" lon="2.716693"><ele>61.5</ele></trkpt>
   <trkpt lat="50.312531" lon="2.716842"><ele>62.5</ele></trkpt>
   <trkpt lat="50.31246" lon="2.71701"><ele>63</ele></trkpt>
   <trkpt lat="50.312435" lon="2.717089"><ele>63.25</ele></trkpt>
   <trkpt lat="50.312416" lon="2.717194"><ele>63.75</ele></trkpt>
   <trkpt lat="50.312342" lon="2.717474"><ele>65</ele></trkpt>
   <trkpt lat="50.312343" lon="2.717506"><ele>65.25</ele></trkpt>
   <trkpt lat="50.312247" lon="2.717912"><ele>65.5</ele></trkpt>
   <trkpt lat="50.312188" lon="2.718134"><ele>66</ele></trkpt>
   <trkpt lat="50.312146" lon="2.71827"><ele>66</ele></trkpt>
   <trkpt lat="50.311999" lon="2.718601"><ele>66</ele></trkpt>
   <trkpt lat="50.311918" lon="2.718775"><ele>65.25</ele></trkpt>
   <trkpt lat="50.311878" lon="2.718926"><ele>64.25</ele></trkpt>
   <trkpt lat="50.31185" lon="2.719165"><ele>64.25</ele></trkpt>
   <trkpt lat="50.311849" lon="2.719202"><ele>63.5</ele></trkpt>
   <trkpt lat="50.311846" lon="2.719398"><ele>63.5</ele></trkpt>
   <trkpt lat="50.311851" lon="2.720018"><ele>63.5</ele></trkpt>
   <trkpt lat="50.311816" lon="2.720283"><ele>62.75</ele></trkpt>
   <trkpt lat="50.311801" lon="2.720481"><ele>62.25</ele></trkpt>
   <trkpt lat="50.311807" lon="2.720626"><ele>62.75</ele></trkpt>
   <trkpt lat="50.311817" lon="2.720665"><ele>63</ele></trkpt>
   <trkpt lat="50.311839" lon="2.7208"><ele>63.75</ele></trkpt>
   <trkpt lat="50.31186" lon="2.720912"><ele>64</ele></trkpt>
   <trkpt lat="50.31189" lon="2.721019"><ele>64.25</ele></trkpt>
   <trkpt lat="50.311959" lon="2.721263"><ele>64.5</ele></trkpt>
   <trkpt lat="50.311984" lon="2.72134"><ele>64.25</ele></trkpt>
   <trkpt lat="50.312064" lon="2.72165"><ele>63.75</ele></trkpt>
   <trkpt lat="50.31212" lon="2.721827"><ele>64.25</ele></trkpt>
   <trkpt lat="50.312219" lon="2.722102"><ele>65.25</ele></trkpt>
   <trkpt lat="50.312376" lon="2.722499"><ele>66</ele></trkpt>
   <trkpt lat="50.312566" lon="2.723006"><ele>66.25</ele></trkpt>
   <trkpt lat="50.312665" lon="2.723282"><ele>66.25</ele></trkpt>
   <trkpt lat="50.312696" lon="2.723396"><ele>66</ele></trkpt>
   <trkpt lat="50.312761" lon="2.723748"><ele>65.25</ele></trkpt>
   <trkpt lat="50.31278" lon="2.7239"><ele>64.75</ele></trkpt>
   <trkpt lat="50.312782" lon="2.723974"><ele>64.5</ele></trkpt>
   <trkpt lat="50.312762" lon="2.724075"><ele>64</ele></trkpt>
   <trkpt lat="50.312726" lon="2.72414"><ele>63.5</ele></trkpt>
   <trkpt lat="50.312672" lon="2.72422"><ele>63</ele></trkpt>
   <trkpt lat="50.31249" lon="2.724416"><ele>61</ele></trkpt>
   <trkpt lat="50.312417" lon="2.724451"><ele>60.5</ele></trkpt>
   <trkpt lat="50.31237" lon="2.724496"><ele>60.5</ele></trkpt>
   <trkpt lat="50.312332" lon="2.724542"><ele>60.25</ele></trkpt>
   <trkpt lat="50.312314" lon="2.724622"><ele>60.25</ele></trkpt>
   <trkpt lat="50.312311" lon="2.724704"><ele>60.25</ele></trkpt>
   <trkpt lat="50.312327" lon="2.724804"><ele>60.25</ele></trkpt>
   <trkpt lat="50.312427" lon="2.725141"><ele>60</ele></trkpt>
   <trkpt lat="50.312436" lon="2.725171"><ele>60</ele></trkpt>
   <trkpt lat="50.312484" lon="2.725344"><ele>60</ele></trkpt>
   <trkpt lat="50.312554" lon="2.725514"><ele>60</ele></trkpt>
   <trkpt lat="50.312645" lon="2.725784"><ele>60</ele></trkpt>
   <trkpt lat="50.313067" lon="2.727113"><ele>60</ele></trkpt>
   <trkpt lat="50.313096" lon="2.727261"><ele>60.25</ele></trkpt>
   <trkpt lat="50.313159" lon="2.727477"><ele>60.25</ele></trkpt>
   <trkpt lat="50.313218" lon="2.727686"><ele>60.25</ele></trkpt>
   <trkpt lat="50.313352" lon="2.728189"><ele>60</ele></trkpt>
   <trkpt lat="50.313394" lon="2.728318"><ele>60.25</ele></trkpt>
   <trkpt lat="50.313493" lon="2.728845"><ele>60</ele></trkpt>
   <trkpt lat="50.313546" lon="2.729187"><ele>60.5</ele></trkpt>
   <trkpt lat="50.313824" lon="2.730823"><ele>60.75</ele></trkpt>
   <trkpt lat="50.313847" lon="2.731084"><ele>60.75</ele></trkpt>
   <trkpt lat="50.31386" lon="2.731188"><ele>60.5</ele></trkpt>
   <trkpt lat="50.313967" lon="2.73167"><ele>60.25</ele></trkpt>
   <trkpt lat="50.314142" lon="2.732728"><ele>60</ele></trkpt>
   <trkpt lat="50.31424" lon="2.733374"><ele>60.25</ele></trkpt>
   <trkpt lat="50.314253" lon="2.733518"><ele>60.25</ele></trkpt>
   <trkpt lat="50.314257" lon="2.733661"><ele>60</ele></trkpt>
   <trkpt lat="50.314255" lon="2.733769"><ele>59.75</ele></trkpt>
   <trkpt lat="50.314238" lon="2.733897"><ele>59.5</ele></trkpt>
   <trkpt lat="50.314209" lon="2.73398"><ele>59.5</ele></trkpt>
   <trkpt lat="50.314129" lon="2.734361"><ele>60</ele></trkpt>
   <trkpt lat="50.314053" lon="2.734716"><ele>61.5</ele></trkpt>
   <trkpt lat="50.314037" lon="2.734863"><ele>62</ele></trkpt>
   <trkpt lat="50.313698" lon="2.736474"><ele>63.5</ele></trkpt>
   <trkpt lat="50.313635" lon="2.736911"><ele>63.25</ele></trkpt>
   <trkpt lat="50.313615" lon="2.73726"><ele>64</ele></trkpt>
   <trkpt lat="50.313618" lon="2.737541"><ele>64</ele></trkpt>
   <trkpt lat="50.313627" lon="2.737777"><ele>65</ele></trkpt>
   <trkpt lat="50.313675" lon="2.738333"><ele>65.5</ele></trkpt>
   <trkpt lat="50.313687" lon="2.738451"><ele>66</ele></trkpt>
   <trkpt lat="50.31373" lon="2.73898"><ele>67</ele></trkpt>
   <trkpt lat="50.313738" lon="2.739298"><ele>67.25</ele></trkpt>
   <trkpt lat="50.313739" lon="2.739325"><ele>67.25</ele></trkpt>
   <trkpt lat="50.313745" lon="2.739497"><ele>67.25</ele></trkpt>
   <trkpt lat="50.313743" lon="2.739776"><ele>67.25</ele></trkpt>
   <trkpt lat="50.313739" lon="2.739983"><ele>67.25</ele></trkpt>
   <trkpt lat="50.313702" lon="2.740218"><ele>68</ele></trkpt>
   <trkpt lat="50.313678" lon="2.740355"><ele>68</ele></trkpt>
   <trkpt lat="50.313659" lon="2.740354"><ele>68</ele></trkpt>
   <trkpt lat="50.313626" lon="2.740382"><ele>68</ele></trkpt>
   <trkpt lat="50.313611" lon="2.740436"><ele>67.75</ele></trkpt>
   <trkpt lat="50.313621" lon="2.740492"><ele>68</ele></trkpt>
   <trkpt lat="50.313505" lon="2.740687"><ele>67.75</ele></trkpt>
   <trkpt lat="50.313346" lon="2.740938"><ele>67</ele></trkpt>
   <trkpt lat="50.313206" lon="2.741169"><ele>66.5</ele></trkpt>
   <trkpt lat="50.313153" lon="2.741268"><ele>66.5</ele></trkpt>
   <trkpt lat="50.313079" lon="2.741438"><ele>66</ele></trkpt>
   <trkpt lat="50.313045" lon="2.741545"><ele>65.75</ele></trkpt>
   <trkpt lat="50.312962" lon="2.741953"><ele>64.5</ele></trkpt>
   <trkpt lat="50.312731" lon="2.743326"><ele>61.75</ele></trkpt>
   <trkpt lat="50.312716" lon="2.743471"><ele>61.75</ele></trkpt>
   <trkpt lat="50.312707" lon="2.743541"><ele>61.75</ele></trkpt>
   <trkpt lat="50.312671" lon="2.743656"><ele>62</ele></trkpt>
   <trkpt lat="50.312597" lon="2.743868"><ele>62.25</ele></trkpt>
   <trkpt lat="50.312525" lon="2.744052"><ele>63.25</ele></trkpt>
   <trkpt lat="50.312311" lon="2.744503"><ele>64.25</ele></trkpt>
   <trkpt lat="50.312276" lon="2.744605"><ele>64.5</ele></trkpt>
   <trkpt lat="50.312222" lon="2.744716"><ele>64.75</ele></trkpt>
   <trkpt lat="50.312007" lon="2.745092"><ele>63.75</ele></trkpt>
   <trkpt lat="50.311825" lon="2.745541"><ele>63.25</ele></trkpt>
   <trkpt lat="50.311785" lon="2.745603"><ele>62.75</ele></trkpt>
   <trkpt lat="50.311605" lon="2.745933"><ele>62</ele></trkpt>
   <trkpt lat="50.311449" lon="2.746249"><ele>60.75</ele></trkpt>
   <trkpt lat="50.311239" lon="2.746778"><ele>60.25</ele></trkpt>
   <trkpt lat="50.31113" lon="2.747037"><ele>60</ele></trkpt>
   <trkpt lat="50.311111" lon="2.747115"><ele>59.75</ele></trkpt>
   <trkpt lat="50.31106" lon="2.747222"><ele>59.75</ele></trkpt>
   <trkpt lat="50.31095" lon="2.747362"><ele>60</ele></trkpt>
   <trkpt lat="50.310529" lon="2.747757"><ele>59.75</ele></trkpt>
   <trkpt lat="50.310461" lon="2.747795"><ele>59.5</ele></trkpt>
   <trkpt lat="50.310393" lon="2.747874"><ele>59.75</ele></trkpt>
   <trkpt lat="50.310274" lon="2.748056"><ele>59.75</ele></trkpt>
   <trkpt lat="50.309832" lon="2.748933"><ele>59.25</ele></trkpt>
   <trkpt lat="50.309747" lon="2.74906"><ele>59</ele></trkpt>
   <trkpt lat="50.309694" lon="2.749113"><ele>58.75</ele></trkpt>
   <trkpt lat="50.309622" lon="2.749147"><ele>58.5</ele></trkpt>
   <trkpt lat="50.309098" lon="2.749227"><ele>58</ele></trkpt>
   <trkpt lat="50.309075" lon="2.749234"><ele>58</ele></trkpt>
   <trkpt lat="50.309003" lon="2.749266"><ele>58</ele></trkpt>
   <trkpt lat="50.308934" lon="2.749082"><ele>58</ele></trkpt>
   <trkpt lat="50.308904" lon="2.749002"><ele>58</ele></trkpt>
   <trkpt lat="50.308746" lon="2.748665"><ele>58.25</ele></trkpt>
   <trkpt lat="50.308655" lon="2.748431"><ele>58.75</ele></trkpt>
   <trkpt lat="50.30863" lon="2.748342"><ele>58.75</ele></trkpt>
   <trkpt lat="50.308618" lon="2.748297"><ele>58.75</ele></trkpt>
   <trkpt lat="50.308644" lon="2.748216"><ele>58.5</ele></trkpt>
   <trkpt lat="50.308608" lon="2.747875"><ele>58</ele></trkpt>
   <trkpt lat="50.308546" lon="2.747121"><ele>58.25</ele></trkpt>
   <trkpt lat="50.308476" lon="2.746374"><ele>58</ele></trkpt>
   <trkpt lat="50.308458" lon="2.746235"><ele>58</ele></trkpt>
   <trkpt lat="50.308428" lon="2.746067"><ele>58</ele></trkpt>
   <trkpt lat="50.30838" lon="2.745905"><ele>58</ele></trkpt>
   <trkpt lat="50.308326" lon="2.745758"><ele>58.25</ele></trkpt>
   <trkpt lat="50.308243" lon="2.745593"><ele>58.5</ele></trkpt>
   <trkpt lat="50.308135" lon="2.745422"><ele>58.5</ele></trkpt>
   <trkpt lat="50.30788" lon="2.745167"><ele>58.75</ele></trkpt>
   <trkpt lat="50.307735" lon="2.745064"><ele>58.75</ele></trkpt>
   <trkpt lat="50.307449" lon="2.744838"><ele>59</ele></trkpt>
   <trkpt lat="50.307382" lon="2.744784"><ele>59.25</ele></trkpt>
   <trkpt lat="50.307102" lon="2.744674"><ele>60</ele></trkpt>
   <trkpt lat="50.306985" lon="2.7446"><ele>60.25</ele></trkpt>
   <trkpt lat="50.306899" lon="2.744609"><ele>60.5</ele></trkpt>
   <trkpt lat="50.306819" lon="2.744618"><ele>60.75</ele></trkpt>
   <trkpt lat="50.306772" lon="2.744608"><ele>61</ele></trkpt>
   <trkpt lat="50.306746" lon="2.744671"><ele>60.75</ele></trkpt>
   <trkpt lat="50.306726" lon="2.744693"><ele>60.75</ele></trkpt>
   <trkpt lat="50.306576" lon="2.744791"><ele>61</ele></trkpt>
   <trkpt lat="50.306325" lon="2.745025"><ele>60.75</ele></trkpt>
   <trkpt lat="50.306243" lon="2.74512"><ele>60.25</ele></trkpt>
   <trkpt lat="50.306061" lon="2.74539"><ele>59.75</ele></trkpt>
   <trkpt lat="50.305975" lon="2.745439"><ele>59.5</ele></trkpt>
   <trkpt lat="50.305945" lon="2.745485"><ele>59.5</ele></trkpt>
   <trkpt lat="50.30592" lon="2.745526"><ele>59.25</ele></trkpt>
   <trkpt lat="50.305886" lon="2.745599"><ele>59</ele></trkpt>
   <trkpt lat="50.305876" lon="2.74562"><ele>59</ele></trkpt>
   <trkpt lat="50.305883" lon="2.745743"><ele>59.25</ele></trkpt>
   <trkpt lat="50.305879" lon="2.745783"><ele>59.25</ele></trkpt>
   <trkpt lat="50.305812" lon="2.746005"><ele>60</ele></trkpt>
   <trkpt lat="50.305854" lon="2.746057"><ele>59.75</ele></trkpt>
   <trkpt lat="50.3058" lon="2.746144"><ele>60</ele></trkpt>
   <trkpt lat="50.30576" lon="2.746225"><ele>60</ele></trkpt>
   <trkpt lat="50.305739" lon="2.746271"><ele>60</ele></trkpt>
   <trkpt lat="50.305702" lon="2.746315"><ele>60</ele></trkpt>
   <trkpt lat="50.305624" lon="2.746454"><ele>60.5</ele></trkpt>
   <trkpt lat="50.305274" lon="2.747018"><ele>62.25</ele></trkpt>
   <trkpt lat="50.305001" lon="2.747445"><ele>63.75</ele></trkpt>
   <trkpt lat="50.304665" lon="2.748003"><ele>64</ele></trkpt>
   <trkpt lat="50.304402" lon="2.748389"><ele>63.75</ele></trkpt>
   <trkpt lat="50.304188" lon="2.748672"><ele>62.75</ele></trkpt>
   <trkpt lat="50.303817" lon="2.749077"><ele>62.25</ele></trkpt>
   <trkpt lat="50.302972" lon="2.75008"><ele>59.75</ele></trkpt>
   <trkpt lat="50.302158" lon="2.751087"><ele>57.25</ele></trkpt>
   <trkpt lat="50.301984" lon="2.751297"><ele>57.75</ele></trkpt>
   <trkpt lat="50.301756" lon="2.751544"><ele>57.25</ele></trkpt>
   <trkpt lat="50.30127" lon="2.751956"><ele>57</ele></trkpt>
   <trkpt lat="50.301046" lon="2.752108"><ele>57.25</ele></trkpt>
   <trkpt lat="50.300212" lon="2.752653"><ele>57</ele></trkpt>
   <trkpt lat="50.300077" lon="2.752731"><ele>57</ele></trkpt>
   <trkpt lat="50.299851" lon="2.75287"><ele>57.25</ele></trkpt>
   <trkpt lat="50.299452" lon="2.753176"><ele>57.75</ele></trkpt>
   <trkpt lat="50.299361" lon="2.753258"><ele>58.25</ele></trkpt>
   <trkpt lat="50.299296" lon="2.753328"><ele>58.5</ele></trkpt>
   <trkpt lat="50.298981" lon="2.753713"><ele>59.75</ele></trkpt>
   <trkpt lat="50.298859" lon="2.7539"><ele>61</ele></trkpt>
   <trkpt lat="50.298662" lon="2.754308"><ele>61.5</ele></trkpt>
   <trkpt lat="50.298635" lon="2.754334"><ele>61.75</ele></trkpt>
   <trkpt lat="50.298619" lon="2.754334"><ele>61.75</ele></trkpt>
   <trkpt lat="50.298618" lon="2.754305"><ele>61.75</ele></trkpt>
   <trkpt lat="50.298594" lon="2.754235"><ele>62</ele></trkpt>
   <trkpt lat="50.298572" lon="2.754212"><ele>62.5</ele></trkpt>
   <trkpt lat="50.298541" lon="2.7542"><ele>62.75</ele></trkpt>
   <trkpt lat="50.29851" lon="2.754207"><ele>63.25</ele></trkpt>
   <trkpt lat="50.298482" lon="2.754232"><ele>63.5</ele></trkpt>
   <trkpt lat="50.298462" lon="2.754277"><ele>63.75</ele></trkpt>
   <trkpt lat="50.298455" lon="2.754331"><ele>63.75</ele></trkpt>
   <trkpt lat="50.298463" lon="2.754384"><ele>63.5</ele></trkpt>
   <trkpt lat="50.298485" lon="2.754427"><ele>63.25</ele></trkpt>
   <trkpt lat="50.298465" lon="2.754614"><ele>62.75</ele></trkpt>
   <trkpt lat="50.298418" lon="2.754749"><ele>62.5</ele></trkpt>
   <trkpt lat="50.298394" lon="2.754831"><ele>63</ele></trkpt>
   <trkpt lat="50.298291" lon="2.755177"><ele>65.25</ele></trkpt>
   <trkpt lat="50.298206" lon="2.75554"><ele>67.75</ele></trkpt>
   <trkpt lat="50.298074" lon="2.756455"><ele>67.75</ele></trkpt>
   <trkpt lat="50.298003" lon="2.757007"><ele>70.75</ele></trkpt>
   <trkpt lat="50.297951" lon="2.757386"><ele>72.25</ele></trkpt>
   <trkpt lat="50.297921" lon="2.757492"><ele>72.75</ele></trkpt>
   <trkpt lat="50.29786" lon="2.757842"><ele>73.25</ele></trkpt>
   <trkpt lat="50.297832" lon="2.757931"><ele>73.5</ele></trkpt>
   <trkpt lat="50.29779" lon="2.758006"><ele>73.75</ele></trkpt>
   <trkpt lat="50.297759" lon="2.758055"><ele>74</ele></trkpt>
   <trkpt lat="50.29773" lon="2.758102"><ele>74.25</ele></trkpt>
   <trkpt lat="50.297708" lon="2.75815"><ele>74.5</ele></trkpt>
   <trkpt lat="50.297674" lon="2.758294"><ele>74.75</ele></trkpt>
   <trkpt lat="50.297778" lon="2.759085"><ele>74.75</ele></trkpt>
   <trkpt lat="50.297869" lon="2.75979"><ele>75.25</ele></trkpt>
   <trkpt lat="50.297884" lon="2.759959"><ele>76</ele></trkpt>
   <trkpt lat="50.297889" lon="2.760138"><ele>76</ele></trkpt>
   <trkpt lat="50.297886" lon="2.760229"><ele>76</ele></trkpt>
   <trkpt lat="50.297859" lon="2.760515"><ele>75.75</ele></trkpt>
   <trkpt lat="50.297763" lon="2.760834"><ele>75</ele></trkpt>
   <trkpt lat="50.297701" lon="2.761013"><ele>76</ele></trkpt>
   <trkpt lat="50.297619" lon="2.7612"><ele>76.25</ele></trkpt>
   <trkpt lat="50.297534" lon="2.761366"><ele>76</ele></trkpt>
   <trkpt lat="50.297358" lon="2.761622"><ele>76.25</ele></trkpt>
   <trkpt lat="50.296953" lon="2.762132"><ele>77.25</ele></trkpt>
   <trkpt lat="50.296881" lon="2.762181"><ele>77</ele></trkpt>
   <trkpt lat="50.296777" lon="2.762318"><ele>77</ele></trkpt>
   <trkpt lat="50.296758" lon="2.762347"><ele>77</ele></trkpt>
   <trkpt lat="50.296722" lon="2.76241"><ele>77</ele></trkpt>
   <trkpt lat="50.29666" lon="2.762537"><ele>76.75</ele></trkpt>
   <trkpt lat="50.296609" lon="2.76265"><ele>76.75</ele></trkpt>
   <trkpt lat="50.296538" lon="2.762796"><ele>76.5</ele></trkpt>
   <trkpt lat="50.296486" lon="2.76293"><ele>76</ele></trkpt>
   <trkpt lat="50.296385" lon="2.763037"><ele>76</ele></trkpt>
   <trkpt lat="50.29617" lon="2.7633"><ele>75.25</ele></trkpt>
   <trkpt lat="50.295963" lon="2.763573"><ele>75</ele></trkpt>
   <trkpt lat="50.295914" lon="2.763637"><ele>74.75</ele></trkpt>
   <trkpt lat="50.295456" lon="2.764242"><ele>73.75</ele></trkpt>
   <trkpt lat="50.295412" lon="2.764301"><ele>73.75</ele></trkpt>
   <trkpt lat="50.295333" lon="2.764406"><ele>73.25</ele></trkpt>
   <trkpt lat="50.295192" lon="2.764592"><ele>73</ele></trkpt>
   <trkpt lat="50.294782" lon="2.765133"><ele>72</ele></trkpt>
   <trkpt lat="50.294744" lon="2.765184"><ele>72</ele></trkpt>
   <trkpt lat="50.294592" lon="2.765384"><ele>71.75</ele></trkpt>
   <trkpt lat="50.29454" lon="2.765453"><ele>71.5</ele></trkpt>
   <trkpt lat="50.293894" lon="2.766333"><ele>68</ele></trkpt>
   <trkpt lat="50.29386" lon="2.76639"><ele>68</ele></trkpt>
   <trkpt lat="50.293814" lon="2.766451"><ele>68</ele></trkpt>
   <trkpt lat="50.293542" lon="2.766829"><ele>66.25</ele></trkpt>
   <trkpt lat="50.293491" lon="2.766883"><ele>65.75</ele></trkpt>
   <trkpt lat="50.293452" lon="2.766943"><ele>65.25</ele></trkpt>
   <trkpt lat="50.293409" lon="2.767035"><ele>64.75</ele></trkpt>
   <trkpt lat="50.293156" lon="2.767621"><ele>62.75</ele></trkpt>
   <trkpt lat="50.293057" lon="2.767857"><ele>61.5</ele></trkpt>
   <trkpt lat="50.293045" lon="2.767888"><ele>61.5</ele></trkpt>
   <trkpt lat="50.293005" lon="2.767981"><ele>61.25</ele></trkpt>
   <trkpt lat="50.292939" lon="2.768162"><ele>61.25</ele></trkpt>
   <trkpt lat="50.292918" lon="2.768348"><ele>60.75</ele></trkpt>
   <trkpt lat="50.292905" lon="2.7684"><ele>60.75</ele></trkpt>
   <trkpt lat="50.292858" lon="2.76848"><ele>60.5</ele></trkpt>
   <trkpt lat="50.292584" lon="2.768943"><ele>59</ele></trkpt>
   <trkpt lat="50.29252" lon="2.769041"><ele>58.25</ele></trkpt>
   <trkpt lat="50.292307" lon="2.769334"><ele>57.5</ele></trkpt>
   <trkpt lat="50.291899" lon="2.769893"><ele>57</ele></trkpt>
   <trkpt lat="50.291846" lon="2.769973"><ele>57</ele></trkpt>
   <trkpt lat="50.291759" lon="2.770108"><ele>57</ele></trkpt>
   <trkpt lat="50.291706" lon="2.770193"><ele>57</ele></trkpt>
   <trkpt lat="50.291641" lon="2.770298"><ele>57</ele></trkpt>
   <trkpt lat="50.291533" lon="2.770498"><ele>57</ele></trkpt>
   <trkpt lat="50.291323" lon="2.770939"><ele>57.75</ele></trkpt>
   <trkpt lat="50.29129" lon="2.771017"><ele>58</ele></trkpt>
   <trkpt lat="50.2912" lon="2.771183"><ele>58.5</ele></trkpt>
   <trkpt lat="50.290974" lon="2.771547"><ele>59.25</ele></trkpt>
   <trkpt lat="50.290909" lon="2.771656"><ele>59.5</ele></trkpt>
   <trkpt lat="50.290474" lon="2.772487"><ele>62.25</ele></trkpt>
   <trkpt lat="50.290438" lon="2.772554"><ele>62.5</ele></trkpt>
   <trkpt lat="50.290422" lon="2.772585"><ele>62.5</ele></trkpt>
   <trkpt lat="50.290214" lon="2.773033"><ele>63</ele></trkpt>
   <trkpt lat="50.290189" lon="2.773088"><ele>63.25</ele></trkpt>
   <trkpt lat="50.290161" lon="2.773145"><ele>63.5</ele></trkpt>
   <trkpt lat="50.290204" lon="2.773188"><ele>63.5</ele></trkpt>
   <trkpt lat="50.290386" lon="2.773352"><ele>64.25</ele></trkpt>
   <trkpt lat="50.290439" lon="2.773385"><ele>64.5</ele></trkpt>
   <trkpt lat="50.290527" lon="2.773468"><ele>64.75</ele></trkpt>
   <trkpt lat="50.290645" lon="2.773556"><ele>65.25</ele></trkpt>
   <trkpt lat="50.290787" lon="2.773705"><ele>65.75</ele></trkpt>
   <trkpt lat="50.29096" lon="2.773861"><ele>66</ele></trkpt>
   <trkpt lat="50.291068" lon="2.773983"><ele>66</ele></trkpt>
   <trkpt lat="50.291183" lon="2.774108"><ele>65.5</ele></trkpt>
   <trkpt lat="50.291216" lon="2.774143"><ele>65.5</ele></trkpt>
   <trkpt lat="50.291797" lon="2.774749"><ele>68</ele></trkpt>
   <trkpt lat="50.291626" lon="2.775115"><ele>68.25</ele></trkpt>
   <trkpt lat="50.291577" lon="2.775152"><ele>68.5</ele></trkpt>
   <trkpt lat="50.291532" lon="2.775251"><ele>68.75</ele></trkpt>
   <trkpt lat="50.291305" lon="2.775753"><ele>69.5</ele></trkpt>
   <trkpt lat="50.291315" lon="2.775777"><ele>69.75</ele></trkpt>
   <trkpt lat="50.29131" lon="2.775817"><ele>69.75</ele></trkpt>
   <trkpt lat="50.291192" lon="2.776085"><ele>70</ele></trkpt>
   <trkpt lat="50.291188" lon="2.776129"><ele>70</ele></trkpt>
   <trkpt lat="50.291188" lon="2.776163"><ele>70</ele></trkpt>
   <trkpt lat="50.291188" lon="2.77623"><ele>70</ele></trkpt>
   <trkpt lat="50.291177" lon="2.776285"><ele>70</ele></trkpt>
   <trkpt lat="50.291133" lon="2.776376"><ele>69.75</ele></trkpt>
   <trkpt lat="50.290939" lon="2.776777"><ele>69.5</ele></trkpt>
   <trkpt lat="50.290912" lon="2.776812"><ele>69.5</ele></trkpt>
   <trkpt lat="50.290893" lon="2.776808"><ele>69.5</ele></trkpt>
   <trkpt lat="50.29089" lon="2.776964"><ele>70</ele></trkpt>
   <trkpt lat="50.290912" lon="2.777147"><ele>70</ele></trkpt>
   <trkpt lat="50.290866" lon="2.777278"><ele>70</ele></trkpt>
   <trkpt lat="50.290688" lon="2.77779"><ele>71</ele></trkpt>
  </trkseg>
 </trk>
</gpx>